problem;Teresina200n
useTBAS;0
run;seed;cost;time_ms
0;9176377229071207081;1456;10070762.251667
0,98,93,127,88,121,47,138,122,123,124,112,32,57,5,28,77,52,81,4,17,16,119,13,126,92,155,134,168,163,167,19,199,197,182,192,172,191,104,90,173,131,158,135,190,102,129,97,161,65,78,26,56,45,179,53,86,33,169,55,180,147,159,94,170,89,109,70,75,62,41,160,48,176,73,156,125,150,110,145,20,67,10,51,34,95,76,79,71,178,174,14,137,116,162,49,68,50,74,15,31,60,43,107,101,114,113,166,165,149,194,177,181,175,188,87,132,36,54,21,59,3,136,130,152,151,196,105,154,189,184,186,83,61,148,30,193,91,82,142,128,139,37,38,27,84,58,143,141,157,66,146,111,6,69,24,140,8,29,7,46,42,187,183,185,164,198,195,85,103,100,118,12,108,2,106,23,72,63,99,9,144,117,153,35,18,96,80,115,25,39,22,120,44,133,171,40,64,11,1
1,1,1,1,1,1,1,1,1,1,1,1,1,1,1,1,1,1,1,1,1,1,1,1,1,1,1,1,1,1,1,1,1,1,1,1,1,1,1,1,1,1,1,1,1,3,3,3,3,3,3,3,3,3,3,3,3,3,3,3,3,3,3,3,3,3,3,3,3,3,3,3,3,3,3,3,3,3,3,3,3,0,0,0,0,0,0,0,0,0,0,0,0,0,0,0,0,0,0,0,0,0,0,0,0,0,0,0,0,0,0,0,0,0,0,2,2,2,2,2,2,2,2,2,2,2,2,2,2,2,2,2,2,2,2,2,2,2,2,2,2,2,2,2,2,2,2,2,2,2,2,2,2,2,2,4,4,4,4,4,4,4,4,4,4,4,4,4,4,4,4,4,4,4,4,4,4,4,4,4,4,4,4,4,4,4,4,4,4,4,4,4,4,4,4,4,4,4,4,4
1;76241568449944305;1478;3287711.530875
0,121,104,191,113,173,131,158,92,127,106,124,32,57,19,28,126,105,167,163,199,197,192,90,123,52,81,55,98,93,155,134,168,135,138,16,17,5,10,26,190,175,178,4,96,76,108,144,130,146,133,174,72,47,140,117,187,183,198,164,185,25,39,23,153,12,64,44,101,2,48,51,22,14,99,9,29,1,11,3,8,115,120,35,24,103,100,118,116,137,31,15,74,43,60,50,68,49,114,88,162,87,194,177,188,181,71,112,166,79,95,34,46,20,165,145,13,78,41,86,33,169,97,89,109,70,75,53,180,147,159,94,119,110,129,102,156,128,160,85,179,150,73,176,40,56,45,67,62,170,125,171,172,143,141,161,149,193,184,189,182,195,196,80,186,27,38,37,142,61,139,77,36,148,91,107,65,69,6,83,42,157,30,59,58,66,154,151,152,122,136,82,132,63,84,21,54,18,111,7
1,1,1,1,1,1,1,1,1,1,1,1,1,1,1,1,1,1,1,1,1,1,1,1,1,1,1,1,1,1,1,1,1,1,1,1,1,1,1,1,1,1,1,4,4,4,4,4,4,4,4,4,4,4,4,4,4,4,4,4,4,4,4,4,4,4,4,4,4,4,4,4,4,4,4,4,4,4,4,4,4,4,4,4,4,4,4,0,0,0,0,0,0,0,0,0,0,0,0,0,0,0,0,0,0,0,0,0,0,0,0,0,0,0,0,3,3,3,3,3,3,3,3,3,3,3,3,3,3,3,3,3,3,3,3,3,3,3,3,3,3,3,3,3,3,3,3,3,3,3,3,3,3,3,3,2,2,2,2,2,2,2,2,2,2,2,2,2,2,2,2,2,2,2,2,2,2,2,2,2,2,2,2,2,2,2,2,2,2,2,2,2,2,2,2,2,2,2,2,2
2;11569656429252920891;1400;9793632.824417
0,121,16,17,5,168,50,57,77,52,123,55,127,106,124,26,10,1,28,19,199,197,135,155,72,81,4,32,173,98,126,122,191,125,158,131,190,112,138,92,104,90,192,163,167,149,171,100,118,35,96,80,115,23,51,47,140,133,3,8,39,14,146,134,153,117,130,144,25,101,18,48,2,11,9,99,22,12,64,44,120,42,108,63,184,187,183,185,164,174,178,175,188,87,165,116,194,177,181,71,74,43,162,31,15,68,49,137,88,107,166,113,114,93,95,76,79,34,46,20,29,60,24,69,40,111,105,154,157,151,152,82,142,83,6,59,58,84,27,193,30,38,37,54,21,132,61,189,182,186,65,196,195,198,36,136,66,139,91,148,169,94,103,97,7,119,110,129,89,170,41,86,33,109,102,179,141,143,128,160,85,156,145,13,78,150,53,180,172,147,159,62,67,45,56,176,73,75,70,161
1,1,1,1,1,1,1,1,1,1,1,1,1,1,1,1,1,1,1,1,1,1,1,1,1,1,1,1,1,1,1,1,1,1,1,1,1,1,1,1,1,1,1,1,1,4,4,4,4,4,4,4,4,4,4,4,4,4,4,4,4,4,4,4,4,4,4,4,4,4,4,4,4,4,4,4,4,4,4,4,4,4,4,4,4,4,4,4,4,0,0,0,0,0,0,0,0,0,0,0,0,0,0,0,0,0,0,0,0,0,0,0,0,0,0,0,0,0,0,0,0,0,2,2,2,2,2,2,2,2,2,2,2,2,2,2,2,2,2,2,2,2,2,2,2,2,2,2,2,2,2,2,2,2,2,2,2,2,2,3,3,3,3,3,3,3,3,3,3,3,3,3,3,3,3,3,3,3,3,3,3,3,3,3,3,3,3,3,3,3,3,3,3,3,3,3,3,3,3,3
3;8006770736520076435;1440;9976808.3755
0,41,86,33,169,97,103,85,160,128,156,125,145,20,114,102,150,40,78,176,73,170,89,129,55,67,62,161,94,45,56,159,70,75,53,180,13,109,65,142,61,139,66,152,157,27,38,37,143,141,154,83,148,111,136,91,107,63,84,58,198,151,110,146,82,184,189,182,195,196,105,186,80,193,30,132,21,54,6,69,36,121,47,168,17,4,81,32,167,16,155,134,173,113,191,158,131,190,112,124,88,127,93,98,19,28,77,10,5,26,123,52,119,90,104,92,126,122,138,135,199,172,192,163,197,183,194,116,137,79,71,178,175,177,181,188,87,162,149,165,76,95,43,60,31,15,68,49,50,74,57,166,34,179,147,174,185,164,171,130,144,100,153,117,118,12,108,120,72,115,23,64,24,140,133,44,48,9,96,25,101,18,59,99,14,106,187,42,46,2,11,3,51,35,39,22,29,7,8,1
3,3,3,3,3,3,3,3,3,3,3,3,3,3,3,3,3,3,3,3,3,3,3,3,3,3,3,3,3,3,3,3,3,3,3,3,3,3,2,2,2,2,2,2,2,2,2,2,2,2,2,2,2,2,2,2,2,2,2,2,2,2,2,2,2,2,2,2,2,2,2,2,2,2,2,2,2,2,2,2,1,1,1,1,1,1,1,1,1,1,1,1,1,1,1,1,1,1,1,1,1,1,1,1,1,1,1,1,1,1,1,1,1,1,1,1,1,1,1,1,1,1,1,1,1,0,0,0,0,0,0,0,0,0,0,0,0,0,0,0,0,0,0,0,0,0,0,0,0,0,0,0,0,0,0,4,4,4,4,4,4,4,4,4,4,4,4,4,4,4,4,4,4,4,4,4,4,4,4,4,4,4,4,4,4,4,4,4,4,4,4,4,4,4,4,4,4,4,4,4
4;10222608011239175760;1403;9907785.487458
0,121,4,17,16,167,163,192,197,199,32,57,19,28,5,10,1,168,43,81,26,77,52,124,36,155,93,98,127,88,126,92,104,190,131,125,191,122,138,135,158,90,173,113,123,65,107,58,143,141,196,151,152,154,105,186,182,189,198,82,132,80,148,76,157,111,136,21,84,83,142,66,91,146,61,193,30,59,40,69,6,139,27,38,37,54,24,60,50,137,116,188,87,165,149,162,147,194,177,178,49,68,15,74,31,20,29,109,71,79,95,34,166,112,114,41,170,55,180,172,179,85,160,33,169,97,70,103,94,129,89,145,110,119,117,161,53,150,56,45,67,62,86,73,78,159,7,75,13,181,195,175,176,128,156,102,153,100,144,130,22,14,99,9,115,25,39,35,46,42,184,187,183,185,134,171,164,174,106,18,101,2,11,3,8,72,47,140,133,48,96,12,64,44,120,108,63,118,23,51
1,1,1,1,1,1,1,1,1,1,1,1,1,1,1,1,1,1,1,1,1,1,1,1,1,1,1,1,1,1,1,1,1,1,1,1,1,1,1,1,1,1,1,1,1,2,2,2,2,2,2,2,2,2,2,2,2,2,2,2,2,2,2,2,2,2,2,2,2,2,2,2,2,2,2,2,2,2,2,2,2,2,2,2,2,2,0,0,0,0,0,0,0,0,0,0,0,0,0,0,0,0,0,0,0,0,0,0,0,0,0,0,0,0,3,3,3,3,3,3,3,3,3,3,3,3,3,3,3,3,3,3,3,3,3,3,3,3,3,3,3,3,3,3,3,3,3,3,3,3,3,3,3,3,3,4,4,4,4,4,4,4,4,4,4,4,4,4,4,4,4,4,4,4,4,4,4,4,4,4,4,4,4,4,4,4,4,4,4,4,4,4,4,4,4,4,4,4,4,4
5;83674907983555125;1390;9492412.17625
0,121,98,44,77,16,32,57,1,10,5,17,4,26,81,55,119,92,127,93,124,88,123,90,173,131,158,135,168,134,155,72,126,28,190,163,167,104,192,197,199,172,191,125,138,47,140,12,64,24,118,100,153,117,130,198,195,2,11,3,99,63,108,144,25,48,22,29,9,133,171,42,174,164,185,183,187,184,18,96,80,115,23,101,40,120,35,39,14,106,102,156,89,129,19,97,65,78,73,160,128,180,13,75,70,109,85,103,94,170,145,110,176,45,56,7,161,141,169,33,86,41,150,53,62,67,20,46,8,51,43,74,50,60,34,79,76,95,31,15,68,52,165,149,159,107,166,113,114,137,112,87,194,177,179,147,162,116,178,175,188,181,186,182,189,193,151,152,122,146,66,111,142,82,83,71,148,58,139,61,157,91,136,49,84,27,132,36,69,6,38,37,54,21,154,196,105,143,30,59
1,1,1,1,1,1,1,1,1,1,1,1,1,1,1,1,1,1,1,1,1,1,1,1,1,1,1,1,1,1,1,1,1,1,1,1,1,1,1,1,1,1,1,1,1,4,4,4,4,4,4,4,4,4,4,4,4,4,4,4,4,4,4,4,4,4,4,4,4,4,4,4,4,4,4,4,4,4,4,4,4,4,4,4,4,4,4,4,4,4,3,3,3,3,3,3,3,3,3,3,3,3,3,3,3,3,3,3,3,3,3,3,3,3,3,3,3,3,3,3,3,3,3,3,3,3,0,0,0,0,0,0,0,0,0,0,0,0,0,0,0,0,0,0,0,0,0,0,0,0,0,0,0,0,0,0,0,0,0,0,0,2,2,2,2,2,2,2,2,2,2,2,2,2,2,2,2,2,2,2,2,2,2,2,2,2,2,2,2,2,2,2,2,2,2,2,2,2,2,2
6;16633518659454552880;1390;9768194.276083
0,126,92,155,135,190,131,158,173,113,191,125,168,32,77,19,57,55,81,28,5,10,1,17,16,104,88,121,26,98,42,124,93,167,163,192,197,199,123,90,119,52,138,4,127,112,139,7,142,71,83,6,38,37,161,27,84,66,69,40,143,141,157,154,189,182,198,80,148,91,82,136,122,152,151,196,105,111,59,30,193,61,186,36,132,21,54,24,118,9,99,72,120,44,106,18,96,8,11,3,29,22,39,14,146,134,153,25,115,47,144,130,117,140,133,100,171,35,48,23,64,12,101,2,108,63,185,183,187,184,195,164,174,179,116,137,31,15,74,43,51,20,46,34,95,76,79,50,60,49,68,58,178,175,177,194,181,188,87,165,149,159,147,162,107,166,145,56,45,67,62,41,114,102,109,89,129,97,65,78,73,176,172,180,53,86,13,75,70,103,85,156,128,150,110,160,33,169,94,170
1,1,1,1,1,1,1,1,1,1,1,1,1,1,1,1,1,1,1,1,1,1,1,1,1,1,1,1,1,1,1,1,1,1,1,1,1,1,1,1,1,1,1,1,1,2,2,2,2,2,2,2,2,2,2,2,2,2,2,2,2,2,2,2,2,2,2,2,2,2,2,2,2,2,2,2,2,2,2,2,2,2,2,2,2,2,2,4,4,4,4,4,4,4,4,4,4,4,4,4,4,4,4,4,4,4,4,4,4,4,4,4,4,4,4,4,4,4,4,4,4,4,4,4,4,4,4,4,4,4,4,4,0,0,0,0,0,0,0,0,0,0,0,0,0,0,0,0,0,0,0,0,0,0,0,0,0,0,0,0,0,0,0,0,0,0,3,3,3,3,3,3,3,3,3,3,3,3,3,3,3,3,3,3,3,3,3,3,3,3,3,3,3,3,3,3,3,3,3,3
7;3348662810425028053;1412;9702333.755334
0,123,55,81,16,127,88,124,47,168,32,4,17,5,10,1,167,163,192,104,92,119,114,126,57,77,52,158,131,191,122,138,28,19,190,175,199,197,93,98,173,90,121,26,155,36,132,54,21,152,157,61,136,58,84,66,139,91,189,182,186,105,154,83,148,6,69,40,59,30,107,37,38,27,193,151,196,195,198,82,142,111,146,42,51,8,46,2,115,23,39,14,106,80,96,25,171,117,153,24,64,35,9,99,63,72,101,12,118,100,144,130,18,48,108,44,133,140,3,11,29,22,184,187,183,185,164,174,134,178,31,15,79,76,188,177,194,87,95,34,60,43,74,50,68,49,112,166,113,165,135,137,116,159,149,162,147,180,172,125,156,128,160,120,129,41,94,181,13,86,73,176,110,170,89,145,20,56,45,103,70,75,62,67,7,97,65,78,71,143,141,169,33,150,102,109,85,179,53,161
1,1,1,1,1,1,1,1,1,1,1,1,1,1,1,1,1,1,1,1,1,1,1,1,1,1,1,1,1,1,1,1,1,1,1,1,1,1,1,1,1,1,1,1,1,2,2,2,2,2,2,2,2,2,2,2,2,2,2,2,2,2,2,2,2,2,2,2,2,2,2,2,2,2,2,2,2,2,2,2,2,2,2,4,4,4,4,4,4,4,4,4,4,4,4,4,4,4,4,4,4,4,4,4,4,4,4,4,4,4,4,4,4,4,4,4,4,4,4,4,4,4,4,4,4,4,4,4,0,0,0,0,0,0,0,0,0,0,0,0,0,0,0,0,0,0,0,0,0,0,0,0,0,0,0,0,3,3,3,3,3,3,3,3,3,3,3,3,3,3,3,3,3,3,3,3,3,3,3,3,3,3,3,3,3,3,3,3,3,3,3,3,3,3,3,3,3,3,3,3
8;1625020296661546126;1413;9680424.605917
0,1,26,77,36,124,52,121,88,123,126,92,155,4,17,16,167,98,93,127,106,138,135,158,131,197,199,175,190,163,192,10,5,57,191,172,178,90,104,168,32,173,19,28,81,55,74,50,60,43,51,15,31,12,29,20,46,34,95,76,79,162,116,194,149,165,166,113,188,87,112,137,49,68,37,198,183,187,184,134,153,117,140,47,72,63,99,14,144,130,40,115,120,22,9,133,171,100,118,48,108,42,174,164,185,44,101,23,59,2,11,8,39,35,18,96,25,64,24,103,70,75,62,67,45,56,176,161,97,179,41,86,33,156,125,150,53,181,177,180,78,71,170,89,129,102,109,13,145,110,119,94,159,147,169,73,114,85,160,128,139,107,58,143,141,142,91,189,61,146,66,132,80,148,83,82,84,27,111,105,154,30,193,3,157,151,152,122,136,21,54,7,38,6,69,65,186,182,195,196
1,1,1,1,1,1,1,1,1,1,1,1,1,1,1,1,1,1,1,1,1,1,1,1,1,1,1,1,1,1,1,1,1,1,1,1,1,1,1,1,1,1,1,1,1,0,0,0,0,0,0,0,0,0,0,0,0,0,0,0,0,0,0,0,0,0,0,0,0,0,0,0,0,0,4,4,4,4,4,4,4,4,4,4,4,4,4,4,4,4,4,4,4,4,4,4,4,4,4,4,4,4,4,4,4,4,4,4,4,4,4,4,4,4,4,4,4,4,4,3,3,3,3,3,3,3,3,3,3,3,3,3,3,3,3,3,3,3,3,3,3,3,3,3,3,3,3,3,3,3,3,3,3,3,3,3,3,3,3,2,2,2,2,2,2,2,2,2,2,2,2,2,2,2,2,2,2,2,2,2,2,2,2,2,2,2,2,2,2,2,2,2,2,2,2,2,2,2,2,2
9;8722260422266777814;1406;9986894.598833
0,1,10,5,26,104,102,124,93,98,55,81,28,190,172,191,19,173,90,192,163,167,16,17,4,155,135,199,197,52,77,57,32,168,125,131,158,112,138,92,126,122,123,88,121,47,140,133,115,44,120,108,42,51,23,64,35,101,12,118,100,103,9,144,130,171,134,153,25,96,18,48,2,11,3,8,39,14,106,72,99,22,174,164,185,183,187,184,7,29,24,54,21,136,36,148,80,196,65,107,139,91,193,61,154,105,186,182,189,198,66,157,141,143,40,69,63,146,83,71,142,82,132,30,59,84,27,38,37,111,6,31,20,60,43,46,34,95,79,15,74,50,49,68,58,165,87,194,177,178,147,162,149,159,151,188,76,166,113,137,116,145,110,119,94,114,33,169,152,160,85,156,128,150,161,97,179,53,180,56,45,67,62,109,70,75,13,86,41,170,117,127,129,89,195,78,73,176,175,181
1,1,1,1,1,1,1,1,1,1,1,1,1,1,1,1,1,1,1,1,1,1,1,1,1,1,1,1,1,1,1,1,1,1,1,1,1,1,1,1,1,1,1,1,1,4,4,4,4,4,4,4,4,4,4,4,4,4,4,4,4,4,4,4,4,4,4,4,4,4,4,4,4,4,4,4,4,4,4,4,4,4,4,4,4,4,4,4,4,4,2,2,2,2,2,2,2,2,2,2,2,2,2,2,2,2,2,2,2,2,2,2,2,2,2,2,2,2,2,2,2,2,2,2,2,2,2,2,2,2,0,0,0,0,0,0,0,0,0,0,0,0,0,0,0,0,0,0,0,0,0,0,0,0,0,0,0,0,0,0,0,3,3,3,3,3,3,3,3,3,3,3,3,3,3,3,3,3,3,3,3,3,3,3,3,3,3,3,3,3,3,3,3,3,3,3,3,3,3,3
10;18422523289718600251;1406;9987361.814708
0,77,26,5,10,7,104,102,124,93,127,92,155,134,138,135,168,43,121,36,190,163,192,172,199,197,125,191,122,126,19,28,158,131,173,32,57,52,123,4,17,16,167,90,119,112,139,128,152,151,198,189,182,195,196,82,132,80,186,66,69,6,38,37,161,105,154,157,27,84,58,143,59,83,146,71,142,91,107,30,193,61,148,111,40,54,21,136,98,153,100,144,117,130,1,11,3,8,96,12,48,2,106,44,120,22,46,18,101,23,115,108,42,184,187,183,185,164,171,133,140,47,72,63,99,9,35,39,25,64,24,118,14,174,113,166,76,95,79,81,159,116,162,88,137,49,68,15,31,74,29,20,51,50,60,34,188,87,165,149,194,177,175,178,145,114,85,103,45,56,78,65,97,129,89,109,62,67,55,169,147,180,53,150,70,75,13,181,94,179,41,86,33,156,141,176,73,160,110,170
1,1,1,1,1,1,1,1,1,1,1,1,1,1,1,1,1,1,1,1,1,1,1,1,1,1,1,1,1,1,1,1,1,1,1,1,1,1,1,1,1,1,1,1,1,2,2,2,2,2,2,2,2,2,2,2,2,2,2,2,2,2,2,2,2,2,2,2,2,2,2,2,2,2,2,2,2,2,2,2,2,2,2,2,2,2,2,2,4,4,4,4,4,4,4,4,4,4,4,4,4,4,4,4,4,4,4,4,4,4,4,4,4,4,4,4,4,4,4,4,4,4,4,4,4,4,4,4,4,4,4,4,4,0,0,0,0,0,0,0,0,0,0,0,0,0,0,0,0,0,0,0,0,0,0,0,0,0,0,0,0,0,0,0,3,3,3,3,3,3,3,3,3,3,3,3,3,3,3,3,3,3,3,3,3,3,3,3,3,3,3,3,3,3,3,3,3,3,3,3
11;12120595211417451604;1404;9462505.897333
0,10,167,52,77,36,190,135,155,92,138,4,17,16,104,35,81,72,127,90,126,122,158,173,113,197,199,163,192,32,57,47,121,26,5,168,88,191,19,28,123,55,98,93,124,102,114,85,156,128,160,147,180,172,179,7,169,125,170,41,129,97,103,70,75,62,67,45,56,176,73,78,13,86,33,109,89,161,150,53,181,94,119,110,145,87,165,166,131,188,107,49,68,43,60,50,74,15,31,29,20,46,34,95,79,137,112,162,149,159,71,178,175,177,194,116,118,63,133,140,117,130,40,96,18,101,12,48,25,51,23,64,14,174,164,185,183,187,184,42,195,100,171,134,153,8,39,3,99,1,11,2,108,120,44,115,9,22,144,106,24,54,21,59,27,38,37,142,65,198,182,189,193,82,83,146,30,186,105,196,151,152,76,139,66,84,58,143,141,157,154,91,148,80,132,61,69,6,111,136
1,1,1,1,1,1,1,1,1,1,1,1,1,1,1,1,1,1,1,1,1,1,1,1,1,1,1,1,1,1,1,1,1,1,1,1,1,1,1,1,1,1,1,1,1,3,3,3,3,3,3,3,3,3,3,3,3,3,3,3,3,3,3,3,3,3,3,3,3,3,3,3,3,3,3,3,3,3,3,3,3,3,3,3,0,0,0,0,0,0,0,0,0,0,0,0,0,0,0,0,0,0,0,0,0,0,0,0,0,0,0,0,0,0,0,0,4,4,4,4,4,4,4,4,4,4,4,4,4,4,4,4,4,4,4,4,4,4,4,4,4,4,4,4,4,4,4,4,4,4,4,4,4,4,4,4,4,4,4,4,2,2,2,2,2,2,2,2,2,2,2,2,2,2,2,2,2,2,2,2,2,2,2,2,2,2,2,2,2,2,2,2,2,2,2,2,2,2,2,2
12;11180516292616150398;1413;9593789.026792
0,77,16,17,4,123,90,173,113,191,172,192,163,167,32,155,134,168,5,10,1,57,19,28,119,112,127,93,124,102,190,183,199,197,131,158,135,138,122,126,92,104,121,26,81,43,74,50,49,60,31,15,68,52,188,58,166,165,149,159,88,137,116,194,147,162,79,76,95,34,178,174,14,118,100,153,98,108,44,51,47,144,130,185,164,171,133,140,12,101,3,39,23,48,96,80,106,35,120,115,25,64,24,29,8,11,2,46,42,187,184,18,22,72,99,9,145,56,45,103,85,109,70,75,55,67,62,86,33,94,170,110,129,89,161,117,160,128,180,177,181,195,125,156,150,53,179,141,169,41,114,13,78,73,176,40,97,65,107,91,157,154,30,38,37,59,139,66,146,82,111,27,84,63,69,6,83,186,175,193,61,148,71,142,7,54,21,132,36,136,87,189,182,198,151,152,20,143,105,196
1,1,1,1,1,1,1,1,1,1,1,1,1,1,1,1,1,1,1,1,1,1,1,1,1,1,1,1,1,1,1,1,1,1,1,1,1,1,1,1,1,1,1,1,1,0,0,0,0,0,0,0,0,0,0,0,0,0,0,0,0,0,0,0,0,0,0,0,0,0,0,4,4,4,4,4,4,4,4,4,4,4,4,4,4,4,4,4,4,4,4,4,4,4,4,4,4,4,4,4,4,4,4,4,4,4,4,4,4,4,4,4,4,4,4,4,3,3,3,3,3,3,3,3,3,3,3,3,3,3,3,3,3,3,3,3,3,3,3,3,3,3,3,3,3,3,3,3,3,3,3,3,3,3,3,3,3,2,2,2,2,2,2,2,2,2,2,2,2,2,2,2,2,2,2,2,2,2,2,2,2,2,2,2,2,2,2,2,2,2,2,2,2,2,2,2,2,2,2,2
13;13235578871255005297;1410;9828909.950416
0,1,10,5,57,55,81,4,17,16,26,126,35,77,28,104,167,90,173,113,199,172,192,163,197,134,155,135,158,131,190,92,127,93,124,106,138,47,121,88,123,122,191,32,168,43,60,20,31,15,74,50,137,79,159,149,165,87,188,34,95,76,166,112,114,49,68,52,178,177,194,116,162,147,174,108,44,120,115,118,100,153,117,130,146,133,63,99,9,96,22,39,23,101,2,11,8,64,12,72,14,46,7,29,3,51,18,48,140,98,185,164,171,42,184,187,183,198,195,24,69,6,38,27,59,58,84,61,157,141,143,80,196,151,152,30,107,139,91,193,189,182,186,105,154,21,136,83,142,82,132,66,111,37,54,36,148,150,161,89,145,128,176,175,180,53,86,33,160,85,109,70,75,73,78,71,129,102,156,125,170,110,119,19,97,65,144,25,56,45,103,94,169,13,181,40,62,67,41,179
1,1,1,1,1,1,1,1,1,1,1,1,1,1,1,1,1,1,1,1,1,1,1,1,1,1,1,1,1,1,1,1,1,1,1,1,1,1,1,1,1,1,1,1,1,0,0,0,0,0,0,0,0,0,0,0,0,0,0,0,0,0,0,0,0,0,0,0,0,0,0,0,0,0,4,4,4,4,4,4,4,4,4,4,4,4,4,4,4,4,4,4,4,4,4,4,4,4,4,4,4,4,4,4,4,4,4,4,4,4,4,4,4,4,4,4,4,4,4,2,2,2,2,2,2,2,2,2,2,2,2,2,2,2,2,2,2,2,2,2,2,2,2,2,2,2,2,2,2,2,2,2,2,2,2,2,3,3,3,3,3,3,3,3,3,3,3,3,3,3,3,3,3,3,3,3,3,3,3,3,3,3,3,3,3,3,3,3,3,3,3,3,3,3,3,3,3,3,3,3
14;17784125318686945540;1409;7215909.117625
0,98,167,104,168,135,138,112,158,102,190,44,57,32,16,17,4,121,90,192,163,199,197,131,191,113,173,88,123,122,126,92,127,72,155,93,124,52,81,28,1,10,5,26,77,36,132,30,143,80,186,105,154,189,182,198,66,84,27,38,21,152,157,141,142,82,136,83,6,69,24,54,14,61,148,71,146,111,37,139,91,193,151,196,65,107,166,58,60,50,68,49,114,137,79,76,95,87,188,165,149,194,177,175,178,116,162,43,74,15,31,51,34,46,42,103,18,96,12,64,25,39,35,187,184,106,48,174,164,185,183,195,100,118,63,133,140,47,59,99,9,29,22,120,108,55,101,23,115,2,11,8,3,153,134,171,117,130,144,89,109,70,75,62,170,20,67,45,56,7,119,19,97,169,33,160,110,129,41,86,73,78,13,145,53,181,94,159,147,180,172,179,85,156,125,150,128,176,40,161
1,1,1,1,1,1,1,1,1,1,1,1,1,1,1,1,1,1,1,1,1,1,1,1,1,1,1,1,1,1,1,1,1,1,1,1,1,1,1,1,1,1,1,1,1,2,2,2,2,2,2,2,2,2,2,2,2,2,2,2,2,2,2,2,2,2,2,2,2,2,2,2,2,2,2,2,2,2,2,2,2,2,2,2,2,0,0,0,0,0,0,0,0,0,0,0,0,0,0,0,0,0,0,0,0,0,0,0,0,0,0,0,0,0,4,4,4,4,4,4,4,4,4,4,4,4,4,4,4,4,4,4,4,4,4,4,4,4,4,4,4,4,4,4,4,4,4,4,4,4,4,4,4,4,4,4,4,4,4,3,3,3,3,3,3,3,3,3,3,3,3,3,3,3,3,3,3,3,3,3,3,3,3,3,3,3,3,3,3,3,3,3,3,3,3,3,3,3,3,3
15;15956506419893335137;1398;9851785.315167
0,10,5,26,4,17,16,81,55,123,52,77,36,121,47,138,135,168,93,155,92,126,32,57,19,28,127,88,173,90,124,112,158,131,190,182,192,172,191,125,197,199,163,167,104,43,74,46,68,49,162,116,194,177,178,175,188,165,149,159,114,113,166,34,95,76,79,15,31,60,50,51,20,38,37,107,30,193,61,189,151,196,105,154,21,84,27,59,6,83,186,65,69,40,143,58,139,66,137,71,146,87,132,80,198,82,136,122,152,157,111,142,91,148,54,24,64,22,14,99,63,108,98,115,25,153,134,171,42,174,164,185,183,187,184,48,2,106,118,100,144,130,133,140,12,96,18,72,44,101,23,39,35,9,29,8,3,11,1,120,89,109,85,103,70,75,7,56,180,147,169,141,161,117,119,94,45,67,62,156,128,160,33,86,13,78,176,73,179,41,170,110,145,53,181,195,150,102,129,97
1,1,1,1,1,1,1,1,1,1,1,1,1,1,1,1,1,1,1,1,1,1,1,1,1,1,1,1,1,1,1,1,1,1,1,1,1,1,1,1,1,1,1,1,1,0,0,0,0,0,0,0,0,0,0,0,0,0,0,0,0,0,0,0,0,0,0,0,0,0,0,0,2,2,2,2,2,2,2,2,2,2,2,2,2,2,2,2,2,2,2,2,2,2,2,2,2,2,2,2,2,2,2,2,2,2,2,2,2,2,2,2,2,2,2,4,4,4,4,4,4,4,4,4,4,4,4,4,4,4,4,4,4,4,4,4,4,4,4,4,4,4,4,4,4,4,4,4,4,4,4,4,4,4,4,4,4,4,4,4,3,3,3,3,3,3,3,3,3,3,3,3,3,3,3,3,3,3,3,3,3,3,3,3,3,3,3,3,3,3,3,3,3,3,3,3,3,3,3,3
16;2899130862535483918;1411;10013793.244
0,1,28,19,173,113,191,125,126,90,167,16,17,4,138,192,163,197,199,135,190,131,158,112,124,36,155,93,127,72,81,55,123,104,92,168,50,57,32,121,52,77,26,5,10,6,31,15,74,58,166,49,68,43,60,20,46,34,95,76,79,162,88,159,149,194,177,178,165,188,116,145,13,78,40,75,73,129,102,114,119,110,160,147,180,172,181,150,53,86,41,143,128,156,85,109,70,103,56,45,67,62,161,94,169,33,176,175,179,97,89,170,71,148,111,136,98,66,139,37,38,54,14,83,186,91,157,141,154,105,146,30,59,35,132,21,152,151,193,61,142,82,137,87,189,182,198,195,196,65,107,27,84,63,69,24,64,12,96,80,106,23,39,3,51,47,140,122,153,100,118,44,120,108,42,174,130,117,144,9,99,115,184,183,187,164,185,134,171,133,22,18,48,25,101,2,11,8,7,29
1,1,1,1,1,1,1,1,1,1,1,1,1,1,1,1,1,1,1,1,1,1,1,1,1,1,1,1,1,1,1,1,1,1,1,1,1,1,1,1,1,1,1,1,1,0,0,0,0,0,0,0,0,0,0,0,0,0,0,0,0,0,0,0,0,0,0,0,0,0,0,3,3,3,3,3,3,3,3,3,3,3,3,3,3,3,3,3,3,3,3,3,3,3,3,3,3,3,3,3,3,3,3,3,3,3,3,3,3,3,3,3,2,2,2,2,2,2,2,2,2,2,2,2,2,2,2,2,2,2,2,2,2,2,2,2,2,2,2,2,2,2,2,2,2,2,2,2,2,2,2,2,2,2,2,4,4,4,4,4,4,4,4,4,4,4,4,4,4,4,4,4,4,4,4,4,4,4,4,4,4,4,4,4,4,4,4,4,4,4,4,4,4,4,4,4,4,4,4,4
17;11850605890185619915;1406;8325955.129208
0,126,92,104,173,88,121,90,167,16,17,4,127,55,81,72,123,52,119,28,1,10,5,26,77,57,32,190,131,192,163,168,125,191,172,197,199,135,155,93,124,102,158,112,138,47,64,12,96,25,48,101,44,174,42,184,187,183,185,164,171,134,153,98,140,117,118,100,103,76,108,120,115,130,133,63,99,3,29,22,14,106,23,39,8,11,2,46,18,35,24,54,36,157,66,139,80,148,91,107,27,84,58,143,105,196,151,152,122,146,71,142,83,154,189,182,198,82,136,21,132,61,193,30,186,111,59,40,69,37,38,6,166,113,114,49,68,137,116,79,95,34,74,15,31,20,51,50,60,43,162,87,194,177,188,175,178,165,149,159,147,180,53,145,13,86,9,56,45,109,85,156,150,161,70,75,7,67,62,33,41,129,110,160,128,144,89,195,181,94,169,141,179,19,176,97,65,78,73,170
1,1,1,1,1,1,1,1,1,1,1,1,1,1,1,1,1,1,1,1,1,1,1,1,1,1,1,1,1,1,1,1,1,1,1,1,1,1,1,1,1,1,1,1,1,4,4,4,4,4,4,4,4,4,4,4,4,4,4,4,4,4,4,4,4,4,4,4,4,4,4,4,4,4,4,4,4,4,4,4,4,4,4,4,4,4,4,4,4,4,2,2,2,2,2,2,2,2,2,2,2,2,2,2,2,2,2,2,2,2,2,2,2,2,2,2,2,2,2,2,2,2,2,2,2,2,2,2,2,2,2,0,0,0,0,0,0,0,0,0,0,0,0,0,0,0,0,0,0,0,0,0,0,0,0,0,0,0,0,0,3,3,3,3,3,3,3,3,3,3,3,3,3,3,3,3,3,3,3,3,3,3,3,3,3,3,3,3,3,3,3,3,3,3,3,3,3,3,3,3
18;13353388233111958045;1422;8477680.834
0,77,10,5,26,124,93,155,28,19,190,163,167,90,192,182,197,199,172,191,122,126,43,168,135,138,112,158,131,173,32,57,81,4,17,16,119,52,121,88,123,55,127,92,104,102,129,110,160,33,86,41,97,70,161,150,125,156,147,180,53,75,62,109,13,78,73,176,56,45,67,20,169,141,145,89,195,181,85,179,94,170,47,51,14,99,63,72,18,96,8,7,29,9,118,106,44,101,12,64,1,120,108,48,22,46,35,39,25,115,2,11,3,153,134,140,133,171,23,103,100,144,117,187,184,185,164,174,178,175,188,177,194,149,159,116,162,87,165,107,166,113,114,71,74,15,31,60,50,137,79,76,95,34,68,49,132,130,157,151,152,128,139,66,98,27,84,58,36,148,80,196,65,186,183,189,198,30,193,91,82,136,83,142,61,146,42,143,105,154,21,54,24,69,40,111,37,38,6,59
1,1,1,1,1,1,1,1,1,1,1,1,1,1,1,1,1,1,1,1,1,1,1,1,1,1,1,1,1,1,1,1,1,1,1,1,1,1,1,1,1,1,1,1,1,3,3,3,3,3,3,3,3,3,3,3,3,3,3,3,3,3,3,3,3,3,3,3,3,3,3,3,3,3,3,3,3,3,3,3,3,3,4,4,4,4,4,4,4,4,4,4,4,4,4,4,4,4,4,4,4,4,4,4,4,4,4,4,4,4,4,4,4,4,4,4,4,4,4,4,4,4,4,4,4,4,4,0,0,0,0,0,0,0,0,0,0,0,0,0,0,0,0,0,0,0,0,0,0,0,0,0,0,0,0,2,2,2,2,2,2,2,2,2,2,2,2,2,2,2,2,2,2,2,2,2,2,2,2,2,2,2,2,2,2,2,2,2,2,2,2,2,2,2,2,2,2,2,2,2
19;6644193456908987648;1404;8287527.104584
0,77,52,119,55,158,173,32,57,19,28,126,16,121,88,123,127,92,190,131,191,98,93,124,42,81,4,17,5,10,1,26,197,199,192,134,155,135,138,168,104,90,167,163,166,165,149,174,178,175,177,194,116,162,112,114,43,74,60,50,68,49,137,79,15,31,29,20,46,34,95,87,188,145,161,147,159,70,109,53,181,94,169,33,97,7,56,45,67,62,86,41,170,40,78,13,75,73,176,128,160,110,180,172,179,85,156,102,129,89,143,125,150,113,136,30,59,37,111,27,38,6,69,65,107,58,84,21,54,36,157,61,139,66,186,105,154,189,182,195,196,141,142,71,91,193,151,152,122,146,83,82,132,80,148,24,106,72,47,51,35,120,115,14,39,25,171,76,103,9,99,63,133,140,117,153,12,108,22,18,48,2,11,3,64,23,101,8,96,44,184,187,183,185,164,198,130,144,100,118
1,1,1,1,1,1,1,1,1,1,1,1,1,1,1,1,1,1,1,1,1,1,1,1,1,1,1,1,1,1,1,1,1,1,1,1,1,1,1,1,1,1,1,0,0,0,0,0,0,0,0,0,0,0,0,0,0,0,0,0,0,0,0,0,0,0,0,0,0,0,0,0,0,3,3,3,3,3,3,3,3,3,3,3,3,3,3,3,3,3,3,3,3,3,3,3,3,3,3,3,3,3,3,3,3,3,3,3,3,3,3,3,3,2,2,2,2,2,2,2,2,2,2,2,2,2,2,2,2,2,2,2,2,2,2,2,2,2,2,2,2,2,2,2,2,2,2,2,2,2,2,2,2,2,2,4,4,4,4,4,4,4,4,4,4,4,4,4,4,4,4,4,4,4,4,4,4,4,4,4,4,4,4,4,4,4,4,4,4,4,4,4,4,4,4,4,4,4,4,4
20;9748498986499756733;1421;8132706.943292
0,77,36,121,19,124,93,127,88,123,4,17,16,81,26,126,104,92,119,52,158,131,173,172,192,163,190,135,197,199,113,191,122,155,134,168,5,28,1,57,32,167,90,112,138,47,144,117,130,174,185,164,195,198,98,171,133,140,106,120,108,42,46,8,96,35,18,183,187,115,44,48,25,64,22,9,99,14,39,23,101,55,103,100,118,3,11,2,72,153,102,129,89,161,70,75,62,170,73,86,56,7,67,45,109,94,169,33,160,41,114,85,156,125,150,53,180,147,159,65,97,179,13,78,181,175,176,128,145,178,49,68,50,74,15,79,76,166,165,188,177,194,149,162,116,34,95,43,51,20,29,12,31,10,60,24,54,21,38,37,146,83,71,148,80,137,110,132,87,189,182,186,105,154,141,143,40,69,6,59,30,193,91,139,61,142,82,152,151,196,66,157,111,136,58,107,27,84,63,184
1,1,1,1,1,1,1,1,1,1,1,1,1,1,1,1,1,1,1,1,1,1,1,1,1,1,1,1,1,1,1,1,1,1,1,1,1,1,1,1,1,1,1,1,1,4,4,4,4,4,4,4,4,4,4,4,4,4,4,4,4,4,4,4,4,4,4,4,4,4,4,4,4,4,4,4,4,4,4,4,4,4,4,4,4,4,4,4,4,4,3,3,3,3,3,3,3,3,3,3,3,3,3,3,3,3,3,3,3,3,3,3,3,3,3,3,3,3,3,3,3,3,3,3,3,3,3,3,0,0,0,0,0,0,0,0,0,0,0,0,0,0,0,0,0,0,0,0,0,0,0,0,0,0,0,2,2,2,2,2,2,2,2,2,2,2,2,2,2,2,2,2,2,2,2,2,2,2,2,2,2,2,2,2,2,2,2,2,2,2,2,2,2,2,2,2,2,2,2,2
21;9610614758425770644;1404;5516382.652709
0,126,28,19,173,113,191,122,123,88,121,36,155,90,167,16,17,4,81,35,104,92,119,52,77,57,32,192,197,199,163,190,131,158,112,127,93,124,26,1,10,5,168,135,138,43,95,76,178,175,177,194,116,137,50,60,58,166,34,188,87,165,149,162,79,15,31,74,49,68,37,39,11,2,101,25,96,18,46,44,51,48,12,108,63,118,100,171,174,164,187,183,185,134,153,24,64,8,29,22,120,72,47,144,117,130,146,133,140,14,99,9,115,23,106,184,189,182,195,196,66,157,91,139,107,65,152,82,136,61,69,40,84,21,54,42,143,141,142,71,132,30,59,3,38,6,111,154,105,186,80,198,151,193,27,98,83,148,180,172,147,159,89,145,110,176,73,109,70,75,53,181,94,41,114,85,103,45,56,20,78,13,169,7,170,62,67,55,86,33,160,128,156,125,150,161,97,129,102,179
1,1,1,1,1,1,1,1,1,1,1,1,1,1,1,1,1,1,1,1,1,1,1,1,1,1,1,1,1,1,1,1,1,1,1,1,1,1,1,1,1,1,1,1,1,0,0,0,0,0,0,0,0,0,0,0,0,0,0,0,0,0,0,0,0,0,0,0,0,0,4,4,4,4,4,4,4,4,4,4,4,4,4,4,4,4,4,4,4,4,4,4,4,4,4,4,4,4,4,4,4,4,4,4,4,4,4,4,4,4,4,4,4,4,4,2,2,2,2,2,2,2,2,2,2,2,2,2,2,2,2,2,2,2,2,2,2,2,2,2,2,2,2,2,2,2,2,2,2,2,2,2,2,2,2,2,2,3,3,3,3,3,3,3,3,3,3,3,3,3,3,3,3,3,3,3,3,3,3,3,3,3,3,3,3,3,3,3,3,3,3,3,3,3,3,3,3,3,3,3
22;16467222360164019310;1410;5807392.689167
0,77,28,19,57,32,168,158,131,173,113,191,172,192,163,167,16,26,5,10,17,4,81,55,127,88,124,102,190,183,199,197,93,155,135,138,52,123,72,126,92,104,90,121,47,51,3,8,11,2,46,7,29,1,101,98,108,42,174,164,187,184,185,134,171,130,117,140,133,63,99,14,115,23,153,100,118,12,48,40,64,25,39,35,120,44,96,18,106,24,54,36,107,139,66,157,154,152,151,193,91,189,182,198,195,196,105,186,80,148,71,83,146,122,136,82,142,141,143,30,59,84,27,38,21,132,61,69,6,31,15,68,37,79,76,95,34,50,22,166,165,178,175,188,177,194,116,137,112,114,49,60,43,74,58,181,149,162,87,145,125,180,147,159,94,103,70,75,13,119,110,129,97,9,56,20,161,150,53,86,33,160,85,179,111,170,89,176,73,78,65,169,41,109,62,67,45,144,128,156
1,1,1,1,1,1,1,1,1,1,1,1,1,1,1,1,1,1,1,1,1,1,1,1,1,1,1,1,1,1,1,1,1,1,1,1,1,1,1,1,1,1,1,1,4,4,4,4,4,4,4,4,4,4,4,4,4,4,4,4,4,4,4,4,4,4,4,4,4,4,4,4,4,4,4,4,4,4,4,4,4,4,4,4,4,4,4,4,4,2,2,2,2,2,2,2,2,2,2,2,2,2,2,2,2,2,2,2,2,2,2,2,2,2,2,2,2,2,2,2,2,2,2,2,2,2,2,2,0,0,0,0,0,0,0,0,0,0,0,0,0,0,0,0,0,0,0,0,0,0,0,0,0,0,0,0,0,0,0,3,3,3,3,3,3,3,3,3,3,3,3,3,3,3,3,3,3,3,3,3,3,3,3,3,3,3,3,3,3,3,3,3,3,3,3,3,3,3,3,3
23;11726302834367551336;1450;8455914.03025
0,1,10,5,28,19,167,16,17,4,138,135,158,131,125,191,113,173,90,121,104,92,155,93,127,88,124,26,77,52,119,57,190,163,192,172,199,32,126,122,123,55,81,50,168,43,60,31,15,74,34,95,87,188,177,194,183,175,178,165,149,181,112,166,116,162,79,137,58,68,20,29,12,101,23,64,48,174,42,187,3,11,8,46,2,108,63,171,134,153,100,118,9,99,72,18,130,22,39,14,51,47,144,25,115,35,24,106,80,96,44,140,133,197,182,185,164,184,189,154,83,136,82,152,186,91,148,36,132,21,54,27,38,6,146,71,142,76,107,157,151,196,195,198,128,139,61,193,30,59,84,66,98,37,111,105,143,40,69,49,78,13,75,70,109,62,161,89,129,94,150,53,145,110,170,120,160,117,169,41,86,33,114,102,179,141,156,65,97,56,45,67,7,159,147,180,85,103,73,176
1,1,1,1,1,1,1,1,1,1,1,1,1,1,1,1,1,1,1,1,1,1,1,1,1,1,1,1,1,1,1,1,1,1,1,1,1,1,1,1,1,1,1,1,1,0,0,0,0,0,0,0,0,0,0,0,0,0,0,0,0,0,0,0,0,0,0,0,0,0,0,0,4,4,4,4,4,4,4,4,4,4,4,4,4,4,4,4,4,4,4,4,4,4,4,4,4,4,4,4,4,4,4,4,4,4,4,4,4,4,4,4,4,4,4,4,4,2,2,2,2,2,2,2,2,2,2,2,2,2,2,2,2,2,2,2,2,2,2,2,2,2,2,2,2,2,2,2,2,2,2,2,2,2,2,2,2,2,2,3,3,3,3,3,3,3,3,3,3,3,3,3,3,3,3,3,3,3,3,3,3,3,3,3,3,3,3,3,3,3,3,3,3,3,3,3,3,3,3,3
24;8896860786397106362;1406;8258121.652
0,1,10,5,17,4,81,52,138,135,158,131,190,172,192,183,197,199,163,167,16,155,32,57,19,28,77,36,121,26,126,125,191,92,127,90,98,42,168,93,124,102,104,173,123,43,95,34,79,15,31,74,50,60,20,29,112,137,116,162,88,114,113,165,87,188,177,194,147,178,49,68,37,166,164,195,184,187,174,185,134,153,44,120,115,23,106,14,39,7,46,2,11,8,3,96,25,64,12,22,101,35,108,144,100,118,63,99,72,47,51,18,48,9,171,133,140,24,54,21,132,82,152,151,198,76,107,91,189,182,186,80,196,105,154,149,193,61,30,59,111,66,139,58,84,27,38,6,69,40,143,141,157,130,142,83,136,122,146,71,148,150,179,85,156,128,160,55,67,45,109,70,103,56,180,78,73,176,175,181,94,161,89,159,65,97,169,33,86,13,75,53,145,110,119,117,170,62,129,41
1,1,1,1,1,1,1,1,1,1,1,1,1,1,1,1,1,1,1,1,1,1,1,1,1,1,1,1,1,1,1,1,1,1,1,1,1,1,1,1,1,1,1,1,1,0,0,0,0,0,0,0,0,0,0,0,0,0,0,0,0,0,0,0,0,0,0,0,0,0,0,0,4,4,4,4,4,4,4,4,4,4,4,4,4,4,4,4,4,4,4,4,4,4,4,4,4,4,4,4,4,4,4,4,4,4,4,4,4,4,4,4,4,4,4,4,4,2,2,2,2,2,2,2,2,2,2,2,2,2,2,2,2,2,2,2,2,2,2,2,2,2,2,2,2,2,2,2,2,2,2,2,2,2,2,2,2,2,2,2,3,3,3,3,3,3,3,3,3,3,3,3,3,3,3,3,3,3,3,3,3,3,3,3,3,3,3,3,3,3,3,3,3,3,3,3,3,3,3,3
25;6737285527070588895;1414;8370697.159166
0,77,35,126,114,119,10,5,168,134,155,4,81,28,121,32,57,19,167,16,17,1,26,197,199,172,192,90,173,125,191,122,138,92,104,102,124,93,127,88,123,55,158,131,190,163,179,87,188,116,194,177,175,178,165,20,29,15,31,159,149,162,76,79,34,50,60,43,74,49,68,52,166,113,137,112,82,95,84,58,107,91,139,66,157,36,136,111,146,71,142,83,198,195,182,189,154,105,186,152,151,196,80,148,27,193,30,59,37,38,6,69,61,132,21,54,24,153,100,118,9,96,18,72,47,144,135,164,185,183,187,184,48,133,140,98,108,12,64,25,101,44,174,14,99,63,171,130,115,2,11,3,8,51,40,120,106,22,39,23,46,42,75,70,109,85,103,97,7,56,180,147,156,89,143,141,169,65,129,13,78,73,176,45,67,62,86,53,150,128,160,33,41,94,181,117,161,145,110,170
1,1,1,1,1,1,1,1,1,1,1,1,1,1,1,1,1,1,1,1,1,1,1,1,1,1,1,1,1,1,1,1,1,1,1,1,1,1,1,1,1,1,1,1,1,0,0,0,0,0,0,0,0,0,0,0,0,0,0,0,0,0,0,0,0,0,0,0,0,0,0,0,0,0,0,0,0,0,2,2,2,2,2,2,2,2,2,2,2,2,2,2,2,2,2,2,2,2,2,2,2,2,2,2,2,2,2,2,2,2,2,2,2,2,2,2,4,4,4,4,4,4,4,4,4,4,4,4,4,4,4,4,4,4,4,4,4,4,4,4,4,4,4,4,4,4,4,4,4,4,4,4,4,4,4,4,4,4,4,4,4,3,3,3,3,3,3,3,3,3,3,3,3,3,3,3,3,3,3,3,3,3,3,3,3,3,3,3,3,3,3,3,3,3,3,3,3,3,3,3
26;11634350522773239934;1405;8370731.805292
0,121,36,77,52,127,90,98,190,131,158,113,173,104,92,168,135,155,93,124,19,28,5,10,1,26,81,57,32,167,163,192,197,199,172,191,122,126,123,55,119,16,17,4,138,112,132,66,139,107,30,136,82,142,111,37,38,21,54,27,84,58,143,105,186,65,69,6,83,71,148,80,196,151,152,157,154,198,182,189,91,193,61,22,46,34,95,76,79,137,116,166,165,20,29,60,50,74,15,31,68,43,188,175,178,49,114,88,159,149,162,147,194,87,118,24,64,14,106,2,11,3,8,101,23,72,12,153,117,130,171,100,144,47,51,48,96,18,184,183,187,42,108,120,44,140,133,146,134,174,164,185,63,99,59,25,39,35,115,9,56,7,67,45,179,141,156,125,176,73,78,13,86,33,169,94,103,85,109,41,170,110,129,102,150,53,180,97,40,160,128,145,89,195,177,181,62,75,70,161
1,1,1,1,1,1,1,1,1,1,1,1,1,1,1,1,1,1,1,1,1,1,1,1,1,1,1,1,1,1,1,1,1,1,1,1,1,1,1,1,1,1,1,1,1,2,2,2,2,2,2,2,2,2,2,2,2,2,2,2,2,2,2,2,2,2,2,2,2,2,2,2,2,2,2,2,2,2,2,2,2,2,2,0,0,0,0,0,0,0,0,0,0,0,0,0,0,0,0,0,0,0,0,0,0,0,0,0,0,0,0,0,0,0,4,4,4,4,4,4,4,4,4,4,4,4,4,4,4,4,4,4,4,4,4,4,4,4,4,4,4,4,4,4,4,4,4,4,4,4,4,4,4,4,4,4,4,4,4,3,3,3,3,3,3,3,3,3,3,3,3,3,3,3,3,3,3,3,3,3,3,3,3,3,3,3,3,3,3,3,3,3,3,3,3,3,3,3,3,3
27;7808547232002136844;1395;8315793.512917
0,77,28,1,10,5,17,4,123,55,168,138,135,155,122,158,131,190,172,191,32,16,167,163,199,197,93,98,26,81,52,127,88,121,90,104,92,126,19,57,47,124,113,173,134,153,12,101,44,120,22,29,7,46,14,64,25,144,130,117,118,63,108,115,9,99,72,23,39,3,8,11,2,48,140,133,171,100,195,183,187,184,185,164,174,106,24,35,18,96,42,54,21,132,49,59,37,38,30,107,58,143,82,142,91,193,192,196,151,152,157,154,105,186,182,189,198,80,148,36,136,83,146,71,139,66,69,61,84,27,111,6,31,15,68,20,51,43,74,50,60,34,95,76,79,178,147,159,149,194,177,188,87,165,166,112,137,116,162,145,89,156,128,160,125,176,40,56,45,67,62,129,102,114,41,109,70,103,85,179,141,169,33,86,73,75,13,78,119,110,170,94,181,175,180,53,150,65,97,161
1,1,1,1,1,1,1,1,1,1,1,1,1,1,1,1,1,1,1,1,1,1,1,1,1,1,1,1,1,1,1,1,1,1,1,1,1,1,1,1,1,1,1,1,1,4,4,4,4,4,4,4,4,4,4,4,4,4,4,4,4,4,4,4,4,4,4,4,4,4,4,4,4,4,4,4,4,4,4,4,4,4,4,4,4,4,4,4,4,4,2,2,2,2,2,2,2,2,2,2,2,2,2,2,2,2,2,2,2,2,2,2,2,2,2,2,2,2,2,2,2,2,2,2,2,2,2,2,2,2,2,0,0,0,0,0,0,0,0,0,0,0,0,0,0,0,0,0,0,0,0,0,0,0,0,0,0,0,0,3,3,3,3,3,3,3,3,3,3,3,3,3,3,3,3,3,3,3,3,3,3,3,3,3,3,3,3,3,3,3,3,3,3,3,3,3,3,3,3,3
28;3287009989320200796;1419;8461213.282541
0,77,32,104,92,126,125,191,134,155,90,121,16,127,93,124,88,123,52,81,55,158,112,138,131,173,133,167,163,192,19,28,5,10,7,17,4,57,50,168,135,199,197,183,190,36,186,105,154,157,61,193,30,136,21,132,82,198,189,196,151,152,122,146,76,107,91,142,65,69,66,139,56,59,58,84,27,38,6,54,37,111,80,148,83,71,170,89,109,70,143,102,129,110,119,117,161,141,169,97,40,179,94,159,150,53,180,172,176,73,78,13,75,62,86,41,114,33,156,85,160,128,145,26,103,45,67,20,46,31,15,68,49,178,147,162,116,137,87,188,175,181,177,194,149,165,113,166,79,34,95,43,74,29,60,24,140,44,96,25,153,100,144,130,171,3,11,8,106,2,48,184,185,182,195,164,187,42,174,108,120,22,101,98,115,23,64,12,72,47,51,18,35,9,99,63,118,14,39,1
1,1,1,1,1,1,1,1,1,1,1,1,1,1,1,1,1,1,1,1,1,1,1,1,1,1,1,1,1,1,1,1,1,1,1,1,1,1,1,1,1,1,1,1,1,2,2,2,2,2,2,2,2,2,2,2,2,2,2,2,2,2,2,2,2,2,2,2,2,2,2,2,2,2,2,2,2,2,2,2,2,2,2,2,2,3,3,3,3,3,3,3,3,3,3,3,3,3,3,3,3,3,3,3,3,3,3,3,3,3,3,3,3,3,3,3,3,3,3,3,3,3,3,3,3,3,3,0,0,0,0,0,0,0,0,0,0,0,0,0,0,0,0,0,0,0,0,0,0,0,0,0,0,0,0,4,4,4,4,4,4,4,4,4,4,4,4,4,4,4,4,4,4,4,4,4,4,4,4,4,4,4,4,4,4,4,4,4,4,4,4,4,4,4,4,4,4,4,4,4
29;8484872300069380217;1413;8082005.043667
0,121,90,167,42,124,93,155,134,178,26,5,10,17,4,32,57,19,28,138,92,126,72,81,52,77,16,123,122,158,112,190,131,192,172,191,113,173,104,127,88,168,135,197,199,163,166,76,79,137,116,162,31,15,68,74,50,60,43,95,34,188,181,194,149,165,87,174,14,99,9,133,140,47,144,130,117,118,23,39,35,24,64,12,48,25,96,40,101,98,115,120,22,29,1,108,2,11,8,3,46,18,51,44,106,187,183,185,164,171,100,153,102,114,41,129,94,119,78,73,176,175,195,177,180,55,170,13,86,33,169,65,97,56,7,67,45,103,85,179,53,145,128,156,125,143,89,161,150,20,159,147,160,62,75,70,109,49,59,37,54,139,61,66,152,151,80,132,21,38,27,84,58,107,91,136,82,111,196,184,189,198,182,186,105,154,30,193,141,142,71,146,110,148,36,157,63,69,6,83
1,1,1,1,1,1,1,1,1,1,1,1,1,1,1,1,1,1,1,1,1,1,1,1,1,1,1,1,1,1,1,1,1,1,1,1,1,1,1,1,1,1,1,1,1,0,0,0,0,0,0,0,0,0,0,0,0,0,0,0,0,0,0,0,0,0,0,4,4,4,4,4,4,4,4,4,4,4,4,4,4,4,4,4,4,4,4,4,4,4,4,4,4,4,4,4,4,4,4,4,4,4,4,4,4,4,4,4,4,4,4,4,3,3,3,3,3,3,3,3,3,3,3,3,3,3,3,3,3,3,3,3,3,3,3,3,3,3,3,3,3,3,3,3,3,3,3,3,3,3,3,3,3,3,3,3,3,2,2,2,2,2,2,2,2,2,2,2,2,2,2,2,2,2,2,2,2,2,2,2,2,2,2,2,2,2,2,2,2,2,2,2,2,2,2,2,2,2,2,2
30;8138020970177873692;1409;8376633.565333
0,126,90,167,163,192,182,197,199,135,138,52,81,4,17,16,119,112,190,131,158,125,191,47,124,36,155,93,127,92,104,173,10,26,5,168,32,57,35,77,19,28,121,88,123,55,74,31,15,68,50,60,43,51,20,46,34,95,76,79,137,116,162,147,194,177,181,188,113,166,149,165,87,178,175,176,128,156,89,170,41,169,33,114,85,160,110,129,94,179,150,53,86,73,45,67,62,109,102,172,180,13,145,161,97,65,159,70,75,7,56,40,78,71,148,80,186,184,189,122,198,151,152,82,142,83,136,21,154,91,193,61,139,107,27,84,58,143,141,196,105,111,18,54,3,38,37,66,157,49,59,30,132,6,69,24,106,22,120,72,9,96,12,108,63,99,14,140,133,146,134,153,100,118,44,144,117,130,42,174,185,164,171,25,101,98,103,23,39,11,2,29,8,195,183,187,115,48,64,1
1,1,1,1,1,1,1,1,1,1,1,1,1,1,1,1,1,1,1,1,1,1,1,1,1,1,1,1,1,1,1,1,1,1,1,1,1,1,1,1,1,1,1,1,1,0,0,0,0,0,0,0,0,0,0,0,0,0,0,0,0,0,0,0,0,0,0,0,0,0,0,0,0,0,3,3,3,3,3,3,3,3,3,3,3,3,3,3,3,3,3,3,3,3,3,3,3,3,3,3,3,3,3,3,3,3,3,3,3,3,3,3,3,2,2,2,2,2,2,2,2,2,2,2,2,2,2,2,2,2,2,2,2,2,2,2,2,2,2,2,2,2,2,2,2,2,2,2,2,2,2,2,2,2,2,4,4,4,4,4,4,4,4,4,4,4,4,4,4,4,4,4,4,4,4,4,4,4,4,4,4,4,4,4,4,4,4,4,4,4,4,4,4,4,4,4,4,4,4,4
31;16735953543485209995;1412;8471706.825667
0,1,10,168,43,119,61,124,113,173,125,191,172,199,197,192,32,167,163,190,135,138,131,158,55,81,52,121,90,104,16,123,72,126,92,155,93,127,26,4,17,5,28,19,57,47,140,133,35,120,44,106,14,46,42,174,164,185,183,187,184,108,98,101,12,96,22,99,9,118,48,51,25,64,23,39,3,8,11,2,115,80,146,134,171,100,144,130,117,153,24,139,88,148,91,107,65,142,82,193,182,186,36,38,37,132,21,54,18,111,40,69,63,84,27,157,58,59,6,83,66,30,136,122,152,151,77,143,141,154,105,196,195,198,189,87,188,175,178,116,194,177,181,71,159,149,165,166,112,114,49,60,50,74,15,31,162,73,95,34,79,76,137,20,29,68,67,45,103,97,129,102,109,7,56,176,13,78,70,75,62,170,41,86,33,169,94,150,128,156,147,180,53,161,89,145,110,160,85,179
1,1,1,1,1,1,1,1,1,1,1,1,1,1,1,1,1,1,1,1,1,1,1,1,1,1,1,1,1,1,1,1,1,1,1,1,1,1,1,1,1,1,1,1,1,4,4,4,4,4,4,4,4,4,4,4,4,4,4,4,4,4,4,4,4,4,4,4,4,4,4,4,4,4,4,4,4,4,4,4,4,4,4,4,4,4,4,4,4,4,2,2,2,2,2,2,2,2,2,2,2,2,2,2,2,2,2,2,2,2,2,2,2,2,2,2,2,2,2,2,2,2,2,2,2,2,2,2,2,2,2,2,2,2,2,0,0,0,0,0,0,0,0,0,0,0,0,0,0,0,0,0,0,0,0,0,0,0,0,0,0,0,0,0,0,0,3,3,3,3,3,3,3,3,3,3,3,3,3,3,3,3,3,3,3,3,3,3,3,3,3,3,3,3,3,3,3,3,3,3
32;957827445528146549;1405;8098375.440583
0,77,35,124,47,178,175,190,163,167,16,17,4,138,52,121,88,123,90,104,92,126,57,32,168,135,158,131,191,122,155,93,127,26,5,10,1,173,113,199,197,192,19,28,81,43,60,31,15,74,50,137,116,162,112,114,76,95,34,79,159,49,68,58,181,188,177,194,149,165,87,118,63,99,3,11,2,101,48,18,130,171,133,140,108,120,106,184,187,183,195,164,185,134,153,100,144,9,29,22,51,25,96,8,39,14,46,42,174,115,23,72,44,103,12,64,24,69,6,83,84,27,111,59,30,161,151,196,105,143,141,142,82,136,91,193,61,132,98,146,71,148,80,198,182,189,154,157,152,21,54,36,186,66,139,7,38,37,107,65,78,13,75,70,109,33,97,89,145,169,41,86,55,67,62,40,176,73,160,85,172,147,180,125,156,128,166,117,119,110,129,102,179,53,150,20,56,45,94,170
1,1,1,1,1,1,1,1,1,1,1,1,1,1,1,1,1,1,1,1,1,1,1,1,1,1,1,1,1,1,1,1,1,1,1,1,1,1,1,1,1,1,1,1,1,0,0,0,0,0,0,0,0,0,0,0,0,0,0,0,0,0,0,0,0,0,0,0,0,0,0,4,4,4,4,4,4,4,4,4,4,4,4,4,4,4,4,4,4,4,4,4,4,4,4,4,4,4,4,4,4,4,4,4,4,4,4,4,4,4,4,4,4,4,4,4,2,2,2,2,2,2,2,2,2,2,2,2,2,2,2,2,2,2,2,2,2,2,2,2,2,2,2,2,2,2,2,2,2,2,2,2,2,2,2,2,2,2,2,3,3,3,3,3,3,3,3,3,3,3,3,3,3,3,3,3,3,3,3,3,3,3,3,3,3,3,3,3,3,3,3,3,3,3,3,3,3,3,3,3
33;9178821638437730898;1414;7983726.205458
0,77,52,127,98,16,81,55,123,122,138,4,17,10,5,26,119,28,126,35,57,32,168,134,155,93,197,199,163,192,172,191,125,167,90,173,104,92,190,131,158,102,124,88,121,47,144,100,153,117,130,171,133,140,115,120,106,118,63,108,1,11,2,48,23,64,25,96,9,99,72,12,101,44,59,18,174,198,164,185,183,187,184,22,29,8,3,39,14,51,42,146,71,148,91,193,61,69,66,132,80,143,83,136,30,107,65,196,195,182,186,105,189,151,152,157,154,21,84,27,139,128,142,111,37,38,36,54,24,60,50,49,68,15,74,58,178,116,137,112,166,113,114,34,46,43,162,79,76,95,87,188,177,194,149,165,20,31,6,67,7,56,78,73,86,62,161,141,169,33,94,129,110,145,89,109,41,97,19,176,175,180,147,159,82,181,13,75,70,103,45,179,135,156,85,160,53,150,40,170
1,1,1,1,1,1,1,1,1,1,1,1,1,1,1,1,1,1,1,1,1,1,1,1,1,1,1,1,1,1,1,1,1,1,1,1,1,1,1,1,1,1,1,1,1,4,4,4,4,4,4,4,4,4,4,4,4,4,4,4,4,4,4,4,4,4,4,4,4,4,4,4,4,4,4,4,4,4,4,4,4,4,4,4,4,4,4,4,4,4,2,2,2,2,2,2,2,2,2,2,2,2,2,2,2,2,2,2,2,2,2,2,2,2,2,2,2,2,2,2,2,2,2,2,2,2,2,2,0,0,0,0,0,0,0,0,0,0,0,0,0,0,0,0,0,0,0,0,0,0,0,0,0,0,0,0,0,0,3,3,3,3,3,3,3,3,3,3,3,3,3,3,3,3,3,3,3,3,3,3,3,3,3,3,3,3,3,3,3,3,3,3,3,3,3,3,3,3,3,3
34;2354512119315649564;1418;8075377.168333
0,1,28,4,17,5,10,57,32,123,90,173,125,192,131,158,135,155,92,126,16,167,163,168,104,102,190,183,197,199,113,191,122,138,112,127,88,121,93,124,98,55,81,52,77,43,74,31,15,68,49,60,159,149,194,116,137,50,51,29,20,165,188,87,162,76,166,34,95,79,71,178,175,186,83,91,136,82,142,61,139,66,157,40,69,6,38,27,84,21,154,198,189,182,195,196,151,193,80,132,30,107,37,59,58,143,105,111,148,36,54,24,99,14,46,2,108,42,171,25,64,23,48,9,115,153,134,185,164,184,187,117,130,146,63,118,100,144,47,72,106,120,35,39,22,174,44,133,140,8,11,3,101,18,96,12,103,45,67,62,86,73,114,33,94,129,89,145,53,75,70,109,41,179,97,19,176,141,169,13,181,177,180,147,172,152,160,85,119,110,170,7,161,128,150,56,26,78,65,156
1,1,1,1,1,1,1,1,1,1,1,1,1,1,1,1,1,1,1,1,1,1,1,1,1,1,1,1,1,1,1,1,1,1,1,1,1,1,1,1,1,1,1,1,1,0,0,0,0,0,0,0,0,0,0,0,0,0,0,0,0,0,0,0,0,0,0,0,0,0,0,0,2,2,2,2,2,2,2,2,2,2,2,2,2,2,2,2,2,2,2,2,2,2,2,2,2,2,2,2,2,2,2,2,2,2,2,2,2,2,2,4,4,4,4,4,4,4,4,4,4,4,4,4,4,4,4,4,4,4,4,4,4,4,4,4,4,4,4,4,4,4,4,4,4,4,4,4,4,4,4,4,4,4,4,4,3,3,3,3,3,3,3,3,3,3,3,3,3,3,3,3,3,3,3,3,3,3,3,3,3,3,3,3,3,3,3,3,3,3,3,3,3,3,3,3,3,3,3,3
35;10160966691791677292;1445;8662062.768208
0,10,5,17,16,119,104,126,19,28,158,131,173,90,167,125,191,172,163,192,182,190,175,199,135,197,122,155,93,124,36,77,43,168,32,57,47,121,4,81,55,123,52,138,112,153,134,171,130,185,164,198,195,183,187,117,144,100,118,108,120,44,51,23,48,96,18,101,2,106,40,115,22,3,11,8,46,7,29,1,99,14,140,133,24,64,25,39,35,72,63,84,83,6,69,66,98,146,71,148,80,132,21,38,37,139,61,142,91,193,151,152,196,189,184,186,30,59,143,105,154,157,111,27,54,42,136,82,137,128,162,87,194,177,181,188,107,166,58,60,50,74,15,79,34,95,76,165,149,174,113,114,88,159,116,178,49,68,12,31,20,67,45,56,9,26,176,70,75,62,129,102,179,53,180,147,150,89,109,41,86,33,169,141,156,92,94,127,13,78,65,97,103,85,160,73,170,110,145,161
1,1,1,1,1,1,1,1,1,1,1,1,1,1,1,1,1,1,1,1,1,1,1,1,1,1,1,1,1,1,1,1,1,1,1,1,1,1,1,1,1,1,1,1,1,4,4,4,4,4,4,4,4,4,4,4,4,4,4,4,4,4,4,4,4,4,4,4,4,4,4,4,4,4,4,4,4,4,4,4,4,4,4,4,4,4,4,4,4,4,2,2,2,2,2,2,2,2,2,2,2,2,2,2,2,2,2,2,2,2,2,2,2,2,2,2,2,2,2,2,2,2,2,2,2,2,2,2,2,0,0,0,0,0,0,0,0,0,0,0,0,0,0,0,0,0,0,0,0,0,0,0,0,0,0,0,0,0,0,0,0,3,3,3,3,3,3,3,3,3,3,3,3,3,3,3,3,3,3,3,3,3,3,3,3,3,3,3,3,3,3,3,3,3,3,3,3,3,3,3
36;27474500062045820;1432;7857607.140208
0,77,52,119,16,17,5,10,1,57,19,28,26,127,55,123,173,104,191,125,168,93,124,88,121,106,138,122,126,92,155,135,158,131,190,182,197,199,172,192,163,167,32,81,4,96,25,39,23,64,8,11,3,29,22,99,63,108,42,46,35,24,118,100,184,164,185,183,187,134,153,98,171,130,117,144,47,59,14,115,140,133,44,120,72,9,48,2,101,90,109,41,170,89,161,40,176,175,195,73,78,70,75,53,150,20,67,62,156,128,143,141,179,102,181,94,169,33,160,85,103,45,56,86,13,180,147,159,7,97,129,110,145,82,95,34,79,76,178,116,162,87,165,166,58,74,50,60,43,51,15,68,31,12,137,112,114,113,174,188,177,194,149,151,152,65,107,139,66,148,71,142,83,136,6,69,27,84,30,193,61,189,198,80,186,36,132,21,154,105,196,18,54,49,157,91,146,111,37,38
1,1,1,1,1,1,1,1,1,1,1,1,1,1,1,1,1,1,1,1,1,1,1,1,1,1,1,1,1,1,1,1,1,1,1,1,1,1,1,1,1,1,1,1,4,4,4,4,4,4,4,4,4,4,4,4,4,4,4,4,4,4,4,4,4,4,4,4,4,4,4,4,4,4,4,4,4,4,4,4,4,4,4,4,4,4,4,4,4,3,3,3,3,3,3,3,3,3,3,3,3,3,3,3,3,3,3,3,3,3,3,3,3,3,3,3,3,3,3,3,3,3,3,3,3,3,3,3,3,3,3,3,0,0,0,0,0,0,0,0,0,0,0,0,0,0,0,0,0,0,0,0,0,0,0,0,0,0,0,0,0,0,2,2,2,2,2,2,2,2,2,2,2,2,2,2,2,2,2,2,2,2,2,2,2,2,2,2,2,2,2,2,2,2,2,2,2,2,2,2
37;7844575079918988844;1443;8270020.48425
0,77,36,98,138,135,158,131,190,172,192,163,167,16,17,5,10,127,112,124,88,121,43,81,26,119,28,197,183,199,113,173,19,57,32,168,104,90,126,92,155,93,191,122,123,114,41,170,110,150,128,160,147,180,177,181,53,161,70,75,13,78,65,97,169,141,156,125,176,73,45,67,62,86,33,109,7,159,94,103,85,179,102,129,89,145,162,116,137,50,74,15,31,60,20,46,22,68,49,178,175,187,188,87,194,149,165,166,34,95,76,79,71,142,58,143,52,84,4,54,21,132,35,69,6,111,37,38,27,139,91,107,157,66,186,105,154,61,193,30,59,56,148,80,198,189,182,195,196,151,152,82,136,83,146,42,115,40,120,106,2,108,63,99,55,153,100,118,24,64,12,140,117,130,18,96,25,48,184,185,164,174,134,171,133,44,144,9,29,3,11,8,51,47,72,14,39,23,101,1
1,1,1,1,1,1,1,1,1,1,1,1,1,1,1,1,1,1,1,1,1,1,1,1,1,1,1,1,1,1,1,1,1,1,1,1,1,1,1,1,1,1,1,1,1,3,3,3,3,3,3,3,3,3,3,3,3,3,3,3,3,3,3,3,3,3,3,3,3,3,3,3,3,3,3,3,3,3,3,3,3,3,3,3,3,0,0,0,0,0,0,0,0,0,0,0,0,0,0,0,0,0,0,0,0,0,0,0,0,0,0,0,2,2,2,2,2,2,2,2,2,2,2,2,2,2,2,2,2,2,2,2,2,2,2,2,2,2,2,2,2,2,2,2,2,2,2,2,2,2,2,2,2,2,2,4,4,4,4,4,4,4,4,4,4,4,4,4,4,4,4,4,4,4,4,4,4,4,4,4,4,4,4,4,4,4,4,4,4,4,4,4,4,4,4,4,4,4,4,4
38;15524044195614787644;1432;8074020.059458
0,121,88,124,93,127,4,123,191,125,168,135,138,44,119,113,173,90,104,32,126,92,155,28,5,26,77,36,98,16,17,10,1,167,19,57,55,81,35,158,131,190,172,192,199,163,165,52,68,49,60,50,34,95,43,74,31,15,79,71,178,175,177,194,149,162,87,188,116,137,112,166,145,110,129,89,97,179,45,67,7,56,176,73,170,117,156,141,169,33,86,62,75,70,109,102,115,180,147,159,94,181,53,150,128,160,85,114,41,11,78,13,161,99,63,118,108,120,106,2,48,9,29,3,8,96,25,101,72,184,187,183,195,182,185,164,174,42,103,100,144,130,171,133,140,47,51,18,46,23,39,14,22,12,64,24,153,134,197,198,189,58,139,91,146,122,132,6,69,20,54,21,84,27,38,37,107,65,142,66,148,76,186,105,154,111,40,143,82,136,83,152,151,157,61,196,80,193,30,59
1,1,1,1,1,1,1,1,1,1,1,1,1,1,1,1,1,1,1,1,1,1,1,1,1,1,1,1,1,1,1,1,1,1,1,1,1,1,1,1,1,1,1,1,1,0,0,0,0,0,0,0,0,0,0,0,0,0,0,0,0,0,0,0,0,0,0,0,0,0,0,0,3,3,3,3,3,3,3,3,3,3,3,3,3,3,3,3,3,3,3,3,3,3,3,3,3,3,3,3,3,3,3,3,3,3,3,3,3,3,3,3,3,4,4,4,4,4,4,4,4,4,4,4,4,4,4,4,4,4,4,4,4,4,4,4,4,4,4,4,4,4,4,4,4,4,4,4,4,4,4,4,4,4,4,4,4,4,2,2,2,2,2,2,2,2,2,2,2,2,2,2,2,2,2,2,2,2,2,2,2,2,2,2,2,2,2,2,2,2,2,2,2,2,2,2,2,2,2,2
39;4980590106503615414;1423;8233233.045167
0,170,89,145,110,129,102,179,172,180,147,159,94,169,13,75,70,109,7,56,45,67,62,86,41,150,128,156,85,160,33,176,73,161,97,65,78,71,146,91,193,61,132,80,148,37,139,66,69,36,54,21,84,59,30,136,82,142,83,154,189,198,141,196,151,152,186,105,143,58,107,157,111,27,38,6,50,114,113,166,52,68,49,74,43,60,10,31,15,51,20,46,34,79,137,72,95,14,188,175,178,108,162,87,165,149,181,177,194,116,118,117,130,185,182,195,164,184,187,53,101,12,48,18,96,76,103,44,174,22,29,9,99,63,133,171,134,153,100,144,47,140,40,120,35,24,64,25,115,2,11,8,3,39,23,106,119,92,126,122,191,125,173,104,168,88,123,155,93,127,55,98,167,90,192,163,197,183,199,135,190,131,158,112,138,42,124,32,57,19,121,16,77,28,5,17,4,81,26,1
3,3,3,3,3,3,3,3,3,3,3,3,3,3,3,3,3,3,3,3,3,3,3,3,3,3,3,3,3,3,3,3,3,3,3,3,3,2,2,2,2,2,2,2,2,2,2,2,2,2,2,2,2,2,2,2,2,2,2,2,2,2,2,2,2,2,2,2,2,2,2,2,2,2,2,0,0,0,0,0,0,0,0,0,0,0,0,0,0,0,0,0,0,0,0,0,0,0,0,0,0,0,0,0,0,0,0,0,0,0,4,4,4,4,4,4,4,4,4,4,4,4,4,4,4,4,4,4,4,4,4,4,4,4,4,4,4,4,4,4,4,4,4,4,4,4,4,4,4,4,4,4,4,4,4,1,1,1,1,1,1,1,1,1,1,1,1,1,1,1,1,1,1,1,1,1,1,1,1,1,1,1,1,1,1,1,1,1,1,1,1,1,1,1,1,1,1,1,1,1
40;3943098024137922559;1428;7477819.509625
0,77,35,81,4,17,16,121,52,127,26,119,19,28,138,168,32,57,5,10,1,126,92,155,93,124,102,158,131,173,90,123,104,192,183,197,199,175,190,122,191,125,167,163,178,43,74,15,31,68,49,95,34,79,137,135,165,166,113,114,112,87,194,149,162,116,188,50,60,12,101,23,39,14,99,22,106,24,64,48,51,25,96,3,174,40,120,108,42,46,7,29,9,115,2,11,8,144,47,72,63,133,140,117,153,44,118,100,130,171,134,185,164,187,184,189,198,83,142,71,146,76,107,58,139,37,59,30,143,88,98,27,84,21,38,6,54,18,111,82,136,61,69,66,132,80,193,91,148,36,157,152,151,196,154,105,186,182,195,177,181,94,170,110,145,89,97,169,141,161,53,150,128,176,73,78,65,159,75,70,103,20,67,62,129,13,86,41,56,45,179,172,147,180,55,160,85,109,33,156
1,1,1,1,1,1,1,1,1,1,1,1,1,1,1,1,1,1,1,1,1,1,1,1,1,1,1,1,1,1,1,1,1,1,1,1,1,1,1,1,1,1,1,1,1,0,0,0,0,0,0,0,0,0,0,0,0,0,0,0,0,0,0,0,0,0,0,0,0,4,4,4,4,4,4,4,4,4,4,4,4,4,4,4,4,4,4,4,4,4,4,4,4,4,4,4,4,4,4,4,4,4,4,4,4,4,4,4,4,4,4,4,4,4,2,2,2,2,2,2,2,2,2,2,2,2,2,2,2,2,2,2,2,2,2,2,2,2,2,2,2,2,2,2,2,2,2,2,2,2,2,2,2,2,2,2,2,2,3,3,3,3,3,3,3,3,3,3,3,3,3,3,3,3,3,3,3,3,3,3,3,3,3,3,3,3,3,3,3,3,3,3,3,3,3,3,3,3,3,3
41;141425323448007506;1421;8057968.635667
0,121,4,17,16,81,52,77,19,57,32,104,126,92,138,42,98,199,197,113,191,172,192,163,167,90,173,1,10,5,119,55,123,88,127,28,124,93,155,134,168,131,158,135,190,102,114,33,169,97,103,85,156,125,170,41,86,53,180,147,159,150,179,94,129,89,109,73,78,26,176,56,45,67,62,75,70,143,128,160,110,145,161,13,181,177,194,149,162,29,20,31,15,51,49,68,58,178,175,188,165,166,112,107,43,60,74,50,95,34,79,71,116,118,23,115,8,11,2,48,18,46,3,39,25,96,9,99,72,12,108,144,117,140,133,171,100,153,122,198,184,187,183,185,130,146,80,106,174,44,101,35,120,22,14,59,47,64,24,54,37,38,21,132,87,151,152,65,142,141,154,105,186,61,76,139,7,148,36,137,82,91,157,66,136,30,193,164,196,195,182,189,63,84,27,111,40,69,6,83
1,1,1,1,1,1,1,1,1,1,1,1,1,1,1,1,1,1,1,1,1,1,1,1,1,1,1,1,1,1,1,1,1,1,1,1,1,1,1,1,1,1,1,1,1,3,3,3,3,3,3,3,3,3,3,3,3,3,3,3,3,3,3,3,3,3,3,3,3,3,3,3,3,3,3,3,3,3,3,3,3,3,3,3,3,0,0,0,0,0,0,0,0,0,0,0,0,0,0,0,0,0,0,0,0,0,0,0,0,0,0,0,0,4,4,4,4,4,4,4,4,4,4,4,4,4,4,4,4,4,4,4,4,4,4,4,4,4,4,4,4,4,4,4,4,4,4,4,4,4,4,4,4,4,4,4,4,4,2,2,2,2,2,2,2,2,2,2,2,2,2,2,2,2,2,2,2,2,2,2,2,2,2,2,2,2,2,2,2,2,2,2,2,2,2,2,2,2,2,2
42;16001952662412044218;1445;3220335.806709
0,1,10,17,16,121,88,123,122,158,131,190,35,126,98,93,124,19,28,104,100,168,5,81,57,32,77,26,155,149,199,197,113,191,172,192,163,167,90,173,138,4,127,55,119,52,69,139,66,136,83,84,58,143,141,142,71,91,189,182,198,30,148,111,105,186,36,157,154,21,54,40,132,82,152,151,196,61,193,27,38,6,95,79,37,68,49,112,178,147,162,116,137,107,188,165,87,194,177,179,34,46,43,60,50,74,15,29,20,51,47,144,130,146,134,153,25,115,9,22,120,72,14,39,8,11,3,140,12,64,24,118,48,23,59,2,101,18,106,80,96,44,174,164,185,183,187,184,135,171,133,63,99,76,108,42,78,180,65,159,94,92,114,102,109,85,103,70,75,13,31,7,56,45,67,62,86,53,150,97,169,41,160,33,156,128,166,117,161,89,145,125,176,175,181,195,73,129,110,170
1,1,1,1,1,1,1,1,1,1,1,1,1,1,1,1,1,1,1,1,1,1,1,1,1,1,1,1,1,1,1,1,1,1,1,1,1,1,1,1,1,1,1,1,1,2,2,2,2,2,2,2,2,2,2,2,2,2,2,2,2,2,2,2,2,2,2,2,2,2,2,2,2,2,2,2,2,2,2,2,2,0,0,0,0,0,0,0,0,0,0,0,0,0,0,0,0,0,0,0,0,0,0,0,0,0,0,0,0,0,4,4,4,4,4,4,4,4,4,4,4,4,4,4,4,4,4,4,4,4,4,4,4,4,4,4,4,4,4,4,4,4,4,4,4,4,4,4,4,4,4,4,4,4,4,3,3,3,3,3,3,3,3,3,3,3,3,3,3,3,3,3,3,3,3,3,3,3,3,3,3,3,3,3,3,3,3,3,3,3,3,3,3,3,3,3,3,3,3,3
43;6069959457317431616;1396;7861641.113583
0,10,5,26,77,57,19,28,121,52,123,88,191,104,102,124,93,98,55,127,112,158,135,138,122,155,134,168,32,173,113,199,197,92,190,131,192,163,167,90,126,16,17,4,81,43,95,34,79,137,49,68,15,74,50,60,20,29,31,166,165,149,178,175,188,177,194,116,162,147,179,174,1,39,8,3,11,2,101,48,44,51,23,106,24,35,153,100,144,117,130,108,120,72,47,140,133,63,118,14,99,9,96,18,22,12,64,25,115,184,164,185,183,187,42,46,36,54,21,136,66,69,6,83,146,82,196,195,198,182,189,87,132,80,186,105,154,157,91,107,139,76,148,30,59,193,151,152,61,142,141,143,58,84,27,38,37,111,170,71,78,65,159,33,114,85,103,70,161,97,40,56,45,67,62,75,53,150,156,125,169,94,119,7,176,171,172,180,128,160,110,145,89,109,41,86,73,129,13,181
1,1,1,1,1,1,1,1,1,1,1,1,1,1,1,1,1,1,1,1,1,1,1,1,1,1,1,1,1,1,1,1,1,1,1,1,1,1,1,1,1,1,1,1,1,0,0,0,0,0,0,0,0,0,0,0,0,0,0,0,0,0,0,0,0,0,0,0,0,0,0,4,4,4,4,4,4,4,4,4,4,4,4,4,4,4,4,4,4,4,4,4,4,4,4,4,4,4,4,4,4,4,4,4,4,4,4,4,4,4,4,4,4,4,4,4,2,2,2,2,2,2,2,2,2,2,2,2,2,2,2,2,2,2,2,2,2,2,2,2,2,2,2,2,2,2,2,2,2,2,2,2,2,2,2,2,2,3,3,3,3,3,3,3,3,3,3,3,3,3,3,3,3,3,3,3,3,3,3,3,3,3,3,3,3,3,3,3,3,3,3,3,3,3,3,3,3,3,3,3
44;2033442876187297925;1424;8043487.88925
0,10,192,182,190,163,167,32,168,158,131,197,199,113,191,125,173,90,121,88,123,104,92,127,93,155,135,138,42,124,52,81,28,19,57,77,26,5,4,17,16,98,126,43,60,50,34,95,76,181,188,175,178,165,116,118,137,20,31,15,74,49,68,37,79,162,147,166,112,71,159,149,194,177,174,164,198,195,183,187,1,11,3,108,12,64,24,153,100,144,130,171,134,185,63,99,9,96,80,106,23,48,44,133,140,55,101,35,120,22,29,8,51,25,115,2,46,14,72,47,170,41,86,40,97,169,33,114,13,78,150,53,161,94,156,128,160,85,109,7,56,45,67,62,75,73,103,70,143,117,119,110,145,89,129,102,179,141,176,172,180,65,107,91,139,39,146,83,148,87,132,21,154,105,196,82,142,111,6,69,66,157,18,54,36,38,27,84,58,136,122,152,151,186,61,189,184,193,30,59
1,1,1,1,1,1,1,1,1,1,1,1,1,1,1,1,1,1,1,1,1,1,1,1,1,1,1,1,1,1,1,1,1,1,1,1,1,1,1,1,1,1,1,0,0,0,0,0,0,0,0,0,0,0,0,0,0,0,0,0,0,0,0,0,0,0,0,0,0,0,0,0,0,0,4,4,4,4,4,4,4,4,4,4,4,4,4,4,4,4,4,4,4,4,4,4,4,4,4,4,4,4,4,4,4,4,4,4,4,4,4,4,4,4,4,4,4,4,4,3,3,3,3,3,3,3,3,3,3,3,3,3,3,3,3,3,3,3,3,3,3,3,3,3,3,3,3,3,3,3,3,3,3,3,3,3,3,3,3,3,3,2,2,2,2,2,2,2,2,2,2,2,2,2,2,2,2,2,2,2,2,2,2,2,2,2,2,2,2,2,2,2,2,2,2,2,2,2,2,2
45;7223543130371895193;1437;7733598.006958
0,77,52,81,4,17,16,121,88,127,28,5,10,1,57,32,168,112,138,26,98,126,19,155,93,124,36,119,90,167,163,192,172,191,113,173,131,158,102,104,92,190,122,199,197,183,194,177,178,165,149,166,58,188,181,71,79,15,68,2,31,60,12,29,20,51,50,137,116,162,87,95,34,46,43,74,67,45,56,97,169,33,114,159,147,179,85,109,53,180,175,176,73,78,13,75,70,103,94,161,150,125,156,128,145,89,129,110,170,41,86,62,160,117,140,44,64,14,99,59,47,72,63,133,171,23,115,25,101,55,120,108,8,11,9,48,96,42,146,134,153,22,106,118,100,144,130,18,35,39,7,185,123,174,164,187,135,195,24,69,40,143,141,157,66,132,49,84,27,38,3,142,61,186,80,148,91,136,82,152,151,193,30,198,182,189,184,76,139,107,65,196,105,154,21,54,37,111,6,83
1,1,1,1,1,1,1,1,1,1,1,1,1,1,1,1,1,1,1,1,1,1,1,1,1,1,1,1,1,1,1,1,1,1,1,1,1,1,1,1,1,1,1,1,1,0,0,0,0,0,0,0,0,0,0,0,0,0,0,0,0,0,0,0,0,0,0,0,0,0,0,0,0,0,0,0,3,3,3,3,3,3,3,3,3,3,3,3,3,3,3,3,3,3,3,3,3,3,3,3,3,3,3,3,3,3,3,3,3,3,3,3,3,4,4,4,4,4,4,4,4,4,4,4,4,4,4,4,4,4,4,4,4,4,4,4,4,4,4,4,4,4,4,4,4,4,4,4,4,4,4,4,4,4,4,4,4,4,2,2,2,2,2,2,2,2,2,2,2,2,2,2,2,2,2,2,2,2,2,2,2,2,2,2,2,2,2,2,2,2,2,2,2,2,2,2,2,2,2,2
46;4350234967155519396;1413;7759532.653792
0,10,5,28,19,57,50,42,124,47,121,104,168,32,77,16,17,1,26,126,35,81,4,127,88,123,173,131,158,191,172,190,92,119,90,167,163,199,197,192,138,135,155,93,98,36,54,37,38,27,84,82,146,111,148,61,132,80,186,182,189,193,151,152,122,139,91,107,30,136,49,196,105,142,66,154,157,40,69,6,83,143,141,179,13,170,41,86,62,75,53,161,97,103,70,78,73,45,56,7,67,55,180,147,159,65,129,102,109,94,195,175,176,110,145,89,166,85,160,128,156,125,169,33,150,20,31,74,15,68,52,178,76,79,34,95,87,165,113,114,112,71,174,149,194,177,188,181,21,46,43,162,116,137,58,60,24,64,23,106,2,115,25,144,100,153,134,171,133,140,12,108,120,44,184,185,164,198,183,187,22,29,9,99,63,72,101,3,39,14,118,117,130,59,48,51,18,96,8,11
1,1,1,1,1,1,1,1,1,1,1,1,1,1,1,1,1,1,1,1,1,1,1,1,1,1,1,1,1,1,1,1,1,1,1,1,1,1,1,1,1,1,1,1,1,2,2,2,2,2,2,2,2,2,2,2,2,2,2,2,2,2,2,2,2,2,2,2,2,2,2,2,2,2,2,2,2,2,2,2,2,2,3,3,3,3,3,3,3,3,3,3,3,3,3,3,3,3,3,3,3,3,3,3,3,3,3,3,3,3,3,3,3,3,3,3,3,3,3,3,3,3,3,3,3,0,0,0,0,0,0,0,0,0,0,0,0,0,0,0,0,0,0,0,0,0,0,0,0,0,0,0,0,0,0,0,4,4,4,4,4,4,4,4,4,4,4,4,4,4,4,4,4,4,4,4,4,4,4,4,4,4,4,4,4,4,4,4,4,4,4,4,4,4,4,4,4,4,4,4
47;10524526614539617298;1407;7757490.131166
0,77,52,121,88,123,55,81,35,126,16,17,4,28,1,10,5,26,32,57,119,92,127,112,124,93,155,134,168,104,167,90,173,113,191,122,158,131,190,135,199,197,163,192,138,47,144,130,117,153,100,103,63,72,23,106,24,64,12,140,133,115,118,14,39,8,3,11,2,48,51,25,101,18,96,44,174,42,108,120,22,99,9,184,187,183,185,164,171,145,162,116,194,177,175,178,49,68,15,74,43,60,50,34,46,20,29,137,79,76,95,87,188,165,166,149,181,186,36,148,83,6,69,40,146,98,37,38,54,21,132,80,196,105,111,136,91,193,61,189,182,198,151,152,30,59,58,84,27,107,157,154,110,139,66,142,71,78,65,180,147,172,179,85,160,33,86,73,176,128,143,141,161,53,150,125,195,82,159,94,170,89,109,70,75,13,31,7,97,129,19,169,41,114,102,156,62,67,45,56
1,1,1,1,1,1,1,1,1,1,1,1,1,1,1,1,1,1,1,1,1,1,1,1,1,1,1,1,1,1,1,1,1,1,1,1,1,1,1,1,1,1,1,1,1,4,4,4,4,4,4,4,4,4,4,4,4,4,4,4,4,4,4,4,4,4,4,4,4,4,4,4,4,4,4,4,4,4,4,4,4,4,4,4,4,4,4,4,4,0,0,0,0,0,0,0,0,0,0,0,0,0,0,0,0,0,0,0,0,0,0,0,0,0,0,0,2,2,2,2,2,2,2,2,2,2,2,2,2,2,2,2,2,2,2,2,2,2,2,2,2,2,2,2,2,2,2,2,2,2,2,2,2,2,2,2,3,3,3,3,3,3,3,3,3,3,3,3,3,3,3,3,3,3,3,3,3,3,3,3,3,3,3,3,3,3,3,3,3,3,3,3,3,3,3,3,3,3,3,3
48;3004527168784687515;1392;6958280.999917
0,77,36,57,19,28,5,10,1,26,126,104,32,81,16,17,4,123,88,121,98,93,155,134,168,138,122,191,113,173,90,167,163,192,172,197,199,135,158,131,190,92,119,112,124,47,140,8,11,2,46,23,48,101,44,106,80,96,9,133,63,99,22,12,108,42,171,100,118,115,120,72,153,117,130,18,35,24,64,25,144,14,39,3,174,164,185,183,187,184,189,182,198,195,196,151,152,58,143,141,142,111,6,69,40,132,82,146,83,148,91,193,61,139,66,136,21,54,38,37,59,84,27,161,30,107,186,105,154,157,20,29,60,50,74,43,178,165,149,159,147,179,34,166,52,68,49,51,15,31,137,116,194,177,175,188,181,71,79,76,95,87,162,145,110,160,85,109,70,103,45,67,55,75,62,86,13,127,65,78,73,176,125,150,53,180,128,156,33,169,94,129,102,114,41,170,89,97,7,56
1,1,1,1,1,1,1,1,1,1,1,1,1,1,1,1,1,1,1,1,1,1,1,1,1,1,1,1,1,1,1,1,1,1,1,1,1,1,1,1,1,1,1,1,1,4,4,4,4,4,4,4,4,4,4,4,4,4,4,4,4,4,4,4,4,4,4,4,4,4,4,4,4,4,4,4,4,4,4,4,4,4,4,4,4,4,4,4,4,2,2,2,2,2,2,2,2,2,2,2,2,2,2,2,2,2,2,2,2,2,2,2,2,2,2,2,2,2,2,2,2,2,2,2,2,2,2,2,2,2,0,0,0,0,0,0,0,0,0,0,0,0,0,0,0,0,0,0,0,0,0,0,0,0,0,0,0,0,0,0,0,0,0,3,3,3,3,3,3,3,3,3,3,3,3,3,3,3,3,3,3,3,3,3,3,3,3,3,3,3,3,3,3,3,3,3,3,3,3,3
49;3975454624479931874;1435;3178540.206167
0,1,10,5,126,26,121,52,77,35,81,16,17,4,28,119,112,190,163,167,90,123,55,127,88,168,32,57,19,138,135,158,92,104,173,113,191,172,199,192,197,134,155,93,124,47,72,96,18,46,42,51,8,3,29,7,39,14,99,63,118,24,153,100,171,25,48,12,64,22,9,144,130,117,140,108,115,2,101,23,106,120,44,184,187,183,185,164,174,149,165,178,49,68,43,60,20,31,15,74,50,34,95,76,79,162,147,194,177,188,87,166,116,137,71,146,83,152,122,136,82,142,65,107,30,193,91,148,36,157,141,143,58,84,27,59,40,69,6,38,37,54,21,132,80,196,61,66,139,110,151,198,182,189,154,105,186,175,176,128,180,13,75,62,67,45,56,78,73,114,41,160,85,156,125,195,181,133,179,111,170,11,86,33,169,131,159,94,97,129,102,109,70,103,98,150,53,145,89,161
1,1,1,1,1,1,1,1,1,1,1,1,1,1,1,1,1,1,1,1,1,1,1,1,1,1,1,1,1,1,1,1,1,1,1,1,1,1,1,1,1,1,1,1,1,4,4,4,4,4,4,4,4,4,4,4,4,4,4,4,4,4,4,4,4,4,4,4,4,4,4,4,4,4,4,4,4,4,4,4,4,4,4,4,4,4,4,4,0,0,0,0,0,0,0,0,0,0,0,0,0,0,0,0,0,0,0,0,0,0,0,0,0,0,2,2,2,2,2,2,2,2,2,2,2,2,2,2,2,2,2,2,2,2,2,2,2,2,2,2,2,2,2,2,2,2,2,2,2,2,2,2,2,2,2,2,2,3,3,3,3,3,3,3,3,3,3,3,3,3,3,3,3,3,3,3,3,3,3,3,3,3,3,3,3,3,3,3,3,3,3,3,3,3,3,3,3,3,3,3
50;1666912681748276242;1397;6353686.25625
0,10,1,26,5,57,77,28,81,55,98,173,113,191,172,192,163,199,197,183,190,102,104,92,127,88,168,43,138,135,158,131,155,93,124,35,126,123,4,17,16,32,167,90,121,47,140,133,171,134,153,24,103,100,144,130,185,184,187,164,174,42,115,80,96,44,118,48,101,2,11,3,8,108,63,99,72,18,106,120,9,29,22,12,64,25,39,23,51,14,46,34,95,76,79,112,114,137,116,162,31,15,74,60,50,68,52,166,149,165,178,175,188,181,177,194,87,132,66,157,141,143,58,84,27,38,37,111,148,83,142,61,193,91,154,105,186,182,189,198,151,196,82,152,49,59,30,107,139,6,69,36,54,21,136,122,146,71,78,73,176,40,62,67,20,145,110,170,13,86,53,150,125,156,85,109,33,160,128,169,117,119,19,195,89,161,45,56,7,75,70,97,65,180,147,159,94,129,41,179
1,1,1,1,1,1,1,1,1,1,1,1,1,1,1,1,1,1,1,1,1,1,1,1,1,1,1,1,1,1,1,1,1,1,1,1,1,1,1,1,1,1,1,1,1,4,4,4,4,4,4,4,4,4,4,4,4,4,4,4,4,4,4,4,4,4,4,4,4,4,4,4,4,4,4,4,4,4,4,4,4,4,4,4,4,4,4,4,4,4,0,0,0,0,0,0,0,0,0,0,0,0,0,0,0,0,0,0,0,0,0,0,0,0,0,0,2,2,2,2,2,2,2,2,2,2,2,2,2,2,2,2,2,2,2,2,2,2,2,2,2,2,2,2,2,2,2,2,2,2,2,2,2,2,2,2,2,3,3,3,3,3,3,3,3,3,3,3,3,3,3,3,3,3,3,3,3,3,3,3,3,3,3,3,3,3,3,3,3,3,3,3,3,3,3,3,3,3,3,3
best;83674907983555125;1390;9492412.17625
0,121,98,44,77,16,32,57,1,10,5,17,4,26,81,55,119,92,127,93,124,88,123,90,173,131,158,135,168,134,155,72,126,28,190,163,167,104,192,197,199,172,191,125,138,47,140,12,64,24,118,100,153,117,130,198,195,2,11,3,99,63,108,144,25,48,22,29,9,133,171,42,174,164,185,183,187,184,18,96,80,115,23,101,40,120,35,39,14,106,102,156,89,129,19,97,65,78,73,160,128,180,13,75,70,109,85,103,94,170,145,110,176,45,56,7,161,141,169,33,86,41,150,53,62,67,20,46,8,51,43,74,50,60,34,79,76,95,31,15,68,52,165,149,159,107,166,113,114,137,112,87,194,177,179,147,162,116,178,175,188,181,186,182,189,193,151,152,122,146,66,111,142,82,83,71,148,58,139,61,157,91,136,49,84,27,132,36,69,6,38,37,54,21,154,196,105,143,30,59
1,1,1,1,1,1,1,1,1,1,1,1,1,1,1,1,1,1,1,1,1,1,1,1,1,1,1,1,1,1,1,1,1,1,1,1,1,1,1,1,1,1,1,1,1,4,4,4,4,4,4,4,4,4,4,4,4,4,4,4,4,4,4,4,4,4,4,4,4,4,4,4,4,4,4,4,4,4,4,4,4,4,4,4,4,4,4,4,4,4,3,3,3,3,3,3,3,3,3,3,3,3,3,3,3,3,3,3,3,3,3,3,3,3,3,3,3,3,3,3,3,3,3,3,3,3,0,0,0,0,0,0,0,0,0,0,0,0,0,0,0,0,0,0,0,0,0,0,0,0,0,0,0,0,0,0,0,0,0,0,0,2,2,2,2,2,2,2,2,2,2,2,2,2,2,2,2,2,2,2,2,2,2,2,2,2,2,2,2,2,2,2,2,2,2,2,2,2,2,2
