problem;d198n
useTBAS;0
run;seed;cost;time_ms
0;9176377229071207081;3111;1419331.778566
0,51,69,65,73,31,5,15,12,17,7,9,8,4,1,149,81,157,136,169,119,147,99,101,77,116,13,113,35,40,18,177,162,172,168,192,155,161,141,190,186,197,193,194,86,106,19,118,105,124,27,47,26,59,20,42,25,46,39,58,30,87,61,125,28,114,82,109,56,93,41,94,78,22,49,21,170,120,156,123,164,127,150,145,183,182,185,174,188,80,91,63,166,96,159,111,158,83,84,33,75,48,135,110,133,128,146,122,140,103,107,71,92,74,104,55,191,165,196,189,195,178,184,167,137,151,130,153,131,132,97,34,139,126,134,62,181,154,163,160,171,121,142,66,112,16,43,11,70,60,72,52,143,90,179,89,176,175,180,115,187,100,129,76,98,37,85,32,50,23,57,44,64,24,95,45,108,29,53,38,36,152,117,173,102,148,138,144,10,68,67,88,54,79,14,3,6,2
3,3,3,3,3,3,3,3,3,3,3,3,3,3,3,3,3,3,3,3,3,3,3,3,3,3,3,3,3,3,3,3,3,3,3,3,3,3,3,3,3,3,3,3,3,3,3,3,3,3,3,3,2,2,2,2,2,2,2,2,2,2,2,2,2,2,2,2,2,2,2,2,2,2,2,2,2,2,2,2,2,2,2,2,2,2,2,2,2,2,2,2,2,2,2,2,2,2,2,1,1,1,1,1,1,1,1,1,1,1,1,1,1,1,1,1,1,1,1,1,1,1,1,1,1,1,1,1,1,1,1,1,1,1,1,1,1,1,1,1,1,1,1,1,1,1,1,1,1,1,1,1,1,0,0,0,0,0,0,0,0,0,0,0,0,0,0,0,0,0,0,0,0,0,0,0,0,0,0,0,0,0,0,0,0,0,0,0,0,0,0,0,0,0,0,0,0,0
1;76241568449944305;3127;2164477.558189
0,8,9,5,118,7,17,12,40,35,51,27,47,31,4,1,15,13,69,65,124,101,116,19,106,99,168,172,136,149,81,177,162,197,193,194,175,183,182,186,190,187,192,155,157,90,143,141,147,119,169,86,161,105,113,80,188,89,156,145,166,96,114,26,94,78,91,83,84,39,42,25,170,120,125,61,87,30,58,41,59,20,49,23,93,56,109,82,150,117,174,123,164,127,159,111,158,28,33,21,46,22,2,6,3,14,144,138,173,100,129,77,88,67,68,10,108,45,73,38,53,29,50,32,57,44,85,37,98,76,152,36,64,180,115,185,178,179,148,24,95,54,79,60,70,52,133,110,153,126,151,130,139,34,92,74,75,48,72,16,62,55,104,66,135,63,134,97,142,131,132,103,112,18,43,11,140,137,167,121,171,102,146,128,176,181,154,195,189,196,165,191,122,163,160,184,71,107
3,3,3,3,3,3,3,3,3,3,3,3,3,3,3,3,3,3,3,3,3,3,3,3,3,3,3,3,3,3,3,3,3,3,3,3,3,3,3,3,3,3,3,3,3,3,3,3,3,3,3,3,3,3,3,2,2,2,2,2,2,2,2,2,2,2,2,2,2,2,2,2,2,2,2,2,2,2,2,2,2,2,2,2,2,2,2,2,2,2,2,2,2,2,2,2,2,2,2,2,2,2,2,0,0,0,0,0,0,0,0,0,0,0,0,0,0,0,0,0,0,0,0,0,0,0,0,0,0,0,0,0,0,0,0,0,0,0,0,0,0,0,0,1,1,1,1,1,1,1,1,1,1,1,1,1,1,1,1,1,1,1,1,1,1,1,1,1,1,1,1,1,1,1,1,1,1,1,1,1,1,1,1,1,1,1,1,1,1,1,1,1,1,1,1,1,1,1
2;11569656429252920891;3137;1875011.364553
0,51,35,73,65,69,7,17,5,9,8,4,1,124,18,40,12,15,13,113,102,118,101,190,186,197,193,189,194,192,155,161,105,143,141,177,99,149,136,157,90,169,168,172,77,116,19,31,47,27,106,86,147,119,153,55,62,134,126,151,130,139,34,92,74,104,66,103,132,131,142,121,171,137,140,122,146,128,133,110,135,60,70,52,107,71,181,97,112,48,196,178,184,167,191,154,163,72,16,43,11,75,33,23,49,20,42,25,46,22,59,26,94,81,125,96,195,162,170,120,123,164,127,159,145,156,30,58,41,93,56,83,84,80,188,182,183,165,166,63,91,21,174,117,150,28,109,82,114,111,158,61,87,78,39,88,54,79,24,64,29,50,32,57,44,85,45,95,67,129,100,144,138,148,180,115,187,160,185,175,176,179,89,173,76,152,36,38,53,37,98,108,10,68,14,3,6,2
3,3,3,3,3,3,3,3,3,3,3,3,3,3,3,3,3,3,3,3,3,3,3,3,3,3,3,3,3,3,3,3,3,3,3,3,3,3,3,3,3,3,3,3,3,3,3,3,3,3,3,3,3,3,1,1,1,1,1,1,1,1,1,1,1,1,1,1,1,1,1,1,1,1,1,1,1,1,1,1,1,1,1,1,1,1,1,1,1,1,1,1,1,1,1,1,1,1,1,1,1,1,2,2,2,2,2,2,2,2,2,2,2,2,2,2,2,2,2,2,2,2,2,2,2,2,2,2,2,2,2,2,2,2,2,2,2,2,2,2,2,2,2,2,2,2,2,2,2,2,2,2,2,2,0,0,0,0,0,0,0,0,0,0,0,0,0,0,0,0,0,0,0,0,0,0,0,0,0,0,0,0,0,0,0,0,0,0,0,0,0,0,0,0,0,0,0,0
3;8006770736520076435;3125;2014392.643402
0,8,9,7,17,5,47,27,73,65,69,51,169,136,157,161,102,118,101,116,77,172,80,149,1,4,40,35,113,13,15,12,31,19,106,34,124,119,147,99,190,186,182,183,168,192,155,194,189,193,197,162,177,141,143,90,179,89,129,29,50,32,85,37,98,36,152,76,173,10,68,45,108,105,144,138,148,100,187,115,180,57,44,88,54,95,64,24,79,38,53,14,3,6,33,28,109,82,114,20,59,26,46,25,42,23,49,2,94,81,87,61,93,41,84,39,58,30,156,120,170,165,185,174,117,150,127,195,175,188,145,158,111,159,56,83,164,123,125,96,166,63,91,67,78,21,22,18,92,74,171,121,167,137,140,122,191,154,181,71,107,103,66,104,86,146,97,112,16,72,52,134,126,139,130,163,160,184,178,196,176,48,135,110,133,128,132,131,142,151,153,55,75,62,60,70,11,43
3,3,3,3,3,3,3,3,3,3,3,3,3,3,3,3,3,3,3,3,3,3,3,3,3,3,3,3,3,3,3,3,3,3,3,3,3,3,3,3,3,3,3,3,3,3,3,3,3,3,3,3,3,3,3,0,0,0,0,0,0,0,0,0,0,0,0,0,0,0,0,0,0,0,0,0,0,0,0,0,0,0,0,0,0,0,0,0,0,0,0,0,0,2,2,2,2,2,2,2,2,2,2,2,2,2,2,2,2,2,2,2,2,2,2,2,2,2,2,2,2,2,2,2,2,2,2,2,2,2,2,2,2,2,2,2,2,2,2,2,2,2,2,2,2,2,2,1,1,1,1,1,1,1,1,1,1,1,1,1,1,1,1,1,1,1,1,1,1,1,1,1,1,1,1,1,1,1,1,1,1,1,1,1,1,1,1,1,1,1,1,1,1,1,1,1,1,1
4;10222608011239175760;3139;1804520.265046
0,8,9,7,47,13,15,12,31,5,17,4,1,106,89,157,90,177,162,197,193,194,187,190,77,124,19,116,101,65,69,51,35,40,18,113,105,155,192,141,143,99,147,119,149,136,172,168,169,86,118,102,161,153,131,195,189,196,160,184,178,181,110,135,72,52,133,128,146,97,112,74,139,66,104,60,70,11,75,55,191,71,107,103,132,126,151,130,167,171,121,140,34,92,16,43,27,48,62,33,30,58,21,22,46,25,42,26,59,20,49,23,114,82,109,56,93,80,188,182,183,96,142,164,63,166,137,156,120,170,165,186,111,158,159,28,94,83,134,127,150,145,174,123,125,81,87,61,84,67,91,78,39,79,54,88,14,3,6,57,44,148,138,180,175,185,36,152,117,173,76,129,100,144,122,163,154,176,115,179,37,98,32,85,95,24,64,29,53,38,73,45,108,10,68,41,50,2
3,3,3,3,3,3,3,3,3,3,3,3,3,3,3,3,3,3,3,3,3,3,3,3,3,3,3,3,3,3,3,3,3,3,3,3,3,3,3,3,3,3,3,3,3,3,3,3,3,3,3,3,3,1,1,1,1,1,1,1,1,1,1,1,1,1,1,1,1,1,1,1,1,1,1,1,1,1,1,1,1,1,1,1,1,1,1,1,1,1,1,1,1,1,1,1,1,1,1,2,2,2,2,2,2,2,2,2,2,2,2,2,2,2,2,2,2,2,2,2,2,2,2,2,2,2,2,2,2,2,2,2,2,2,2,2,2,2,2,2,2,2,2,2,2,2,2,2,2,2,2,2,0,0,0,0,0,0,0,0,0,0,0,0,0,0,0,0,0,0,0,0,0,0,0,0,0,0,0,0,0,0,0,0,0,0,0,0,0,0,0,0,0,0,0,0,0,0
5;83674907983555125;3156;1843499.977675
0,8,9,7,17,12,40,18,113,54,183,182,196,197,162,177,81,106,1,4,124,19,116,13,31,16,47,35,51,69,65,101,118,102,161,157,169,86,194,189,193,186,190,187,192,168,172,136,149,141,143,105,155,77,147,99,112,97,131,132,126,139,74,75,55,166,165,171,160,163,130,151,56,72,52,107,71,104,27,43,11,70,60,92,34,191,154,181,176,66,103,135,48,62,153,121,167,184,178,195,137,140,122,146,128,133,90,185,175,180,115,144,110,173,138,148,179,100,129,67,88,2,14,3,85,37,98,76,152,36,57,32,50,29,64,95,24,79,44,108,10,68,45,73,38,53,15,5,6,46,22,49,23,114,82,109,39,78,87,30,58,41,93,63,164,158,111,159,145,174,188,80,94,26,59,20,42,25,91,89,156,120,170,28,33,84,83,61,125,96,142,119,134,127,150,117,123,21
3,3,3,3,3,3,3,3,3,3,3,3,3,3,3,3,3,3,3,3,3,3,3,3,3,3,3,3,3,3,3,3,3,3,3,3,3,3,3,3,3,3,3,3,3,3,3,3,3,3,3,3,3,3,3,1,1,1,1,1,1,1,1,1,1,1,1,1,1,1,1,1,1,1,1,1,1,1,1,1,1,1,1,1,1,1,1,1,1,1,1,1,1,1,1,1,1,1,1,1,1,1,1,1,1,1,0,0,0,0,0,0,0,0,0,0,0,0,0,0,0,0,0,0,0,0,0,0,0,0,0,0,0,0,0,0,0,0,0,0,0,0,0,0,0,0,0,0,2,2,2,2,2,2,2,2,2,2,2,2,2,2,2,2,2,2,2,2,2,2,2,2,2,2,2,2,2,2,2,2,2,2,2,2,2,2,2,2,2,2,2,2,2,2,2,2,2,2
6;16633518659454552880;3140;1523103.576347
0,51,35,47,16,31,13,15,12,17,5,9,7,8,4,40,18,69,65,101,172,168,192,155,183,105,124,19,106,81,149,136,157,161,190,186,175,194,189,193,197,162,177,141,143,99,147,119,169,86,118,102,116,90,113,80,188,178,185,182,196,30,58,39,46,25,42,1,114,96,125,123,164,158,111,159,127,150,82,109,56,93,78,87,61,84,83,91,63,174,145,156,120,170,28,94,20,49,21,22,59,26,33,6,3,14,88,67,187,115,176,77,89,180,23,57,44,148,138,144,110,173,117,152,54,95,41,53,2,85,37,179,76,129,29,50,32,68,10,108,45,73,38,36,64,24,79,60,62,48,135,74,139,130,151,195,137,140,34,92,71,181,154,191,122,146,128,133,97,104,66,103,107,98,112,100,134,126,132,131,142,166,165,171,121,167,184,160,163,55,70,11,75,72,52,153,27,43
3,3,3,3,3,3,3,3,3,3,3,3,3,3,3,3,3,3,3,3,3,3,3,3,3,3,3,3,3,3,3,3,3,3,3,3,3,3,3,3,3,3,3,3,3,3,3,3,3,3,3,3,3,3,3,2,2,2,2,2,2,2,2,2,2,2,2,2,2,2,2,2,2,2,2,2,2,2,2,2,2,2,2,2,2,2,2,2,2,2,2,2,2,2,2,2,2,2,2,2,2,2,2,0,0,0,0,0,0,0,0,0,0,0,0,0,0,0,0,0,0,0,0,0,0,0,0,0,0,0,0,0,0,0,0,0,0,0,0,0,0,0,0,0,0,0,0,1,1,1,1,1,1,1,1,1,1,1,1,1,1,1,1,1,1,1,1,1,1,1,1,1,1,1,1,1,1,1,1,1,1,1,1,1,1,1,1,1,1,1,1,1,1,1,1,1,1,1
7;3348662810425028053;3126;2076857.307177
0,33,28,188,182,186,165,170,120,156,30,58,41,93,56,109,82,150,117,174,145,159,111,158,166,96,114,20,42,25,46,22,49,23,125,63,91,21,123,134,127,164,78,39,84,24,59,26,94,61,87,80,113,54,149,81,106,1,4,8,9,5,31,12,40,18,194,175,183,168,172,136,157,161,155,192,187,190,141,143,99,147,86,169,110,124,27,47,13,15,7,17,116,77,98,35,51,19,69,65,101,118,102,177,162,197,193,196,178,184,160,176,181,167,171,130,139,34,92,74,97,112,66,104,71,107,103,135,16,43,37,72,60,62,48,75,55,70,52,153,121,142,131,132,126,151,137,195,189,191,119,140,122,146,128,133,90,179,154,163,100,129,89,152,76,173,105,144,138,148,180,115,185,83,95,67,88,57,32,50,11,64,36,68,10,79,44,85,29,53,38,108,45,73,14,3,6,2
2,2,2,2,2,2,2,2,2,2,2,2,2,2,2,2,2,2,2,2,2,2,2,2,2,2,2,2,2,2,2,2,2,2,2,2,2,2,2,2,2,2,2,2,2,2,2,2,2,2,2,3,3,3,3,3,3,3,3,3,3,3,3,3,3,3,3,3,3,3,3,3,3,3,3,3,3,3,3,3,3,3,3,3,3,3,3,3,3,3,3,3,3,3,3,3,3,3,3,3,3,3,3,3,3,3,1,1,1,1,1,1,1,1,1,1,1,1,1,1,1,1,1,1,1,1,1,1,1,1,1,1,1,1,1,1,1,1,1,1,1,1,1,1,1,1,1,1,1,1,1,1,1,1,1,1,0,0,0,0,0,0,0,0,0,0,0,0,0,0,0,0,0,0,0,0,0,0,0,0,0,0,0,0,0,0,0,0,0,0,0,0,0,0,0,0,0,0
8;1625020296661546126;3165;1901418.658841
0,8,9,7,17,5,15,13,69,65,83,124,27,47,40,12,31,4,1,106,19,51,35,113,80,149,81,177,162,197,193,182,186,190,189,194,86,147,119,169,105,161,141,155,192,168,172,77,116,99,101,118,90,163,138,144,102,173,148,179,89,180,115,187,100,129,76,152,45,73,36,64,24,79,38,108,10,68,29,50,32,85,44,88,54,95,37,53,14,3,6,2,57,23,49,20,59,26,94,78,93,41,58,30,87,61,125,120,156,123,134,127,164,158,111,159,157,170,160,166,137,188,175,195,154,174,117,150,145,183,165,185,82,109,96,114,28,33,42,25,46,39,84,67,91,21,22,18,72,56,191,131,142,97,34,140,122,146,136,181,176,196,178,184,167,130,151,16,92,71,107,103,66,112,98,104,55,62,60,75,48,135,110,153,121,171,74,139,126,132,128,133,63,143,52,70,11,43
3,3,3,3,3,3,3,3,3,3,3,3,3,3,3,3,3,3,3,3,3,3,3,3,3,3,3,3,3,3,3,3,3,3,3,3,3,3,3,3,3,3,3,3,3,3,3,3,3,3,3,3,0,0,0,0,0,0,0,0,0,0,0,0,0,0,0,0,0,0,0,0,0,0,0,0,0,0,0,0,0,0,0,0,0,0,0,0,0,0,0,0,0,2,2,2,2,2,2,2,2,2,2,2,2,2,2,2,2,2,2,2,2,2,2,2,2,2,2,2,2,2,2,2,2,2,2,2,2,2,2,2,2,2,2,2,2,2,2,2,2,2,2,2,2,2,2,1,1,1,1,1,1,1,1,1,1,1,1,1,1,1,1,1,1,1,1,1,1,1,1,1,1,1,1,1,1,1,1,1,1,1,1,1,1,1,1,1,1,1,1,1,1,1,1,1,1,1
9;8722260422266777814;3128;1647295.265328
0,8,9,7,17,12,15,13,31,47,40,4,1,106,101,118,19,69,65,124,119,169,86,147,99,161,157,136,172,77,116,90,143,35,51,190,186,182,183,168,192,54,155,5,113,18,194,193,197,162,177,141,149,80,142,96,114,82,109,21,49,22,46,25,42,20,84,83,56,93,41,59,26,94,81,87,61,125,120,156,111,158,166,63,91,67,78,164,123,170,165,185,174,188,30,58,39,159,145,150,127,134,28,33,133,128,132,131,121,167,137,171,160,163,154,191,55,104,66,135,110,153,130,151,126,139,74,92,34,196,189,195,178,184,71,181,97,112,16,43,27,70,52,72,60,62,75,48,107,103,140,122,146,45,73,23,68,10,108,105,187,115,180,175,176,179,89,95,14,53,29,50,11,64,24,79,38,36,152,117,173,102,144,138,148,100,129,76,98,37,85,32,57,44,88,3,6,2
3,3,3,3,3,3,3,3,3,3,3,3,3,3,3,3,3,3,3,3,3,3,3,3,3,3,3,3,3,3,3,3,3,3,3,3,3,3,3,3,3,3,3,3,3,3,3,3,3,3,3,3,3,2,2,2,2,2,2,2,2,2,2,2,2,2,2,2,2,2,2,2,2,2,2,2,2,2,2,2,2,2,2,2,2,2,2,2,2,2,2,2,2,2,2,2,2,2,2,2,2,2,2,1,1,1,1,1,1,1,1,1,1,1,1,1,1,1,1,1,1,1,1,1,1,1,1,1,1,1,1,1,1,1,1,1,1,1,1,1,1,1,1,1,1,1,1,1,1,1,1,1,1,0,0,0,0,0,0,0,0,0,0,0,0,0,0,0,0,0,0,0,0,0,0,0,0,0,0,0,0,0,0,0,0,0,0,0,0,0,0,0,0,0,0,0,0,0
10;18422523289718600251;3145;1385737.303602
0,2,46,25,42,20,114,82,170,120,125,23,49,22,21,58,30,87,61,84,83,91,80,188,182,185,119,159,96,166,63,109,56,93,78,39,94,41,59,26,33,28,158,111,156,145,150,127,164,123,117,174,180,89,152,45,53,37,85,44,88,67,129,100,173,102,144,138,148,163,154,176,115,187,108,10,68,79,38,36,64,29,50,6,3,14,95,24,57,32,98,76,179,90,134,97,142,130,151,126,139,74,92,48,112,66,104,55,153,131,132,103,107,71,191,122,140,137,167,121,171,165,196,189,195,178,184,160,181,136,146,128,133,110,135,72,52,70,60,62,75,11,43,18,40,19,116,77,183,155,157,161,35,47,16,113,54,73,65,101,118,105,143,8,9,7,17,5,31,12,15,13,69,51,190,186,175,194,193,197,168,172,162,177,81,149,141,192,99,147,86,169,27,124,34,106,1,4
2,2,2,2,2,2,2,2,2,2,2,2,2,2,2,2,2,2,2,2,2,2,2,2,2,2,2,2,2,2,2,2,2,2,2,2,2,2,2,2,2,2,2,2,2,2,2,2,2,2,2,2,0,0,0,0,0,0,0,0,0,0,0,0,0,0,0,0,0,0,0,0,0,0,0,0,0,0,0,0,0,0,0,0,0,0,0,0,0,0,0,0,0,1,1,1,1,1,1,1,1,1,1,1,1,1,1,1,1,1,1,1,1,1,1,1,1,1,1,1,1,1,1,1,1,1,1,1,1,1,1,1,1,1,1,1,1,1,1,1,1,1,1,3,3,3,3,3,3,3,3,3,3,3,3,3,3,3,3,3,3,3,3,3,3,3,3,3,3,3,3,3,3,3,3,3,3,3,3,3,3,3,3,3,3,3,3,3,3,3,3,3,3,3,3,3,3,3
11;12120595211417451604;3124;1846555.386259
0,51,69,65,124,119,147,77,172,19,118,12,40,1,4,8,9,5,17,7,15,13,31,27,47,16,113,35,116,101,190,186,175,192,168,183,34,106,81,149,141,177,162,197,193,189,194,86,169,136,157,155,161,105,143,99,184,160,171,103,132,131,142,151,130,167,121,140,122,146,128,133,110,135,62,60,92,74,153,52,72,48,75,18,43,11,70,55,104,66,112,98,107,71,139,126,134,97,181,154,191,165,196,178,195,90,163,36,152,89,180,148,138,144,2,50,29,85,32,57,44,88,67,95,54,79,24,64,68,10,173,76,129,100,187,115,176,179,37,53,38,108,45,73,14,3,6,22,21,46,25,42,20,59,26,49,23,33,28,94,78,39,58,30,156,145,150,56,93,41,91,83,84,80,188,182,185,174,111,158,137,166,63,164,127,159,96,114,82,109,102,170,117,123,120,125,61,87
3,3,3,3,3,3,3,3,3,3,3,3,3,3,3,3,3,3,3,3,3,3,3,3,3,3,3,3,3,3,3,3,3,3,3,3,3,3,3,3,3,3,3,3,3,3,3,3,3,3,3,3,3,3,3,1,1,1,1,1,1,1,1,1,1,1,1,1,1,1,1,1,1,1,1,1,1,1,1,1,1,1,1,1,1,1,1,1,1,1,1,1,1,1,1,1,1,1,1,1,1,1,1,1,1,0,0,0,0,0,0,0,0,0,0,0,0,0,0,0,0,0,0,0,0,0,0,0,0,0,0,0,0,0,0,0,0,0,0,0,0,0,0,0,0,0,2,2,2,2,2,2,2,2,2,2,2,2,2,2,2,2,2,2,2,2,2,2,2,2,2,2,2,2,2,2,2,2,2,2,2,2,2,2,2,2,2,2,2,2,2,2,2,2,2,2,2,2
12;11180516292616150398;3133;1854132.844439
0,2,59,22,156,111,158,159,145,174,117,170,21,91,83,56,93,61,87,30,58,41,94,78,164,39,84,24,109,28,33,46,25,42,20,49,23,125,120,188,182,186,165,166,63,134,127,150,82,114,96,112,62,48,75,55,104,74,92,34,139,126,153,130,151,137,195,189,191,178,184,160,171,167,121,142,66,103,132,131,97,181,71,107,52,72,60,70,11,140,122,146,128,133,110,135,16,43,27,47,26,51,1,4,69,65,124,123,157,161,35,113,80,101,190,162,177,81,106,13,15,12,31,5,17,7,9,8,40,18,194,86,169,119,147,99,143,141,149,136,172,168,192,155,196,197,193,175,183,77,116,19,118,90,179,176,115,187,154,163,105,185,36,64,44,88,14,3,6,50,32,57,180,89,152,76,129,100,148,138,173,102,144,10,68,67,95,54,79,38,53,29,85,37,98,108,45,73
2,2,2,2,2,2,2,2,2,2,2,2,2,2,2,2,2,2,2,2,2,2,2,2,2,2,2,2,2,2,2,2,2,2,2,2,2,2,2,2,2,2,2,2,2,2,2,2,2,2,1,1,1,1,1,1,1,1,1,1,1,1,1,1,1,1,1,1,1,1,1,1,1,1,1,1,1,1,1,1,1,1,1,1,1,1,1,1,1,1,1,1,1,1,1,1,1,1,3,3,3,3,3,3,3,3,3,3,3,3,3,3,3,3,3,3,3,3,3,3,3,3,3,3,3,3,3,3,3,3,3,3,3,3,3,3,3,3,3,3,3,3,3,3,3,3,3,3,3,3,3,3,3,0,0,0,0,0,0,0,0,0,0,0,0,0,0,0,0,0,0,0,0,0,0,0,0,0,0,0,0,0,0,0,0,0,0,0,0,0,0,0,0,0,0,0,0,0
13;13235578871255005297;3115;1926178.888909
0,8,9,7,15,13,69,65,124,1,4,17,12,40,18,113,80,172,168,183,182,192,155,161,35,143,141,147,86,169,136,157,190,175,194,189,193,196,197,162,177,102,118,101,116,19,51,149,81,106,27,47,5,31,26,114,82,150,117,123,170,120,125,96,166,137,156,33,158,111,159,127,134,28,109,56,93,41,59,20,42,25,46,22,21,91,83,94,78,67,84,61,87,30,58,49,39,164,145,174,185,165,186,188,178,195,167,184,160,171,121,128,146,122,140,119,191,154,181,71,107,63,135,110,133,97,112,99,151,130,142,131,153,126,139,34,92,74,75,55,62,60,72,52,70,48,43,16,104,66,103,132,90,179,176,89,180,115,187,100,163,105,144,138,148,14,95,24,64,36,98,37,53,45,73,38,79,54,152,76,173,44,57,32,50,29,85,77,129,23,68,10,108,11,88,3,6,2
3,3,3,3,3,3,3,3,3,3,3,3,3,3,3,3,3,3,3,3,3,3,3,3,3,3,3,3,3,3,3,3,3,3,3,3,3,3,3,3,3,3,3,3,3,3,3,3,3,3,3,3,3,3,2,2,2,2,2,2,2,2,2,2,2,2,2,2,2,2,2,2,2,2,2,2,2,2,2,2,2,2,2,2,2,2,2,2,2,2,2,2,2,2,2,2,2,2,2,2,2,2,2,2,1,1,1,1,1,1,1,1,1,1,1,1,1,1,1,1,1,1,1,1,1,1,1,1,1,1,1,1,1,1,1,1,1,1,1,1,1,1,1,1,1,1,1,1,1,1,1,1,0,0,0,0,0,0,0,0,0,0,0,0,0,0,0,0,0,0,0,0,0,0,0,0,0,0,0,0,0,0,0,0,0,0,0,0,0,0,0,0,0,0,0,0,0,0
14;17784125318686945540;3206;1018223.614178
0,16,31,5,15,13,113,18,172,136,161,105,143,99,149,81,106,8,9,1,4,69,65,124,25,40,35,47,42,51,19,118,12,17,7,116,101,190,186,182,193,189,194,175,192,141,177,162,197,196,154,167,169,147,119,153,130,151,191,56,72,62,60,112,97,181,131,132,103,171,121,142,66,104,55,75,74,92,34,139,126,134,52,70,11,43,27,48,135,110,133,128,146,122,140,137,195,178,184,71,107,90,185,80,148,138,144,102,173,117,152,76,129,77,85,32,57,44,88,54,79,24,95,14,73,38,108,45,64,36,163,100,187,115,180,23,50,29,68,10,176,179,89,98,37,53,3,6,33,21,49,20,59,26,94,28,109,82,114,111,158,145,188,168,170,160,166,96,125,120,123,164,157,159,127,150,86,156,155,183,165,174,63,91,30,58,41,93,2,22,46,39,78,67,84,83,61,87
3,3,3,3,3,3,3,3,3,3,3,3,3,3,3,3,3,3,3,3,3,3,3,3,3,3,3,3,3,3,3,3,3,3,3,3,3,3,3,3,3,3,3,3,3,3,3,3,3,3,3,3,3,3,3,1,1,1,1,1,1,1,1,1,1,1,1,1,1,1,1,1,1,1,1,1,1,1,1,1,1,1,1,1,1,1,1,1,1,1,1,1,1,1,1,1,1,1,1,1,1,0,0,0,0,0,0,0,0,0,0,0,0,0,0,0,0,0,0,0,0,0,0,0,0,0,0,0,0,0,0,0,0,0,0,0,0,0,0,0,0,0,0,0,0,0,0,2,2,2,2,2,2,2,2,2,2,2,2,2,2,2,2,2,2,2,2,2,2,2,2,2,2,2,2,2,2,2,2,2,2,2,2,2,2,2,2,2,2,2,2,2,2,2,2,2,2,2
15;15956506419893335137;3116;1978516.316481
0,51,124,119,169,86,161,157,141,143,90,118,102,113,18,47,35,40,12,17,5,9,7,8,4,15,13,31,19,69,65,73,54,147,99,116,101,190,130,172,162,177,194,189,193,197,182,183,168,192,155,105,106,81,149,136,146,128,133,110,135,11,43,27,70,60,62,92,34,140,122,191,154,181,97,112,16,72,52,153,151,142,131,132,126,139,74,171,121,167,184,160,163,48,75,55,104,66,103,107,71,195,178,187,158,173,10,68,32,50,29,53,38,79,44,64,45,108,83,152,36,57,88,14,3,6,144,138,148,100,129,77,85,95,37,98,76,179,89,176,115,180,175,185,165,166,137,196,186,188,80,84,24,59,26,94,20,49,23,33,28,150,127,159,111,156,145,174,117,123,134,63,164,61,87,30,58,39,42,25,170,120,125,96,114,82,109,56,93,41,91,67,78,22,21,1,46,2
3,3,3,3,3,3,3,3,3,3,3,3,3,3,3,3,3,3,3,3,3,3,3,3,3,3,3,3,3,3,3,3,3,3,3,3,3,3,3,3,3,3,3,3,3,3,3,3,3,3,3,3,3,3,3,1,1,1,1,1,1,1,1,1,1,1,1,1,1,1,1,1,1,1,1,1,1,1,1,1,1,1,1,1,1,1,1,1,1,1,1,1,1,1,1,1,1,1,1,1,1,1,0,0,0,0,0,0,0,0,0,0,0,0,0,0,0,0,0,0,0,0,0,0,0,0,0,0,0,0,0,0,0,0,0,0,0,0,0,0,0,0,0,2,2,2,2,2,2,2,2,2,2,2,2,2,2,2,2,2,2,2,2,2,2,2,2,2,2,2,2,2,2,2,2,2,2,2,2,2,2,2,2,2,2,2,2,2,2,2,2,2,2,2,2,2,2,2
16;2899130862535483918;3161;2176276.678533
0,8,9,7,17,5,31,13,15,12,40,4,1,172,18,113,80,116,101,65,69,51,35,47,27,124,105,118,19,106,81,157,161,86,169,168,192,187,190,186,155,183,182,188,175,194,189,193,197,162,177,130,147,141,143,90,132,131,133,110,135,103,107,71,104,74,142,66,72,16,43,11,75,55,60,62,48,70,52,92,34,139,126,153,136,146,128,121,171,167,184,160,163,119,140,122,151,137,195,178,191,154,181,99,112,96,173,100,129,77,85,25,53,37,179,176,115,180,148,138,144,89,108,10,68,64,36,98,76,152,29,50,32,57,45,73,38,79,24,95,54,88,14,3,6,123,97,114,82,185,165,196,174,117,170,149,156,120,125,61,87,30,58,21,93,44,145,159,111,158,164,39,84,67,78,109,102,166,63,91,83,56,150,127,134,28,33,23,49,22,46,26,94,41,59,20,42,2
3,3,3,3,3,3,3,3,3,3,3,3,3,3,3,3,3,3,3,3,3,3,3,3,3,3,3,3,3,3,3,3,3,3,3,3,3,3,3,3,3,3,3,3,3,3,3,3,3,3,3,3,3,3,3,1,1,1,1,1,1,1,1,1,1,1,1,1,1,1,1,1,1,1,1,1,1,1,1,1,1,1,1,1,1,1,1,1,1,1,1,1,1,1,1,1,1,1,1,1,1,1,1,1,1,0,0,0,0,0,0,0,0,0,0,0,0,0,0,0,0,0,0,0,0,0,0,0,0,0,0,0,0,0,0,0,0,0,0,0,0,0,0,0,2,2,2,2,2,2,2,2,2,2,2,2,2,2,2,2,2,2,2,2,2,2,2,2,2,2,2,2,2,2,2,2,2,2,2,2,2,2,2,2,2,2,2,2,2,2,2,2,2,2,2,2,2,2
17;11850605890185619915;3153;1946878.985839
0,8,9,5,31,12,40,4,1,47,35,161,157,155,105,190,186,192,194,193,197,162,177,141,149,99,106,17,7,15,13,113,80,124,19,172,130,147,77,116,90,169,86,118,101,65,69,51,11,50,29,68,10,108,45,73,38,173,117,152,76,129,100,148,138,144,102,180,175,176,115,187,154,158,32,57,44,85,37,179,89,95,14,53,36,64,24,79,54,88,3,6,48,135,110,133,97,146,128,132,103,191,189,195,178,181,71,107,72,60,70,62,55,104,66,139,126,184,160,163,122,140,34,92,18,75,74,171,137,167,121,142,119,151,98,112,16,43,27,143,131,153,52,134,127,159,111,188,182,185,165,183,136,196,168,170,123,164,78,67,91,63,174,145,150,28,109,82,114,96,125,120,156,30,58,39,84,83,56,93,21,22,49,23,33,26,46,25,42,20,59,41,94,61,87,81,166,2
3,3,3,3,3,3,3,3,3,3,3,3,3,3,3,3,3,3,3,3,3,3,3,3,3,3,3,3,3,3,3,3,3,3,3,3,3,3,3,3,3,3,3,3,3,3,3,3,0,0,0,0,0,0,0,0,0,0,0,0,0,0,0,0,0,0,0,0,0,0,0,0,0,0,0,0,0,0,0,0,0,0,0,0,0,0,0,0,0,0,0,1,1,1,1,1,1,1,1,1,1,1,1,1,1,1,1,1,1,1,1,1,1,1,1,1,1,1,1,1,1,1,1,1,1,1,1,1,1,1,1,1,1,1,1,1,1,1,1,1,1,1,1,2,2,2,2,2,2,2,2,2,2,2,2,2,2,2,2,2,2,2,2,2,2,2,2,2,2,2,2,2,2,2,2,2,2,2,2,2,2,2,2,2,2,2,2,2,2,2,2,2,2,2,2,2,2,2
18;13353388233111958045;3103;2046909.351533
0,47,35,51,19,106,81,177,162,197,193,194,56,113,80,149,141,190,187,192,168,172,77,116,99,101,118,5,31,13,15,12,17,7,8,9,1,4,40,18,69,65,124,119,147,86,169,157,161,155,105,143,90,179,148,138,144,115,176,175,180,29,50,32,68,10,108,38,53,24,64,36,73,45,88,57,44,85,37,98,152,76,173,100,129,23,79,54,95,14,3,6,22,2,93,41,59,26,114,111,158,164,83,84,39,46,25,42,20,49,21,33,28,94,78,67,91,63,166,58,30,156,89,183,102,109,82,87,61,125,120,170,123,117,174,196,182,188,178,185,165,186,145,150,127,159,96,112,16,135,110,133,128,132,131,153,130,151,137,167,121,171,103,66,142,122,140,34,92,74,75,48,107,52,72,60,70,11,43,27,104,55,62,146,136,195,189,191,154,163,160,184,71,181,97,134,126,139
3,3,3,3,3,3,3,3,3,3,3,3,3,3,3,3,3,3,3,3,3,3,3,3,3,3,3,3,3,3,3,3,3,3,3,3,3,3,3,3,3,3,3,3,3,3,3,3,3,3,3,3,0,0,0,0,0,0,0,0,0,0,0,0,0,0,0,0,0,0,0,0,0,0,0,0,0,0,0,0,0,0,0,0,0,0,0,0,0,0,0,2,2,2,2,2,2,2,2,2,2,2,2,2,2,2,2,2,2,2,2,2,2,2,2,2,2,2,2,2,2,2,2,2,2,2,2,2,2,2,2,2,2,2,2,2,2,2,2,2,2,2,2,2,2,2,1,1,1,1,1,1,1,1,1,1,1,1,1,1,1,1,1,1,1,1,1,1,1,1,1,1,1,1,1,1,1,1,1,1,1,1,1,1,1,1,1,1,1,1,1,1,1,1,1,1,1,1
19;6644193456908987648;3122;2098178.091493
0,51,35,47,27,124,19,116,99,101,65,69,7,15,13,113,105,161,157,155,192,182,183,175,194,193,197,162,177,81,106,1,4,8,9,5,17,31,12,40,18,172,136,169,168,90,118,86,147,83,80,149,141,190,130,151,195,71,107,103,132,126,139,131,153,55,62,60,70,48,75,72,104,66,135,110,133,52,143,137,140,122,146,128,163,160,171,121,167,184,178,196,189,191,154,181,97,34,92,74,112,16,43,11,50,29,53,37,95,24,64,36,38,79,54,88,14,73,45,68,10,108,98,32,57,44,148,138,144,102,173,100,129,76,152,89,179,176,185,119,180,115,187,77,85,3,6,22,21,33,28,150,117,174,145,188,186,165,170,120,125,23,49,20,59,26,94,41,58,39,134,127,164,63,166,96,159,111,158,42,46,25,109,56,93,78,87,61,84,67,91,30,156,123,142,82,114,2
3,3,3,3,3,3,3,3,3,3,3,3,3,3,3,3,3,3,3,3,3,3,3,3,3,3,3,3,3,3,3,3,3,3,3,3,3,3,3,3,3,3,3,3,3,3,3,3,3,3,3,3,3,3,1,1,1,1,1,1,1,1,1,1,1,1,1,1,1,1,1,1,1,1,1,1,1,1,1,1,1,1,1,1,1,1,1,1,1,1,1,1,1,1,1,1,1,1,1,1,1,1,1,0,0,0,0,0,0,0,0,0,0,0,0,0,0,0,0,0,0,0,0,0,0,0,0,0,0,0,0,0,0,0,0,0,0,0,0,0,0,0,0,0,0,0,2,2,2,2,2,2,2,2,2,2,2,2,2,2,2,2,2,2,2,2,2,2,2,2,2,2,2,2,2,2,2,2,2,2,2,2,2,2,2,2,2,2,2,2,2,2,2,2,2,2,2,2
20;9748498986499756733;3130;2049014.43879
0,51,35,40,18,47,27,31,4,124,119,147,128,143,141,190,186,182,192,155,194,193,197,162,177,99,161,157,81,106,86,169,168,172,77,98,90,118,101,116,19,69,65,73,12,17,7,8,9,5,15,13,113,54,149,136,153,121,167,165,196,189,195,178,184,160,171,103,107,71,181,154,191,131,132,126,151,130,142,97,146,122,140,34,139,74,92,60,72,48,112,16,43,11,70,52,133,110,135,66,104,55,75,62,33,28,84,83,91,21,166,137,82,114,96,159,111,158,164,63,125,61,87,30,58,41,93,56,150,127,134,123,156,120,170,117,174,145,188,175,183,102,109,78,26,94,20,59,1,46,25,42,39,49,22,6,3,53,29,85,37,95,14,185,80,144,105,163,45,64,24,79,23,180,115,187,100,129,89,176,179,148,138,173,76,152,36,38,108,10,68,67,88,44,57,32,50,2
3,3,3,3,3,3,3,3,3,3,3,3,3,3,3,3,3,3,3,3,3,3,3,3,3,3,3,3,3,3,3,3,3,3,3,3,3,3,3,3,3,3,3,3,3,3,3,3,3,3,3,3,3,3,3,1,1,1,1,1,1,1,1,1,1,1,1,1,1,1,1,1,1,1,1,1,1,1,1,1,1,1,1,1,1,1,1,1,1,1,1,1,1,1,1,1,1,1,1,1,1,1,1,1,2,2,2,2,2,2,2,2,2,2,2,2,2,2,2,2,2,2,2,2,2,2,2,2,2,2,2,2,2,2,2,2,2,2,2,2,2,2,2,2,2,2,2,2,2,2,2,2,2,2,2,0,0,0,0,0,0,0,0,0,0,0,0,0,0,0,0,0,0,0,0,0,0,0,0,0,0,0,0,0,0,0,0,0,0,0,0,0,0,0,0,0,0,0
21;9610614758425770644;3129;991182.926428
0,8,4,1,15,13,69,65,101,116,77,155,192,175,194,193,197,162,177,141,149,99,168,172,130,190,186,182,183,136,157,161,86,147,119,169,90,118,102,113,18,124,105,106,19,51,35,47,40,12,17,7,9,5,31,26,59,20,42,25,46,22,21,49,23,114,82,109,56,93,78,164,158,111,159,39,87,81,125,61,83,84,33,30,58,41,94,28,166,63,91,80,188,174,165,185,123,117,150,145,156,120,170,127,134,97,146,55,133,128,132,103,107,71,181,154,191,167,137,151,126,153,121,142,131,143,52,92,74,139,34,140,122,171,160,184,178,196,189,195,66,104,27,43,11,70,60,62,75,48,135,16,72,112,96,173,110,144,138,148,44,64,36,163,100,187,115,176,179,89,180,54,88,67,68,10,108,98,37,95,24,79,38,53,14,50,29,85,32,57,73,45,152,76,129,3,6,2
3,3,3,3,3,3,3,3,3,3,3,3,3,3,3,3,3,3,3,3,3,3,3,3,3,3,3,3,3,3,3,3,3,3,3,3,3,3,3,3,3,3,3,3,3,3,3,3,3,3,3,3,3,3,3,2,2,2,2,2,2,2,2,2,2,2,2,2,2,2,2,2,2,2,2,2,2,2,2,2,2,2,2,2,2,2,2,2,2,2,2,2,2,2,2,2,2,2,2,2,2,2,2,2,2,1,1,1,1,1,1,1,1,1,1,1,1,1,1,1,1,1,1,1,1,1,1,1,1,1,1,1,1,1,1,1,1,1,1,1,1,1,1,1,1,1,1,1,1,1,1,1,1,1,0,0,0,0,0,0,0,0,0,0,0,0,0,0,0,0,0,0,0,0,0,0,0,0,0,0,0,0,0,0,0,0,0,0,0,0,0,0,0,0,0,0,0,0
22;16467222360164019310;3123;1909482.76643
0,22,21,123,120,125,61,87,30,58,41,93,56,84,78,91,25,46,39,42,20,59,26,94,81,166,165,186,182,188,89,156,145,164,127,170,168,174,117,150,82,109,28,33,49,23,114,111,159,96,143,63,134,126,151,130,139,34,92,52,70,11,43,16,135,110,133,128,146,97,142,121,140,137,167,171,160,184,178,195,189,191,154,181,71,107,103,132,131,153,55,75,72,60,62,48,176,74,104,66,112,99,147,119,124,18,69,13,15,1,4,40,12,17,7,9,8,5,31,27,47,35,51,73,65,83,106,19,116,101,118,102,161,157,122,155,192,141,149,136,172,80,113,105,169,86,183,175,194,193,197,196,187,190,162,177,90,185,115,180,148,138,144,100,163,158,173,38,53,29,64,36,152,45,95,24,79,54,88,67,68,10,108,44,57,179,37,98,76,129,77,85,32,50,14,3,6,2
2,2,2,2,2,2,2,2,2,2,2,2,2,2,2,2,2,2,2,2,2,2,2,2,2,2,2,2,2,2,2,2,2,2,2,2,2,2,2,2,2,2,2,2,2,2,2,2,2,1,1,1,1,1,1,1,1,1,1,1,1,1,1,1,1,1,1,1,1,1,1,1,1,1,1,1,1,1,1,1,1,1,1,1,1,1,1,1,1,1,1,1,1,1,1,1,1,1,1,1,1,3,3,3,3,3,3,3,3,3,3,3,3,3,3,3,3,3,3,3,3,3,3,3,3,3,3,3,3,3,3,3,3,3,3,3,3,3,3,3,3,3,3,3,3,3,3,3,3,3,3,3,3,3,3,3,0,0,0,0,0,0,0,0,0,0,0,0,0,0,0,0,0,0,0,0,0,0,0,0,0,0,0,0,0,0,0,0,0,0,0,0,0,0,0,0,0,0
23;11726302834367551336;3133;1894862.950698
0,43,11,70,55,104,66,103,132,131,139,126,151,119,135,110,153,121,171,160,184,167,191,189,195,71,107,52,72,60,62,75,48,16,92,34,140,122,146,74,98,112,97,142,128,133,90,179,176,89,180,115,187,100,163,154,181,117,152,36,64,45,88,44,57,2,14,144,102,173,138,148,37,53,38,79,24,95,67,68,10,108,76,129,29,50,32,85,3,6,22,21,46,25,42,39,58,91,63,164,158,111,156,145,150,127,159,96,166,137,196,82,109,56,93,41,59,26,114,23,49,20,123,134,120,170,28,33,84,61,125,81,94,78,87,30,188,178,185,182,186,165,174,80,149,136,157,161,86,169,83,147,130,190,77,116,101,118,5,31,19,106,99,143,141,177,162,197,193,194,175,183,54,113,105,155,192,168,172,18,69,65,73,12,15,13,47,27,124,51,35,40,17,7,9,1,4,8
1,1,1,1,1,1,1,1,1,1,1,1,1,1,1,1,1,1,1,1,1,1,1,1,1,1,1,1,1,1,1,1,1,1,1,1,1,1,1,1,1,1,1,1,1,1,0,0,0,0,0,0,0,0,0,0,0,0,0,0,0,0,0,0,0,0,0,0,0,0,0,0,0,0,0,0,0,0,0,0,0,0,0,0,0,0,0,0,0,2,2,2,2,2,2,2,2,2,2,2,2,2,2,2,2,2,2,2,2,2,2,2,2,2,2,2,2,2,2,2,2,2,2,2,2,2,2,2,2,2,2,2,2,2,2,2,2,2,2,2,2,2,2,3,3,3,3,3,3,3,3,3,3,3,3,3,3,3,3,3,3,3,3,3,3,3,3,3,3,3,3,3,3,3,3,3,3,3,3,3,3,3,3,3,3,3,3,3,3,3,3,3,3,3,3,3,3,3
24;8896860786397106362;3157;2127212.87957
0,101,77,172,136,183,168,192,187,190,186,194,189,193,197,162,177,102,118,19,116,35,40,8,4,31,5,9,7,17,12,15,13,113,18,69,65,73,54,149,81,157,161,99,147,141,143,105,106,86,169,110,124,51,16,47,48,112,27,43,11,70,60,72,52,153,131,132,103,107,71,181,154,191,151,126,184,178,195,63,133,128,135,66,104,74,92,34,139,130,167,160,171,121,140,122,146,55,62,75,33,21,22,20,49,23,125,120,156,155,166,137,170,165,196,182,175,188,174,145,164,123,97,142,111,158,61,87,30,58,41,59,26,42,25,46,1,84,39,94,28,134,83,91,78,93,56,109,82,150,127,159,96,114,45,95,24,79,38,53,37,85,44,88,67,129,76,98,89,176,115,180,119,185,80,108,10,144,6,3,14,68,64,29,163,36,152,117,173,138,148,100,90,179,57,32,50,2
3,3,3,3,3,3,3,3,3,3,3,3,3,3,3,3,3,3,3,3,3,3,3,3,3,3,3,3,3,3,3,3,3,3,3,3,3,3,3,3,3,3,3,3,3,3,3,3,3,3,3,3,3,3,3,1,1,1,1,1,1,1,1,1,1,1,1,1,1,1,1,1,1,1,1,1,1,1,1,1,1,1,1,1,1,1,1,1,1,1,1,1,1,1,1,1,1,1,1,1,2,2,2,2,2,2,2,2,2,2,2,2,2,2,2,2,2,2,2,2,2,2,2,2,2,2,2,2,2,2,2,2,2,2,2,2,2,2,2,2,2,2,2,2,2,2,2,2,2,2,2,2,2,2,0,0,0,0,0,0,0,0,0,0,0,0,0,0,0,0,0,0,0,0,0,0,0,0,0,0,0,0,0,0,0,0,0,0,0,0,0,0,0,0,0,0,0,0
25;6737285527070588895;3118;2051782.841933
0,51,1,4,8,9,7,47,35,40,12,17,5,15,13,113,80,149,81,106,34,124,105,161,157,141,177,162,197,193,194,175,183,77,190,155,192,18,172,136,169,90,116,102,118,86,147,99,101,65,69,19,31,26,59,21,22,46,25,42,20,114,28,94,78,93,56,109,82,150,145,159,127,134,123,164,63,166,158,111,186,182,188,178,185,165,174,168,170,120,156,89,91,83,84,39,49,23,125,61,87,30,58,33,2,6,3,14,53,38,79,54,88,57,32,50,29,85,37,98,108,45,73,44,148,138,144,10,68,67,95,24,64,41,173,117,152,36,163,119,180,115,187,100,129,76,179,96,112,97,181,154,191,176,160,184,167,130,139,126,153,151,137,196,189,195,71,107,52,143,131,132,103,140,122,146,72,16,135,110,133,128,142,121,171,74,92,60,62,48,75,27,43,11,70,55,104,66
3,3,3,3,3,3,3,3,3,3,3,3,3,3,3,3,3,3,3,3,3,3,3,3,3,3,3,3,3,3,3,3,3,3,3,3,3,3,3,3,3,3,3,3,3,3,3,3,3,3,3,3,3,2,2,2,2,2,2,2,2,2,2,2,2,2,2,2,2,2,2,2,2,2,2,2,2,2,2,2,2,2,2,2,2,2,2,2,2,2,2,2,2,2,2,2,2,2,2,2,2,2,2,2,2,0,0,0,0,0,0,0,0,0,0,0,0,0,0,0,0,0,0,0,0,0,0,0,0,0,0,0,0,0,0,0,0,0,0,0,0,0,0,0,0,0,0,1,1,1,1,1,1,1,1,1,1,1,1,1,1,1,1,1,1,1,1,1,1,1,1,1,1,1,1,1,1,1,1,1,1,1,1,1,1,1,1,1,1,1,1,1,1,1,1,1,1,1
26;11634350522773239934;3140;1849662.508892
0,51,35,47,7,9,8,197,193,194,155,192,168,172,130,190,77,116,101,118,90,143,141,177,81,106,19,124,27,31,5,17,12,40,18,113,105,161,99,147,86,169,157,136,149,54,73,65,79,1,4,15,13,69,26,59,33,28,114,82,109,56,93,41,58,30,87,61,125,23,49,20,42,25,46,39,84,80,91,83,158,111,159,145,150,127,164,162,183,182,188,178,186,165,170,120,156,123,174,78,94,22,21,2,166,96,180,175,185,36,64,24,95,89,179,76,152,117,173,138,148,44,57,32,50,29,85,37,53,38,108,45,88,67,129,122,144,100,187,115,176,10,68,14,3,6,62,60,112,98,74,92,16,43,11,70,48,75,72,52,107,71,191,154,181,97,142,131,132,126,153,121,140,137,171,167,184,160,163,55,104,66,103,196,189,195,63,135,110,133,128,146,102,151,119,134,34,139
3,3,3,3,3,3,3,3,3,3,3,3,3,3,3,3,3,3,3,3,3,3,3,3,3,3,3,3,3,3,3,3,3,3,3,3,3,3,3,3,3,3,3,3,3,3,3,3,3,3,3,3,3,3,2,2,2,2,2,2,2,2,2,2,2,2,2,2,2,2,2,2,2,2,2,2,2,2,2,2,2,2,2,2,2,2,2,2,2,2,2,2,2,2,2,2,2,2,2,2,2,2,2,2,2,2,0,0,0,0,0,0,0,0,0,0,0,0,0,0,0,0,0,0,0,0,0,0,0,0,0,0,0,0,0,0,0,0,0,0,0,0,0,0,0,1,1,1,1,1,1,1,1,1,1,1,1,1,1,1,1,1,1,1,1,1,1,1,1,1,1,1,1,1,1,1,1,1,1,1,1,1,1,1,1,1,1,1,1,1,1,1,1,1,1,1,1,1
27;7808547232002136844;3173;1715563.512054
0,51,1,4,31,13,15,12,40,18,113,5,8,9,7,17,73,65,69,19,106,81,149,136,172,162,177,141,147,119,186,190,175,194,193,197,168,192,155,161,157,169,90,118,101,116,35,47,26,50,32,57,24,64,36,152,117,173,76,129,100,187,115,185,77,85,29,53,38,79,54,95,89,180,102,144,105,163,138,148,179,37,98,108,10,68,45,88,14,3,6,46,25,42,20,59,22,2,21,170,120,188,80,84,39,58,30,156,145,174,82,109,96,183,182,111,159,137,166,158,83,164,63,91,67,78,87,61,125,123,134,127,150,86,124,44,93,41,94,28,33,49,23,114,110,135,48,27,104,66,142,122,140,34,92,74,171,121,167,165,191,56,72,16,151,130,153,126,139,99,112,60,62,75,55,146,128,133,97,181,154,176,160,184,178,196,189,195,71,107,103,132,131,143,52,70,11,43
3,3,3,3,3,3,3,3,3,3,3,3,3,3,3,3,3,3,3,3,3,3,3,3,3,3,3,3,3,3,3,3,3,3,3,3,3,3,3,3,3,3,3,3,3,3,3,3,3,0,0,0,0,0,0,0,0,0,0,0,0,0,0,0,0,0,0,0,0,0,0,0,0,0,0,0,0,0,0,0,0,0,0,0,0,0,0,0,0,0,2,2,2,2,2,2,2,2,2,2,2,2,2,2,2,2,2,2,2,2,2,2,2,2,2,2,2,2,2,2,2,2,2,2,2,2,2,2,2,2,2,2,2,2,2,2,2,2,2,2,2,2,2,1,1,1,1,1,1,1,1,1,1,1,1,1,1,1,1,1,1,1,1,1,1,1,1,1,1,1,1,1,1,1,1,1,1,1,1,1,1,1,1,1,1,1,1,1,1,1,1,1,1,1,1,1,1,1
28;3287009989320200796;3205;976359.164975
0,8,40,116,101,190,16,47,35,161,157,141,177,162,197,196,182,183,175,194,90,118,86,169,136,149,80,172,168,192,131,135,77,147,99,193,5,9,7,17,12,15,13,31,4,1,106,19,124,65,69,51,50,32,57,44,148,138,144,105,108,83,88,54,152,36,73,45,68,10,79,38,53,24,64,95,14,3,85,37,179,176,89,173,100,180,115,187,29,129,76,98,18,75,55,62,146,128,132,103,107,71,181,154,191,189,195,178,184,160,163,119,140,122,142,130,151,126,153,121,167,171,102,139,34,92,74,104,66,112,97,133,110,113,52,143,27,43,11,70,60,72,48,6,22,49,20,94,28,33,23,125,81,137,158,111,159,96,166,63,91,42,25,46,21,58,41,59,26,114,39,84,67,78,174,117,123,170,120,188,186,165,185,155,156,145,164,30,134,127,150,82,109,56,93,61,87,2
3,3,3,3,3,3,3,3,3,3,3,3,3,3,3,3,3,3,3,3,3,3,3,3,3,3,3,3,3,3,3,3,3,3,3,3,3,3,3,3,3,3,3,3,3,3,3,3,3,3,3,3,0,0,0,0,0,0,0,0,0,0,0,0,0,0,0,0,0,0,0,0,0,0,0,0,0,0,0,0,0,0,0,0,0,0,0,0,0,0,0,0,1,1,1,1,1,1,1,1,1,1,1,1,1,1,1,1,1,1,1,1,1,1,1,1,1,1,1,1,1,1,1,1,1,1,1,1,1,1,1,1,1,1,1,1,1,1,1,1,1,1,1,2,2,2,2,2,2,2,2,2,2,2,2,2,2,2,2,2,2,2,2,2,2,2,2,2,2,2,2,2,2,2,2,2,2,2,2,2,2,2,2,2,2,2,2,2,2,2,2,2,2,2,2,2,2,2
29;8484872300069380217;3116;1934652.624752
0,8,9,5,169,136,149,80,172,168,192,186,190,77,116,101,118,105,155,141,147,86,194,189,193,197,162,177,18,113,54,73,65,69,51,35,47,31,13,15,7,17,12,40,4,1,124,19,106,81,157,161,99,143,90,179,37,85,44,57,88,45,108,10,68,32,50,29,53,38,79,24,64,36,152,122,129,76,173,102,144,138,148,100,187,115,180,175,176,89,95,14,3,6,62,55,60,70,11,43,27,48,112,98,107,71,181,154,163,160,184,119,140,34,191,178,195,167,121,171,151,130,133,110,135,16,72,52,92,74,139,126,153,131,142,97,146,128,132,103,104,66,75,33,28,94,22,46,25,42,20,49,39,87,61,84,67,78,125,120,170,21,91,26,59,41,58,30,188,182,183,165,185,174,145,156,111,158,164,63,166,137,196,82,150,117,123,23,114,96,159,127,134,83,109,56,93,2
3,3,3,3,3,3,3,3,3,3,3,3,3,3,3,3,3,3,3,3,3,3,3,3,3,3,3,3,3,3,3,3,3,3,3,3,3,3,3,3,3,3,3,3,3,3,3,3,3,3,3,3,3,3,0,0,0,0,0,0,0,0,0,0,0,0,0,0,0,0,0,0,0,0,0,0,0,0,0,0,0,0,0,0,0,0,0,0,0,0,0,0,0,1,1,1,1,1,1,1,1,1,1,1,1,1,1,1,1,1,1,1,1,1,1,1,1,1,1,1,1,1,1,1,1,1,1,1,1,1,1,1,1,1,1,1,1,1,1,1,1,1,1,2,2,2,2,2,2,2,2,2,2,2,2,2,2,2,2,2,2,2,2,2,2,2,2,2,2,2,2,2,2,2,2,2,2,2,2,2,2,2,2,2,2,2,2,2,2,2,2,2,2,2,2,2,2,2
30;8138020970177873692;3113;1873422.719123
0,51,19,124,119,147,99,183,155,192,168,172,130,177,162,197,193,189,194,175,186,190,77,116,101,65,69,7,9,5,31,13,15,12,40,35,47,1,4,17,113,80,149,141,143,105,161,86,169,34,106,102,118,81,157,90,134,97,181,136,146,128,133,110,135,16,43,27,48,62,60,70,11,140,122,191,167,195,178,184,160,171,121,142,151,126,139,66,104,71,107,52,72,18,92,74,98,112,103,132,131,153,55,75,38,79,24,68,10,144,138,148,173,89,179,176,154,163,108,45,73,57,36,64,44,85,32,50,29,23,180,115,187,100,129,76,152,54,88,67,95,37,53,14,3,6,46,25,42,39,84,83,56,93,41,94,78,109,82,114,96,159,127,164,158,111,188,182,185,165,196,174,145,150,117,123,170,28,33,26,59,20,49,21,22,8,58,30,91,63,166,137,156,120,125,61,87,2
3,3,3,3,3,3,3,3,3,3,3,3,3,3,3,3,3,3,3,3,3,3,3,3,3,3,3,3,3,3,3,3,3,3,3,3,3,3,3,3,3,3,3,3,3,3,3,3,3,3,3,3,3,3,3,1,1,1,1,1,1,1,1,1,1,1,1,1,1,1,1,1,1,1,1,1,1,1,1,1,1,1,1,1,1,1,1,1,1,1,1,1,1,1,1,1,1,1,1,1,1,1,1,1,0,0,0,0,0,0,0,0,0,0,0,0,0,0,0,0,0,0,0,0,0,0,0,0,0,0,0,0,0,0,0,0,0,0,0,0,0,0,0,0,0,2,2,2,2,2,2,2,2,2,2,2,2,2,2,2,2,2,2,2,2,2,2,2,2,2,2,2,2,2,2,2,2,2,2,2,2,2,2,2,2,2,2,2,2,2,2,2,2,2,2,2,2,2
31;16735953543485209995;3124;1963259.200106
0,43,27,143,137,140,122,191,189,195,178,184,160,176,181,154,171,167,121,142,97,63,134,52,70,11,75,55,146,128,133,110,135,16,112,103,66,104,71,107,48,72,60,62,153,131,132,126,151,130,139,74,92,33,28,156,20,94,78,39,49,22,21,46,25,42,87,61,125,96,166,102,109,82,196,182,185,165,170,120,123,164,145,174,117,150,127,159,111,188,30,58,41,93,56,84,83,91,26,59,1,114,45,108,98,37,85,29,152,36,64,24,79,54,88,67,68,32,50,2,6,3,14,73,38,53,44,57,173,138,148,180,115,187,158,163,23,144,100,129,76,95,89,179,90,169,86,147,119,124,34,106,81,149,136,172,168,192,155,80,113,10,183,77,116,99,177,162,197,193,194,175,186,190,141,157,161,105,118,101,65,69,19,12,15,13,31,5,9,8,4,17,7,47,18,40,35,51
1,1,1,1,1,1,1,1,1,1,1,1,1,1,1,1,1,1,1,1,1,1,1,1,1,1,1,1,1,1,1,1,1,1,1,1,1,1,1,1,1,1,1,1,1,1,1,1,1,1,1,1,1,2,2,2,2,2,2,2,2,2,2,2,2,2,2,2,2,2,2,2,2,2,2,2,2,2,2,2,2,2,2,2,2,2,2,2,2,2,2,2,2,2,2,2,2,2,2,2,2,2,0,0,0,0,0,0,0,0,0,0,0,0,0,0,0,0,0,0,0,0,0,0,0,0,0,0,0,0,0,0,0,0,0,0,0,0,0,0,0,0,0,0,3,3,3,3,3,3,3,3,3,3,3,3,3,3,3,3,3,3,3,3,3,3,3,3,3,3,3,3,3,3,3,3,3,3,3,3,3,3,3,3,3,3,3,3,3,3,3,3,3,3,3,3,3,3
32;957827445528146549;3112;1916324.796136
0,8,9,5,15,13,31,12,73,65,69,19,118,7,17,4,1,192,168,172,130,190,186,182,183,175,194,189,193,197,162,177,141,147,86,169,119,124,51,35,47,40,18,113,101,155,105,106,81,149,136,157,161,99,116,90,143,131,191,167,171,121,142,128,146,122,140,137,195,178,184,160,163,154,181,62,133,110,135,16,43,27,48,70,60,72,52,153,74,139,34,92,71,107,103,132,126,151,66,104,97,112,55,75,38,36,64,24,79,54,95,89,98,37,179,176,115,187,77,129,100,173,76,152,80,185,102,144,138,148,180,11,88,67,68,10,108,45,85,29,50,32,57,44,53,14,3,6,93,56,109,82,150,127,134,28,170,120,188,145,156,22,21,33,84,39,78,164,158,111,159,96,114,23,49,20,59,41,58,30,87,61,125,123,117,174,196,165,166,63,91,83,94,26,42,25,46,2
3,3,3,3,3,3,3,3,3,3,3,3,3,3,3,3,3,3,3,3,3,3,3,3,3,3,3,3,3,3,3,3,3,3,3,3,3,3,3,3,3,3,3,3,3,3,3,3,3,3,3,3,3,3,3,1,1,1,1,1,1,1,1,1,1,1,1,1,1,1,1,1,1,1,1,1,1,1,1,1,1,1,1,1,1,1,1,1,1,1,1,1,1,1,1,1,1,1,1,1,1,1,1,1,0,0,0,0,0,0,0,0,0,0,0,0,0,0,0,0,0,0,0,0,0,0,0,0,0,0,0,0,0,0,0,0,0,0,0,0,0,0,0,0,0,0,0,2,2,2,2,2,2,2,2,2,2,2,2,2,2,2,2,2,2,2,2,2,2,2,2,2,2,2,2,2,2,2,2,2,2,2,2,2,2,2,2,2,2,2,2,2,2,2,2,2,2,2
33;9178821638437730898;3133;1664899.393954
0,8,9,4,1,31,27,124,19,51,172,168,183,182,197,193,194,86,147,99,116,101,118,105,113,13,15,5,17,7,69,65,73,12,40,18,192,141,149,136,169,34,106,81,177,162,190,157,161,35,47,16,50,32,57,23,29,64,36,152,45,108,10,68,67,129,100,179,76,173,122,144,138,148,102,185,175,180,115,187,77,85,2,6,3,14,88,54,95,24,79,44,53,38,43,11,140,119,151,130,139,126,153,131,132,103,107,71,195,189,196,178,184,160,163,154,191,167,121,171,66,104,98,135,110,133,128,146,37,72,52,143,90,112,97,181,176,74,92,60,62,48,70,55,75,33,28,150,82,109,63,166,155,156,145,174,117,123,164,127,134,120,125,61,87,78,94,41,93,56,83,158,111,159,137,170,165,186,188,80,91,89,142,96,114,26,59,21,58,30,46,25,42,20,49,39,84,22
3,3,3,3,3,3,3,3,3,3,3,3,3,3,3,3,3,3,3,3,3,3,3,3,3,3,3,3,3,3,3,3,3,3,3,3,3,3,3,3,3,3,3,3,3,3,3,3,3,3,3,3,0,0,0,0,0,0,0,0,0,0,0,0,0,0,0,0,0,0,0,0,0,0,0,0,0,0,0,0,0,0,0,0,0,0,0,0,0,0,0,0,0,1,1,1,1,1,1,1,1,1,1,1,1,1,1,1,1,1,1,1,1,1,1,1,1,1,1,1,1,1,1,1,1,1,1,1,1,1,1,1,1,1,1,1,1,1,1,1,1,1,1,1,1,2,2,2,2,2,2,2,2,2,2,2,2,2,2,2,2,2,2,2,2,2,2,2,2,2,2,2,2,2,2,2,2,2,2,2,2,2,2,2,2,2,2,2,2,2,2,2,2,2,2,2,2,2
34;2354512119315649564;3118;1655535.642851
0,43,16,112,97,142,130,151,126,139,34,92,74,135,110,133,128,146,122,140,137,171,167,121,153,131,132,103,107,71,191,154,181,176,160,184,178,195,66,104,55,143,52,72,60,62,48,70,11,75,18,50,32,98,37,85,44,57,73,45,108,10,68,29,53,38,79,54,88,67,95,24,64,36,163,100,129,77,187,115,180,148,138,144,14,2,6,3,179,89,173,76,152,117,150,82,114,23,49,20,42,25,46,30,156,145,158,111,159,102,185,165,170,120,125,96,166,63,109,56,93,41,58,39,84,61,87,81,94,83,134,127,164,123,174,188,80,91,21,22,78,28,33,59,26,47,27,124,65,69,19,116,101,118,90,161,99,147,119,169,86,194,189,193,196,197,162,177,141,149,136,157,155,172,168,192,175,183,182,186,190,105,113,31,5,15,13,106,1,4,8,9,7,17,12,40,35,51
1,1,1,1,1,1,1,1,1,1,1,1,1,1,1,1,1,1,1,1,1,1,1,1,1,1,1,1,1,1,1,1,1,1,1,1,1,1,1,1,1,1,1,1,1,1,1,1,1,1,0,0,0,0,0,0,0,0,0,0,0,0,0,0,0,0,0,0,0,0,0,0,0,0,0,0,0,0,0,0,0,0,0,0,0,0,0,0,0,0,0,0,0,2,2,2,2,2,2,2,2,2,2,2,2,2,2,2,2,2,2,2,2,2,2,2,2,2,2,2,2,2,2,2,2,2,2,2,2,2,2,2,2,2,2,2,2,2,2,2,2,2,2,2,3,3,3,3,3,3,3,3,3,3,3,3,3,3,3,3,3,3,3,3,3,3,3,3,3,3,3,3,3,3,3,3,3,3,3,3,3,3,3,3,3,3,3,3,3,3,3,3,3,3,3,3,3,3
35;10160966691791677292;3159;3446587.819779
0,101,118,19,69,65,73,17,7,8,9,5,31,12,15,13,106,99,116,77,190,130,147,119,124,90,143,105,161,157,141,177,162,172,168,183,175,192,155,110,169,86,197,193,189,194,56,113,80,149,1,4,40,35,47,26,59,20,42,25,46,39,58,41,93,63,166,160,170,120,156,30,91,83,84,78,94,28,158,111,159,96,125,81,87,61,196,178,188,182,186,174,145,150,127,134,123,164,102,109,82,114,23,49,22,21,33,6,3,14,2,53,38,79,54,88,57,32,50,29,129,100,187,115,180,89,98,76,152,117,173,138,148,44,85,37,179,176,154,163,36,185,24,64,45,108,10,68,67,95,51,144,126,132,131,151,137,195,71,184,167,191,165,171,121,142,97,112,103,133,128,146,136,181,122,140,34,139,74,104,66,135,16,72,18,92,48,75,55,62,60,70,11,43,27,153,52,107
3,3,3,3,3,3,3,3,3,3,3,3,3,3,3,3,3,3,3,3,3,3,3,3,3,3,3,3,3,3,3,3,3,3,3,3,3,3,3,3,3,3,3,3,3,3,3,3,3,3,3,3,3,3,3,2,2,2,2,2,2,2,2,2,2,2,2,2,2,2,2,2,2,2,2,2,2,2,2,2,2,2,2,2,2,2,2,2,2,2,2,2,2,2,2,2,2,2,2,2,2,2,2,2,2,2,2,0,0,0,0,0,0,0,0,0,0,0,0,0,0,0,0,0,0,0,0,0,0,0,0,0,0,0,0,0,0,0,0,0,0,0,0,0,0,0,0,0,0,0,0,0,1,1,1,1,1,1,1,1,1,1,1,1,1,1,1,1,1,1,1,1,1,1,1,1,1,1,1,1,1,1,1,1,1,1,1,1,1,1,1,1,1,1,1,1,1,1
36;27474500062045820;3159;1559404.660062
0,51,19,69,65,124,27,47,35,40,4,8,9,5,31,12,17,7,15,13,106,34,183,182,196,197,162,177,81,193,175,194,56,113,80,149,136,157,161,155,192,187,190,168,172,77,116,101,118,86,169,119,147,141,143,90,132,126,139,127,166,154,181,97,189,191,131,163,160,184,99,112,103,140,122,151,130,167,171,121,153,52,107,71,92,74,93,55,104,66,135,110,133,128,146,48,75,18,43,11,70,60,62,16,72,38,79,54,95,89,98,37,85,32,50,29,68,10,108,105,144,100,129,102,180,115,176,179,148,138,173,76,152,36,64,24,57,44,53,14,3,6,2,73,45,88,67,78,87,61,84,83,91,63,109,82,195,137,159,145,186,165,170,28,33,21,1,150,117,174,185,178,188,120,125,96,142,111,158,164,123,134,39,46,25,42,49,23,114,26,94,20,59,41,58,30,156,22
3,3,3,3,3,3,3,3,3,3,3,3,3,3,3,3,3,3,3,3,3,3,3,3,3,3,3,3,3,3,3,3,3,3,3,3,3,3,3,3,3,3,3,3,3,3,3,3,3,3,3,3,3,3,3,1,1,1,1,1,1,1,1,1,1,1,1,1,1,1,1,1,1,1,1,1,1,1,1,1,1,1,1,1,1,1,1,1,1,1,1,1,1,1,1,1,1,1,1,1,1,1,1,1,1,0,0,0,0,0,0,0,0,0,0,0,0,0,0,0,0,0,0,0,0,0,0,0,0,0,0,0,0,0,0,0,0,0,0,0,0,0,0,0,0,0,2,2,2,2,2,2,2,2,2,2,2,2,2,2,2,2,2,2,2,2,2,2,2,2,2,2,2,2,2,2,2,2,2,2,2,2,2,2,2,2,2,2,2,2,2,2,2,2,2,2,2,2
37;7844575079918988844;3141;1567216.82761
0,8,9,7,15,13,106,1,4,118,105,143,90,177,99,147,130,172,136,169,51,19,69,65,124,27,31,5,17,12,40,47,35,161,157,155,192,175,194,189,193,197,86,159,81,149,141,190,101,116,77,83,113,80,84,28,33,59,26,114,82,109,56,93,63,166,145,150,127,164,123,117,174,168,170,120,196,182,185,165,186,188,162,183,96,125,61,87,39,49,20,42,25,46,22,21,158,111,156,30,58,91,67,78,94,2,6,3,14,53,38,73,45,85,37,95,76,173,138,148,44,64,24,79,54,88,41,108,10,68,23,57,32,50,29,129,100,187,115,144,102,176,179,89,180,119,152,36,98,18,75,11,70,55,104,66,142,97,146,74,92,71,107,103,132,131,171,121,140,122,163,160,184,167,191,154,181,178,195,137,151,153,126,134,34,139,128,133,110,135,48,62,52,72,60,112,16,43
3,3,3,3,3,3,3,3,3,3,3,3,3,3,3,3,3,3,3,3,3,3,3,3,3,3,3,3,3,3,3,3,3,3,3,3,3,3,3,3,3,3,3,3,3,3,3,3,3,3,3,3,3,2,2,2,2,2,2,2,2,2,2,2,2,2,2,2,2,2,2,2,2,2,2,2,2,2,2,2,2,2,2,2,2,2,2,2,2,2,2,2,2,2,2,2,2,2,2,2,2,2,2,2,2,2,0,0,0,0,0,0,0,0,0,0,0,0,0,0,0,0,0,0,0,0,0,0,0,0,0,0,0,0,0,0,0,0,0,0,0,0,0,0,0,0,0,0,0,1,1,1,1,1,1,1,1,1,1,1,1,1,1,1,1,1,1,1,1,1,1,1,1,1,1,1,1,1,1,1,1,1,1,1,1,1,1,1,1,1,1,1,1,1,1,1,1,1
38;15524044195614787644;3115;1368585.365827
0,8,149,81,177,162,190,187,192,194,189,193,197,196,182,183,155,157,161,141,143,90,118,102,116,77,147,99,101,106,86,169,136,172,19,31,12,17,5,9,7,15,13,113,18,124,65,69,51,1,4,40,35,47,26,94,28,33,25,46,39,42,23,49,22,21,20,59,41,58,30,87,61,84,83,91,80,188,186,165,174,117,150,127,159,145,156,120,170,168,195,82,109,56,93,78,164,123,125,96,114,111,158,166,63,134,52,72,16,92,34,139,74,171,137,140,121,167,130,151,153,126,184,160,191,122,146,128,132,131,142,66,104,55,75,27,43,11,70,60,62,48,112,97,133,110,135,103,107,71,181,178,185,175,180,119,152,76,173,38,53,37,57,44,73,45,85,29,50,79,54,95,24,64,36,163,154,176,179,115,144,138,148,100,129,105,108,10,68,32,98,89,67,88,14,3,6,2
3,3,3,3,3,3,3,3,3,3,3,3,3,3,3,3,3,3,3,3,3,3,3,3,3,3,3,3,3,3,3,3,3,3,3,3,3,3,3,3,3,3,3,3,3,3,3,3,3,3,3,3,3,3,2,2,2,2,2,2,2,2,2,2,2,2,2,2,2,2,2,2,2,2,2,2,2,2,2,2,2,2,2,2,2,2,2,2,2,2,2,2,2,2,2,2,2,2,2,2,2,2,2,2,2,1,1,1,1,1,1,1,1,1,1,1,1,1,1,1,1,1,1,1,1,1,1,1,1,1,1,1,1,1,1,1,1,1,1,1,1,1,1,1,1,1,1,1,1,1,1,0,0,0,0,0,0,0,0,0,0,0,0,0,0,0,0,0,0,0,0,0,0,0,0,0,0,0,0,0,0,0,0,0,0,0,0,0,0,0,0,0,0,0,0,0,0,0
39;4980590106503615414;3134;1382067.492267
0,43,11,70,55,153,126,139,74,92,52,133,110,135,66,104,16,112,60,72,37,146,97,34,140,121,171,137,151,130,167,191,160,184,71,107,98,181,103,132,131,195,189,196,48,75,62,6,2,14,3,53,38,79,24,64,36,100,129,122,144,115,180,119,148,138,173,76,152,29,50,32,57,44,88,77,85,45,95,67,68,10,108,105,163,154,176,89,179,90,118,101,116,13,15,7,9,8,4,17,12,40,35,51,172,80,113,18,124,27,47,31,5,169,86,106,19,69,65,73,54,155,186,182,197,193,194,175,177,162,190,187,192,168,183,136,149,141,161,157,128,147,99,143,26,59,41,93,56,109,78,94,81,125,96,114,23,49,20,42,25,46,39,134,127,159,111,158,164,123,117,174,165,185,178,188,28,33,58,30,87,61,83,84,1,21,91,63,166,102,170,120,156,145,150,82,142,22
1,1,1,1,1,1,1,1,1,1,1,1,1,1,1,1,1,1,1,1,1,1,1,1,1,1,1,1,1,1,1,1,1,1,1,1,1,1,1,1,1,1,1,1,1,1,1,0,0,0,0,0,0,0,0,0,0,0,0,0,0,0,0,0,0,0,0,0,0,0,0,0,0,0,0,0,0,0,0,0,0,0,0,0,0,0,0,0,0,3,3,3,3,3,3,3,3,3,3,3,3,3,3,3,3,3,3,3,3,3,3,3,3,3,3,3,3,3,3,3,3,3,3,3,3,3,3,3,3,3,3,3,3,3,3,3,3,3,3,3,3,3,3,3,2,2,2,2,2,2,2,2,2,2,2,2,2,2,2,2,2,2,2,2,2,2,2,2,2,2,2,2,2,2,2,2,2,2,2,2,2,2,2,2,2,2,2,2,2,2,2,2,2,2,2,2,2,2
40;3943098024137922559;3133;1271150.174248
0,8,4,1,9,7,17,5,15,13,31,12,40,18,113,80,149,81,106,19,69,65,73,35,51,124,119,147,86,169,136,157,141,190,130,193,197,175,194,192,155,105,161,99,143,90,177,162,172,77,116,101,118,16,47,75,48,72,52,62,60,112,98,151,153,121,167,181,154,191,189,196,178,184,160,171,74,97,103,66,104,55,70,11,43,27,133,110,135,63,107,71,92,34,140,122,146,128,142,131,132,126,139,79,24,95,54,88,3,6,2,50,32,57,44,64,68,14,148,138,144,10,108,45,163,100,187,115,180,102,173,76,129,29,85,38,53,37,179,89,176,36,152,117,123,164,158,111,159,96,183,182,188,186,165,185,168,170,120,125,61,84,83,56,93,78,67,91,21,49,23,114,20,42,39,94,41,59,26,109,82,87,30,58,33,28,134,127,150,25,46,22,156,145,174,195,137,166
3,3,3,3,3,3,3,3,3,3,3,3,3,3,3,3,3,3,3,3,3,3,3,3,3,3,3,3,3,3,3,3,3,3,3,3,3,3,3,3,3,3,3,3,3,3,3,3,3,3,3,3,3,3,1,1,1,1,1,1,1,1,1,1,1,1,1,1,1,1,1,1,1,1,1,1,1,1,1,1,1,1,1,1,1,1,1,1,1,1,1,1,1,1,1,1,1,1,1,1,1,1,1,0,0,0,0,0,0,0,0,0,0,0,0,0,0,0,0,0,0,0,0,0,0,0,0,0,0,0,0,0,0,0,0,0,0,0,0,0,0,0,0,2,2,2,2,2,2,2,2,2,2,2,2,2,2,2,2,2,2,2,2,2,2,2,2,2,2,2,2,2,2,2,2,2,2,2,2,2,2,2,2,2,2,2,2,2,2,2,2,2,2,2,2,2,2,2
41;141425323448007506;3157;1288821.440752
0,2,42,25,46,21,22,49,20,94,28,33,84,83,61,87,56,93,78,39,58,41,59,26,114,82,109,96,125,120,170,160,166,137,156,30,188,80,91,63,164,127,150,117,174,145,159,158,111,186,165,180,175,185,105,163,23,79,24,95,37,53,38,108,45,73,14,3,6,173,10,98,76,129,100,187,115,144,138,148,44,85,29,50,32,57,88,67,68,64,36,152,89,179,90,116,101,65,69,7,8,9,1,4,17,12,40,18,113,54,149,34,169,86,147,119,124,27,47,31,5,15,13,106,81,143,123,194,189,193,197,182,183,168,192,155,141,190,77,172,162,177,102,118,19,51,35,161,157,136,153,131,132,103,112,99,171,74,92,16,43,11,70,60,62,75,55,104,66,151,130,139,126,184,167,191,71,181,154,176,196,178,195,72,48,135,110,133,128,146,122,140,121,142,97,134,52,107
2,2,2,2,2,2,2,2,2,2,2,2,2,2,2,2,2,2,2,2,2,2,2,2,2,2,2,2,2,2,2,2,2,2,2,2,2,2,2,2,2,2,2,2,2,2,2,2,2,2,2,0,0,0,0,0,0,0,0,0,0,0,0,0,0,0,0,0,0,0,0,0,0,0,0,0,0,0,0,0,0,0,0,0,0,0,0,0,0,0,0,0,0,0,3,3,3,3,3,3,3,3,3,3,3,3,3,3,3,3,3,3,3,3,3,3,3,3,3,3,3,3,3,3,3,3,3,3,3,3,3,3,3,3,3,3,3,3,3,3,3,3,3,3,3,3,3,3,3,1,1,1,1,1,1,1,1,1,1,1,1,1,1,1,1,1,1,1,1,1,1,1,1,1,1,1,1,1,1,1,1,1,1,1,1,1,1,1,1,1,1,1,1,1,1,1,1,1
42;16001952662412044218;3129;1242643.072505
0,51,69,65,73,17,12,40,18,124,27,47,1,4,8,9,7,15,13,31,19,106,81,177,141,143,99,147,56,113,80,149,136,172,168,183,182,197,193,194,175,192,155,157,161,35,116,101,118,90,186,190,86,169,119,153,55,104,66,195,189,191,34,140,137,167,184,160,171,121,142,131,132,103,107,71,181,97,112,72,52,70,11,43,16,92,74,139,126,151,122,146,128,133,110,135,60,62,48,75,33,28,159,145,156,120,125,61,87,30,158,111,114,82,109,102,166,96,134,127,150,117,123,174,165,170,25,42,20,94,26,59,41,58,91,21,22,46,39,84,67,78,93,63,164,162,188,178,196,23,49,45,68,10,108,83,95,85,37,98,76,129,77,185,115,187,100,148,138,144,105,173,130,163,154,176,179,89,180,54,88,44,57,32,50,29,53,14,3,6,5,64,24,79,38,36,152,2
3,3,3,3,3,3,3,3,3,3,3,3,3,3,3,3,3,3,3,3,3,3,3,3,3,3,3,3,3,3,3,3,3,3,3,3,3,3,3,3,3,3,3,3,3,3,3,3,3,3,3,3,3,3,3,1,1,1,1,1,1,1,1,1,1,1,1,1,1,1,1,1,1,1,1,1,1,1,1,1,1,1,1,1,1,1,1,1,1,1,1,1,1,1,1,1,1,1,1,1,2,2,2,2,2,2,2,2,2,2,2,2,2,2,2,2,2,2,2,2,2,2,2,2,2,2,2,2,2,2,2,2,2,2,2,2,2,2,2,2,2,2,2,2,2,2,2,2,2,2,2,0,0,0,0,0,0,0,0,0,0,0,0,0,0,0,0,0,0,0,0,0,0,0,0,0,0,0,0,0,0,0,0,0,0,0,0,0,0,0,0,0,0,0,0,0,0,0
43;6069959457317431616;3161;1314544.959417
0,8,4,1,9,7,17,12,31,13,106,81,177,162,197,193,189,194,175,183,168,172,136,157,161,90,116,19,51,169,86,147,99,190,105,113,101,118,102,155,192,141,149,34,124,65,69,18,40,35,47,26,59,20,49,23,114,82,109,21,123,156,120,170,165,174,145,159,111,186,195,196,182,178,188,80,84,67,78,93,56,150,127,134,83,91,42,25,46,39,164,63,166,96,125,61,87,30,58,41,94,28,33,22,6,5,15,14,3,144,100,163,158,187,115,180,89,95,24,64,36,98,108,10,68,45,73,2,185,77,129,117,152,76,179,37,85,32,50,29,53,38,79,54,88,57,44,148,138,173,60,70,11,135,119,140,103,143,52,72,75,55,104,66,112,16,107,71,184,160,171,121,167,137,151,130,191,122,146,128,133,110,153,62,48,176,154,181,97,142,131,132,126,139,74,92,27,43
3,3,3,3,3,3,3,3,3,3,3,3,3,3,3,3,3,3,3,3,3,3,3,3,3,3,3,3,3,3,3,3,3,3,3,3,3,3,3,3,3,3,3,3,3,3,3,3,3,3,3,2,2,2,2,2,2,2,2,2,2,2,2,2,2,2,2,2,2,2,2,2,2,2,2,2,2,2,2,2,2,2,2,2,2,2,2,2,2,2,2,2,2,2,2,2,2,2,2,2,2,2,2,2,0,0,0,0,0,0,0,0,0,0,0,0,0,0,0,0,0,0,0,0,0,0,0,0,0,0,0,0,0,0,0,0,0,0,0,0,0,0,0,0,0,0,0,0,0,0,1,1,1,1,1,1,1,1,1,1,1,1,1,1,1,1,1,1,1,1,1,1,1,1,1,1,1,1,1,1,1,1,1,1,1,1,1,1,1,1,1,1,1,1,1,1,1,1
44;2033442876187297925;3131;1375928.425242
0,8,9,1,4,31,5,169,86,194,189,193,197,196,182,183,168,192,155,157,161,105,113,54,73,65,69,18,47,35,40,12,17,7,15,13,106,81,177,162,172,51,118,101,116,19,124,119,147,130,190,141,149,136,146,37,72,16,135,110,133,128,132,131,153,62,60,92,74,171,160,167,121,140,122,191,178,184,126,151,99,112,98,104,66,103,107,71,181,97,34,139,55,75,48,27,43,11,70,52,143,90,179,176,115,187,100,129,77,85,29,50,32,57,44,88,83,163,36,152,76,173,102,185,175,180,89,95,64,24,79,38,53,45,108,148,138,144,10,68,2,14,3,6,22,46,25,42,39,114,82,109,56,93,80,142,96,159,111,158,166,137,195,154,174,145,188,186,165,170,120,125,63,91,21,58,30,156,123,117,150,127,134,28,33,23,49,20,59,26,94,41,164,78,67,84,61,87
3,3,3,3,3,3,3,3,3,3,3,3,3,3,3,3,3,3,3,3,3,3,3,3,3,3,3,3,3,3,3,3,3,3,3,3,3,3,3,3,3,3,3,3,3,3,3,3,3,3,3,3,3,1,1,1,1,1,1,1,1,1,1,1,1,1,1,1,1,1,1,1,1,1,1,1,1,1,1,1,1,1,1,1,1,1,1,1,1,1,1,1,1,1,1,1,1,1,1,1,1,0,0,0,0,0,0,0,0,0,0,0,0,0,0,0,0,0,0,0,0,0,0,0,0,0,0,0,0,0,0,0,0,0,0,0,0,0,0,0,0,0,0,2,2,2,2,2,2,2,2,2,2,2,2,2,2,2,2,2,2,2,2,2,2,2,2,2,2,2,2,2,2,2,2,2,2,2,2,2,2,2,2,2,2,2,2,2,2,2,2,2,2,2,2,2,2,2
45;7223543130371895193;3145;1254101.973167
0,51,1,4,15,13,31,5,17,12,40,18,177,162,172,168,190,141,149,80,124,27,47,35,143,90,116,101,65,69,19,106,8,9,7,118,105,161,157,155,192,178,183,182,196,197,193,194,136,169,86,147,50,29,163,100,129,77,88,54,79,38,53,37,85,32,57,144,138,148,102,173,76,152,36,64,24,95,89,179,176,175,180,115,187,14,3,6,2,68,10,108,44,73,45,114,26,94,81,87,61,158,111,159,96,125,23,49,22,21,33,28,134,127,150,117,174,145,188,186,165,185,82,109,58,30,156,137,170,120,123,164,63,166,83,91,78,67,84,39,46,25,42,20,59,41,93,60,92,34,140,119,151,130,139,74,98,107,71,195,189,191,154,181,122,146,128,121,167,171,160,184,99,112,97,142,131,132,126,153,52,70,11,43,16,72,66,104,55,75,62,48,133,110,135,103,56,113
3,3,3,3,3,3,3,3,3,3,3,3,3,3,3,3,3,3,3,3,3,3,3,3,3,3,3,3,3,3,3,3,3,3,3,3,3,3,3,3,3,3,3,3,3,3,3,3,3,3,3,3,0,0,0,0,0,0,0,0,0,0,0,0,0,0,0,0,0,0,0,0,0,0,0,0,0,0,0,0,0,0,0,0,0,0,0,0,0,0,0,0,0,0,2,2,2,2,2,2,2,2,2,2,2,2,2,2,2,2,2,2,2,2,2,2,2,2,2,2,2,2,2,2,2,2,2,2,2,2,2,2,2,2,2,2,2,2,2,2,2,2,2,2,2,2,2,1,1,1,1,1,1,1,1,1,1,1,1,1,1,1,1,1,1,1,1,1,1,1,1,1,1,1,1,1,1,1,1,1,1,1,1,1,1,1,1,1,1,1,1,1,1,1,1,1,1,1
46;4350234967155519396;3126;1252130.115108
0,51,124,119,147,99,197,193,189,194,101,118,102,113,80,149,81,177,162,172,168,169,86,161,157,141,192,155,183,182,186,190,77,116,19,106,27,47,35,40,4,1,15,13,31,12,73,65,69,7,17,5,9,8,143,26,59,58,30,33,28,150,145,156,120,188,174,165,170,21,87,61,84,83,91,67,78,94,41,93,56,109,82,114,96,125,22,166,63,164,158,111,159,127,134,39,46,25,42,20,49,23,123,97,112,60,62,48,70,11,43,16,135,110,133,128,146,136,195,66,104,55,75,18,72,52,153,131,132,126,139,74,92,34,191,167,137,151,130,163,154,181,71,107,103,140,122,196,178,184,160,171,121,142,90,179,89,180,2,6,3,14,148,138,144,105,185,175,176,115,187,100,129,76,173,117,152,54,88,45,68,10,108,98,36,57,44,64,95,24,29,50,32,85,37,53,38,79
3,3,3,3,3,3,3,3,3,3,3,3,3,3,3,3,3,3,3,3,3,3,3,3,3,3,3,3,3,3,3,3,3,3,3,3,3,3,3,3,3,3,3,3,3,3,3,3,3,3,3,3,3,3,3,2,2,2,2,2,2,2,2,2,2,2,2,2,2,2,2,2,2,2,2,2,2,2,2,2,2,2,2,2,2,2,2,2,2,2,2,2,2,2,2,2,2,2,2,2,2,2,2,1,1,1,1,1,1,1,1,1,1,1,1,1,1,1,1,1,1,1,1,1,1,1,1,1,1,1,1,1,1,1,1,1,1,1,1,1,1,1,1,1,1,1,1,1,1,1,1,1,1,1,0,0,0,0,0,0,0,0,0,0,0,0,0,0,0,0,0,0,0,0,0,0,0,0,0,0,0,0,0,0,0,0,0,0,0,0,0,0,0,0,0,0,0,0
47;10524526614539617298;3141;1280742.409013
0,51,157,141,177,162,172,168,192,155,105,161,35,47,27,124,19,116,77,190,182,197,193,194,86,147,99,101,65,69,13,15,12,17,7,9,8,5,31,113,18,40,4,1,149,136,169,34,106,81,118,90,134,126,139,130,151,153,131,132,103,107,71,181,97,112,16,43,11,70,52,72,60,92,74,104,66,142,121,171,160,184,178,196,189,195,110,135,119,191,167,137,140,122,146,48,62,75,55,143,128,133,33,84,80,87,61,83,91,63,166,58,30,183,165,188,186,154,174,145,156,120,123,125,96,114,82,109,78,93,56,150,127,159,111,158,164,39,49,20,59,22,21,42,25,46,26,94,28,170,45,73,41,53,37,98,6,3,14,187,115,180,175,185,36,152,117,173,102,144,138,148,163,100,129,76,179,176,89,67,88,44,57,23,68,10,108,38,79,54,95,24,64,29,85,32,50,2
3,3,3,3,3,3,3,3,3,3,3,3,3,3,3,3,3,3,3,3,3,3,3,3,3,3,3,3,3,3,3,3,3,3,3,3,3,3,3,3,3,3,3,3,3,3,3,3,3,3,3,1,1,1,1,1,1,1,1,1,1,1,1,1,1,1,1,1,1,1,1,1,1,1,1,1,1,1,1,1,1,1,1,1,1,1,1,1,1,1,1,1,1,1,1,1,1,1,1,1,1,1,2,2,2,2,2,2,2,2,2,2,2,2,2,2,2,2,2,2,2,2,2,2,2,2,2,2,2,2,2,2,2,2,2,2,2,2,2,2,2,2,2,2,2,2,2,2,2,2,0,0,0,0,0,0,0,0,0,0,0,0,0,0,0,0,0,0,0,0,0,0,0,0,0,0,0,0,0,0,0,0,0,0,0,0,0,0,0,0,0,0,0,0,0,0,0,0
48;3004527168784687515;3145;1235544.666907
0,8,9,5,17,4,1,51,124,102,118,101,116,90,143,141,190,168,172,161,157,136,149,105,155,192,193,189,194,175,183,182,186,196,197,162,177,81,106,19,69,65,147,86,169,98,113,18,40,35,47,7,15,13,31,26,58,21,91,63,166,165,174,145,188,120,156,30,87,61,84,39,42,25,46,28,33,23,49,22,59,20,94,44,93,56,109,82,150,117,170,123,125,78,164,127,159,111,114,96,112,99,184,160,171,167,121,128,132,126,134,52,70,11,43,27,48,62,55,104,66,135,60,12,92,74,75,72,16,142,131,153,110,133,97,146,122,140,103,107,71,181,154,191,34,139,130,151,137,195,178,185,119,180,89,77,176,115,187,158,163,100,129,80,152,83,88,67,95,54,79,24,64,36,57,32,68,10,108,45,73,41,53,38,144,14,3,6,148,138,173,76,179,37,85,29,50,2
3,3,3,3,3,3,3,3,3,3,3,3,3,3,3,3,3,3,3,3,3,3,3,3,3,3,3,3,3,3,3,3,3,3,3,3,3,3,3,3,3,3,3,3,3,3,3,3,3,3,3,3,3,3,3,2,2,2,2,2,2,2,2,2,2,2,2,2,2,2,2,2,2,2,2,2,2,2,2,2,2,2,2,2,2,2,2,2,2,2,2,2,2,2,2,2,2,2,2,1,1,1,1,1,1,1,1,1,1,1,1,1,1,1,1,1,1,1,1,1,1,1,1,1,1,1,1,1,1,1,1,1,1,1,1,1,1,1,1,1,1,1,1,1,1,1,1,1,1,1,0,0,0,0,0,0,0,0,0,0,0,0,0,0,0,0,0,0,0,0,0,0,0,0,0,0,0,0,0,0,0,0,0,0,0,0,0,0,0,0,0,0,0,0,0,0,0,0
49;3975454624479931874;3152;1297590.759469
0,2,144,105,163,100,129,29,50,32,68,10,108,45,73,57,44,85,95,89,179,175,185,115,180,148,138,173,76,152,36,53,38,79,24,64,88,14,3,6,22,46,25,42,39,84,83,91,67,78,23,49,20,94,81,87,61,125,96,114,28,33,21,58,30,156,145,174,117,123,120,170,165,186,182,188,137,166,63,164,158,111,159,127,150,82,109,56,93,41,59,26,31,8,9,7,15,13,69,65,101,77,116,90,157,161,99,106,102,118,16,47,27,124,19,51,35,40,18,172,80,113,5,17,4,1,192,197,196,168,183,155,141,177,162,190,187,193,189,194,86,169,119,147,54,149,136,146,128,133,110,135,11,70,52,134,126,153,131,132,12,139,74,104,71,107,103,176,181,154,191,167,121,140,122,151,130,171,160,184,178,195,66,112,98,143,142,97,34,92,60,62,55,75,48,72,37,43
0,0,0,0,0,0,0,0,0,0,0,0,0,0,0,0,0,0,0,0,0,0,0,0,0,0,0,0,0,0,0,0,0,0,0,0,0,0,0,2,2,2,2,2,2,2,2,2,2,2,2,2,2,2,2,2,2,2,2,2,2,2,2,2,2,2,2,2,2,2,2,2,2,2,2,2,2,2,2,2,2,2,2,2,2,2,2,2,2,2,2,3,3,3,3,3,3,3,3,3,3,3,3,3,3,3,3,3,3,3,3,3,3,3,3,3,3,3,3,3,3,3,3,3,3,3,3,3,3,3,3,3,3,3,3,3,3,3,3,3,3,3,3,3,3,3,1,1,1,1,1,1,1,1,1,1,1,1,1,1,1,1,1,1,1,1,1,1,1,1,1,1,1,1,1,1,1,1,1,1,1,1,1,1,1,1,1,1,1,1,1,1,1,1,1,1,1,1
50;1666912681748276242;3143;1339736.819951
0,8,9,7,17,5,31,13,15,12,73,65,69,51,35,47,40,4,1,149,105,143,141,177,162,197,193,189,194,175,186,190,187,192,155,161,157,136,169,90,116,99,147,130,172,18,124,19,106,101,118,102,183,54,113,80,188,178,182,185,168,170,160,166,137,159,127,150,117,174,196,82,109,56,93,63,91,21,22,78,23,49,20,42,25,46,33,28,94,26,59,41,58,39,84,61,125,81,87,30,123,120,156,145,164,158,111,114,96,112,16,43,27,72,52,153,131,195,165,191,167,184,71,107,48,75,74,104,66,103,132,128,133,110,135,62,60,70,55,163,154,181,97,142,121,171,151,119,140,122,146,86,92,34,139,126,134,180,115,176,179,37,98,76,173,89,77,129,100,148,138,144,57,44,79,38,53,45,108,10,68,67,88,11,50,32,85,29,24,64,36,152,83,95,14,3,6,2
3,3,3,3,3,3,3,3,3,3,3,3,3,3,3,3,3,3,3,3,3,3,3,3,3,3,3,3,3,3,3,3,3,3,3,3,3,3,3,3,3,3,3,3,3,3,3,3,3,3,3,3,3,3,3,2,2,2,2,2,2,2,2,2,2,2,2,2,2,2,2,2,2,2,2,2,2,2,2,2,2,2,2,2,2,2,2,2,2,2,2,2,2,2,2,2,2,2,2,2,2,2,2,2,2,2,2,2,1,1,1,1,1,1,1,1,1,1,1,1,1,1,1,1,1,1,1,1,1,1,1,1,1,1,1,1,1,1,1,1,1,1,1,1,1,1,1,1,1,1,1,1,1,1,1,1,0,0,0,0,0,0,0,0,0,0,0,0,0,0,0,0,0,0,0,0,0,0,0,0,0,0,0,0,0,0,0,0,0,0,0,0,0,0,0,0,0,0
best;13353388233111958045;3103;2046909.351533
0,47,35,51,19,106,81,177,162,197,193,194,56,113,80,149,141,190,187,192,168,172,77,116,99,101,118,5,31,13,15,12,17,7,8,9,1,4,40,18,69,65,124,119,147,86,169,157,161,155,105,143,90,179,148,138,144,115,176,175,180,29,50,32,68,10,108,38,53,24,64,36,73,45,88,57,44,85,37,98,152,76,173,100,129,23,79,54,95,14,3,6,22,2,93,41,59,26,114,111,158,164,83,84,39,46,25,42,20,49,21,33,28,94,78,67,91,63,166,58,30,156,89,183,102,109,82,87,61,125,120,170,123,117,174,196,182,188,178,185,165,186,145,150,127,159,96,112,16,135,110,133,128,132,131,153,130,151,137,167,121,171,103,66,142,122,140,34,92,74,75,48,107,52,72,60,70,11,43,27,104,55,62,146,136,195,189,191,154,163,160,184,71,181,97,134,126,139
3,3,3,3,3,3,3,3,3,3,3,3,3,3,3,3,3,3,3,3,3,3,3,3,3,3,3,3,3,3,3,3,3,3,3,3,3,3,3,3,3,3,3,3,3,3,3,3,3,3,3,3,0,0,0,0,0,0,0,0,0,0,0,0,0,0,0,0,0,0,0,0,0,0,0,0,0,0,0,0,0,0,0,0,0,0,0,0,0,0,0,2,2,2,2,2,2,2,2,2,2,2,2,2,2,2,2,2,2,2,2,2,2,2,2,2,2,2,2,2,2,2,2,2,2,2,2,2,2,2,2,2,2,2,2,2,2,2,2,2,2,2,2,2,2,2,1,1,1,1,1,1,1,1,1,1,1,1,1,1,1,1,1,1,1,1,1,1,1,1,1,1,1,1,1,1,1,1,1,1,1,1,1,1,1,1,1,1,1,1,1,1,1,1,1,1,1,1
