iter;run0_q0;run0_LSW;run0_smoothing;run1_q0;run1_LSW;run1_smoothing;run2_q0;run2_LSW;run2_smoothing;run3_q0;run3_LSW;run3_smoothing;run4_q0;run4_LSW;run4_smoothing;run5_q0;run5_LSW;run5_smoothing;run6_q0;run6_LSW;run6_smoothing;run7_q0;run7_LSW;run7_smoothing;run8_q0;run8_LSW;run8_smoothing;run9_q0;run9_LSW;run9_smoothing;run10_q0;run10_LSW;run10_smoothing;run11_q0;run11_LSW;run11_smoothing;run12_q0;run12_LSW;run12_smoothing;run13_q0;run13_LSW;run13_smoothing;run14_q0;run14_LSW;run14_smoothing;run15_q0;run15_LSW;run15_smoothing;run16_q0;run16_LSW;run16_smoothing;run17_q0;run17_LSW;run17_smoothing;run18_q0;run18_LSW;run18_smoothing;run19_q0;run19_LSW;run19_smoothing;run20_q0;run20_LSW;run20_smoothing;run21_q0;run21_LSW;run21_smoothing;run22_q0;run22_LSW;run22_smoothing;run23_q0;run23_LSW;run23_smoothing;run24_q0;run24_LSW;run24_smoothing;run25_q0;run25_LSW;run25_smoothing;run26_q0;run26_LSW;run26_smoothing;run27_q0;run27_LSW;run27_smoothing;run28_q0;run28_LSW;run28_smoothing;run29_q0;run29_LSW;run29_smoothing;run30_q0;run30_LSW;run30_smoothing;run31_q0;run31_LSW;run31_smoothing;run32_q0;run32_LSW;run32_smoothing;run33_q0;run33_LSW;run33_smoothing;run34_q0;run34_LSW;run34_smoothing;run35_q0;run35_LSW;run35_smoothing;run36_q0;run36_LSW;run36_smoothing;run37_q0;run37_LSW;run37_smoothing;run38_q0;run38_LSW;run38_smoothing;run39_q0;run39_LSW;run39_smoothing;run40_q0;run40_LSW;run40_smoothing;run41_q0;run41_LSW;run41_smoothing;run42_q0;run42_LSW;run42_smoothing;run43_q0;run43_LSW;run43_smoothing;run44_q0;run44_LSW;run44_smoothing;run45_q0;run45_LSW;run45_smoothing;run46_q0;run46_LSW;run46_smoothing;run47_q0;run47_LSW;run47_smoothing;run48_q0;run48_LSW;run48_smoothing;run49_q0;run49_LSW;run49_smoothing;run50_q0;run50_LSW;run50_smoothing
0;0.2;2;0;0.2;2;0;0.2;2;0;0.2;2;0;0.2;2;0;0.2;2;0;0.2;2;0;0.2;2;0;0.2;2;0;0.2;2;0;0.2;2;0;0.2;2;0;0.2;2;0;0.2;2;0;0.2;2;0;0.2;2;0;0.2;2;0;0.2;2;0;0.2;2;0;0.2;2;0;0.2;2;0;0.2;2;0;0.2;2;0;0.2;2;0;0.2;2;0;0.2;2;0;0.2;2;0;0.2;2;0;0.2;2;0;0.2;2;0;0.2;2;0;0.2;2;0;0.2;2;0;0.2;2;0;0.2;2;0;0.2;2;0;0.2;2;0;0.2;2;0;0.2;2;0;0.2;2;0;0.2;2;0;0.2;2;0;0.2;2;0;0.2;2;0;0.2;2;0;0.2;2;0;0.2;2;0;0.2;2;0;0.2;2;0;0.2;2;0;0.2;2;0
1;0.204667;2;0;0.204667;2;0;0.204667;2;0;0.204667;2;0;0.204667;2;0;0.204667;2;0;0.204667;2;0;0.204667;2;0;0.204667;2;0;0.204667;2;0;0.204667;2;0;0.204667;2;0;0.204667;2;0;0.204667;2;0;0.204667;2;0;0.204667;2;0;0.204667;2;0;0.204667;2;0;0.204667;2;0;0.204667;2;0;0.204667;2;0;0.204667;2;0;0.204667;2;0;0.204667;2;0;0.204667;2;0;0.204667;2;0;0.204667;2;0;0.204667;2;0;0.204667;2;0;0.204667;2;0;0.204667;2;0;0.204667;2;0;0.204667;2;0;0.204667;2;0;0.204667;2;0;0.204667;2;0;0.204667;2;0;0.204667;2;0;0.204667;2;0;0.204667;2;0;0.204667;2;0;0.204667;2;0;0.204667;2;0;0.204667;2;0;0.204667;2;0;0.204667;2;0;0.204667;2;0;0.204667;2;0;0.204667;2;0;0.204667;2;0;0.204667;2;0
2;0.209333;2;0;0.209333;2;0;0.209333;2;0;0.209333;2;0;0.209333;2;0;0.209333;2;0;0.209333;2;0;0.209333;2;0;0.209333;2;0;0.209333;2;0;0.209333;2;0;0.209333;2;0;0.209333;2;0;0.209333;2;0;0.209333;2;0;0.209333;2;0;0.209333;2;0;0.209333;2;0;0.209333;2;0;0.209333;2;0;0.209333;2;0;0.209333;2;0;0.209333;2;0;0.209333;2;0;0.209333;2;0;0.209333;2;0;0.209333;2;0;0.209333;2;0;0.209333;2;0;0.209333;2;0;0.209333;2;0;0.209333;2;0;0.209333;2;0;0.209333;2;0;0.209333;2;0;0.209333;2;0;0.209333;2;0;0.209333;2;0;0.209333;2;0;0.209333;2;0;0.209333;2;0;0.209333;2;0;0.209333;2;0;0.209333;2;0;0.209333;2;0;0.209333;2;0;0.209333;2;0;0.209333;2;0;0.209333;2;0;0.209333;2;0;0.209333;2;0
3;0.214;2;0;0.214;2;0;0.214;2;0;0.214;2;0;0.214;2;0;0.214;2;0;0.214;2;0;0.214;2;0;0.214;2;0;0.214;2;0;0.214;2;0;0.214;2;0;0.214;2;0;0.214;2;0;0.214;2;0;0.214;2;0;0.214;2;0;0.214;2;0;0.214;2;0;0.214;2;0;0.214;2;0;0.214;2;0;0.214;2;0;0.214;2;0;0.214;2;0;0.214;2;0;0.214;2;0;0.214;2;0;0.214;2;0;0.214;2;0;0.214;2;0;0.214;2;0;0.214;2;0;0.214;2;0;0.214;2;0;0.214;2;0;0.214;2;0;0.214;2;0;0.214;2;0;0.214;2;0;0.214;2;0;0.214;2;0;0.214;2;0;0.214;2;0;0.214;2;0;0.214;2;0;0.214;2;0;0.214;2;0;0.214;2;0;0.214;2;0;0.214;2;0
4;0.218667;2;0;0.218667;2;0;0.218667;2;0;0.218667;2;0;0.218667;2;0;0.218667;2;0;0.218667;2;0;0.218667;2;0;0.218667;2;0;0.218667;2;0;0.218667;2;0;0.218667;2;0;0.218667;2;0;0.218667;2;0;0.218667;2;0;0.218667;2;0;0.218667;2;0;0.218667;2;0;0.218667;2;0;0.218667;2;0;0.218667;2;0;0.218667;2;0;0.218667;2;0;0.218667;2;0;0.218667;2;0;0.218667;2;0;0.218667;2;0;0.218667;2;0;0.218667;2;0;0.218667;2;0;0.218667;2;0;0.218667;2;0;0.218667;2;0;0.218667;2;0;0.218667;2;0;0.218667;2;0;0.218667;2;0;0.218667;2;0;0.218667;2;0;0.218667;2;0;0.218667;2;0;0.218667;2;0;0.218667;2;0;0.218667;2;0;0.218667;2;0;0.218667;2;0;0.218667;2;0;0.218667;2;0;0.218667;2;0;0.218667;2;0;0.218667;2;0
5;0.223333;2;0;0.223333;2;0;0.223333;2;0;0.223333;2;0;0.223333;2;0;0.223333;2;0;0.223333;2;0;0.223333;2;0;0.223333;2;0;0.223333;2;0;0.223333;2;0;0.223333;2;0;0.223333;2;0;0.223333;2;0;0.223333;2;0;0.223333;2;0;0.223333;2;0;0.223333;2;0;0.223333;2;0;0.223333;2;0;0.223333;2;0;0.223333;2;0;0.223333;2;0;0.223333;2;0;0.223333;2;0;0.223333;2;0;0.223333;2;0;0.223333;2;0;0.223333;2;0;0.223333;2;0;0.223333;2;0;0.223333;2;0;0.223333;2;0;0.223333;2;0;0.223333;2;0;0.223333;2;0;0.223333;2;0;0.223333;2;0;0.223333;2;0;0.223333;2;0;0.223333;2;0;0.223333;2;0;0.223333;2;0;0.223333;2;0;0.223333;2;0;0.223333;2;0;0.223333;2;0;0.223333;2;0;0.223333;2;0;0.223333;2;0;0.223333;2;0
6;0.228;2;0;0.228;2;0;0.228;2;0;0.228;2;0;0.228;2;0;0.228;2;0;0.228;2;0;0.228;2;0;0.228;2;0;0.228;2;0;0.228;2;0;0.228;2;0;0.228;2;0;0.228;2;0;0.228;2;0;0.228;2;0;0.228;2;0;0.228;2;0;0.228;2;0;0.228;2;0;0.228;2;0;0.228;2;0;0.228;2;0;0.228;2;0;0.228;2;0;0.228;2;0;0.228;2;0;0.228;2;0;0.228;2;0;0.228;2;0;0.228;2;0;0.228;2;0;0.228;2;0;0.228;2;0;0.228;2;0;0.228;2;0;0.228;2;0;0.228;2;0;0.228;2;0;0.228;2;0;0.228;2;0;0.228;2;0;0.228;2;0;0.228;2;0;0.228;2;0;0.228;2;0;0.228;2;0;0.228;2;0;0.228;2;0;0.228;2;0;0.228;2;0
7;0.232667;2;0;0.232667;2;0;0.232667;2;0;0.232667;2;0;0.232667;2;0;0.232667;2;0;0.232667;2;0;0.232667;2;0;0.232667;2;0;0.232667;2;0;0.232667;2;0;0.232667;2;0;0.232667;2;0;0.232667;2;0;0.232667;2;0;0.232667;2;0;0.232667;2;0;0.232667;2;0;0.232667;2;0;0.232667;2;0;0.232667;2;0;0.232667;2;0;0.232667;2;0;0.232667;2;0;0.232667;2;0;0.232667;2;0;0.232667;2;0;0.232667;2;0;0.232667;2;0;0.232667;2;0;0.232667;2;0;0.232667;2;0;0.232667;2;0;0.232667;2;0;0.232667;2;0;0.232667;2;0;0.232667;2;0;0.232667;2;0;0.232667;2;0;0.232667;2;0;0.232667;2;0;0.232667;2;0;0.232667;2;0;0.232667;2;0;0.232667;2;0;0.232667;2;0;0.232667;2;0;0.232667;2;0;0.232667;2;0;0.232667;2;0;0.232667;2;0
8;0.237333;2;0;0.237333;2;0;0.237333;2;0;0.237333;2;0;0.237333;2;0;0.237333;2;0;0.237333;2;0;0.237333;2;0;0.237333;2;0;0.237333;2;0;0.237333;2;0;0.237333;2;0;0.237333;2;0;0.237333;2;0;0.237333;2;0;0.237333;2;0;0.237333;2;0;0.237333;2;0;0.237333;2;0;0.237333;2;0;0.237333;2;0;0.237333;2;0;0.237333;2;0;0.237333;2;0;0.237333;2;0;0.237333;2;0;0.237333;2;0;0.237333;2;0;0.237333;2;0;0.237333;2;0;0.237333;2;0;0.237333;2;0;0.237333;2;0;0.237333;2;0;0.237333;2;0;0.237333;2;0;0.237333;2;0;0.237333;2;0;0.237333;2;0;0.237333;2;0;0.237333;2;0;0.237333;2;0;0.237333;2;0;0.237333;2;0;0.237333;2;0;0.237333;2;0;0.237333;2;0;0.237333;2;0;0.237333;2;0;0.237333;2;0;0.237333;2;0
9;0.242;2;0;0.242;2;0;0.242;2;0;0.242;2;0;0.242;2;0;0.242;2;0;0.242;2;0;0.242;2;0;0.242;2;0;0.242;2;0;0.242;2;0;0.242;2;0;0.242;2;0;0.242;2;0;0.242;2;0;0.242;2;0;0.242;2;0;0.242;2;0;0.242;2;0;0.242;2;0;0.242;2;0;0.242;2;0;0.242;2;0;0.242;2;0;0.242;2;0;0.242;2;0;0.242;2;0;0.242;2;0;0.242;2;0;0.242;2;0;0.242;2;0;0.242;2;0;0.242;2;0;0.242;2;0;0.242;2;0;0.242;2;0;0.242;2;0;0.242;2;0;0.242;2;0;0.242;2;0;0.242;2;0;0.242;2;0;0.242;2;0;0.242;2;0;0.242;2;0;0.242;2;0;0.242;2;0;0.242;2;0;0.242;2;0;0.242;2;0;0.242;2;0
10;0.246667;2;0;0.246667;2;0;0.246667;2;0;0.246667;2;0;0.246667;2;0;0.246667;2;0;0.246667;2;0;0.246667;2;0;0.246667;2;0;0.246667;2;0;0.246667;2;0;0.246667;2;0;0.246667;2;0;0.246667;2;0;0.246667;2;0;0.246667;2;0;0.246667;2;0;0.246667;2;0;0.246667;2;0;0.246667;2;0;0.246667;2;0;0.246667;2;0;0.246667;2;0;0.246667;2;0;0.246667;2;0;0.246667;2;0;0.246667;2;0;0.246667;2;0;0.246667;2;0;0.246667;2;0;0.246667;2;0;0.246667;2;0;0.246667;2;0;0.246667;2;0;0.246667;2;0;0.246667;2;0;0.246667;2;0;0.246667;2;0;0.246667;2;0;0.246667;2;0;0.246667;2;0;0.246667;2;0;0.246667;2;0;0.246667;2;0;0.246667;2;0;0.246667;2;0;0.246667;2;0;0.246667;2;0;0.246667;2;0;0.246667;2;0;0.246667;2;0
11;0.251333;2;0;0.251333;2;0;0.251333;2;0;0.251333;2;0;0.251333;2;0;0.251333;2;0;0.251333;2;0;0.251333;2;0;0.251333;2;0;0.251333;2;0;0.251333;2;0;0.251333;2;0;0.251333;2;0;0.251333;2;0;0.251333;2;0;0.251333;2;0;0.251333;2;0;0.251333;2;0;0.251333;2;0;0.251333;2;0;0.251333;2;0;0.251333;2;0;0.251333;2;0;0.251333;2;0;0.251333;2;0;0.251333;2;0;0.251333;2;0;0.251333;2;0;0.251333;2;0;0.251333;2;0;0.251333;2;0;0.251333;2;0;0.251333;2;0;0.251333;2;0;0.251333;2;0;0.251333;2;0;0.251333;2;0;0.251333;2;0;0.251333;2;0;0.251333;2;0;0.251333;2;0;0.251333;2;0;0.251333;2;0;0.251333;2;0;0.251333;2;0;0.251333;2;0;0.251333;2;0;0.251333;2;0;0.251333;2;0;0.251333;2;0;0.251333;2;0
12;0.256;2;0;0.256;2;0;0.256;2;0;0.256;2;0;0.256;2;0;0.256;2;0;0.256;2;0;0.256;2;0;0.256;2;0;0.256;2;0;0.256;2;0;0.256;2;0;0.256;2;0;0.256;2;0;0.256;2;0;0.256;2;0;0.256;2;0;0.256;2;0;0.256;2;0;0.256;2;0;0.256;2;0;0.256;2;0;0.256;2;0;0.256;2;0;0.256;2;0;0.256;2;0;0.256;2;0;0.256;2;0;0.256;2;0;0.256;2;0;0.256;2;0;0.256;2;0;0.256;2;0;0.256;2;0;0.256;2;0;0.256;2;0;0.256;2;0;0.256;2;0;0.256;2;0;0.256;2;0;0.256;2;0;0.256;2;0;0.256;2;0;0.256;2;0;0.256;2;0;0.256;2;0;0.256;2;0;0.256;2;0;0.256;2;0;0.256;2;0;0.256;2;0
13;0.260667;2;0;0.260667;2;0;0.260667;2;0;0.260667;2;0;0.260667;2;0;0.260667;2;0;0.260667;2;0;0.260667;2;0;0.260667;2;0;0.260667;2;0;0.260667;2;0;0.260667;2;0;0.260667;2;0;0.260667;2;0;0.260667;2;0;0.260667;2;0;0.260667;2;0;0.260667;2;0;0.260667;2;0;0.260667;2;0;0.260667;2;0;0.260667;2;0;0.260667;2;0;0.260667;2;0;0.260667;2;0;0.260667;2;0;0.260667;2;0;0.260667;2;0;0.260667;2;0;0.260667;2;0;0.260667;2;0;0.260667;2;0;0.260667;2;0;0.260667;2;0;0.260667;2;0;0.260667;2;0;0.260667;2;0;0.260667;2;0;0.260667;2;0;0.260667;2;0;0.260667;2;0;0.260667;2;0;0.260667;2;0;0.260667;2;0;0.260667;2;0;0.260667;2;0;0.260667;2;0;0.260667;2;0;0.260667;2;0;0.260667;2;0;0.260667;2;0
14;0.265333;2;0;0.265333;2;0;0.265333;2;0;0.265333;2;0;0.265333;2;0;0.265333;2;0;0.265333;2;0;0.265333;2;0;0.265333;2;0;0.265333;2;0;0.265333;2;0;0.265333;2;0;0.265333;2;0;0.265333;2;0;0.265333;2;0;0.265333;2;0;0.265333;2;0;0.265333;2;0;0.265333;2;0;0.265333;2;0;0.265333;2;0;0.265333;2;0;0.265333;2;0;0.265333;2;0;0.265333;2;0;0.265333;2;0;0.265333;2;0;0.265333;2;0;0.265333;2;0;0.265333;2;0;0.265333;2;0;0.265333;2;0;0.265333;2;0;0.265333;2;0;0.265333;2;0;0.265333;2;0;0.265333;2;0;0.265333;2;0;0.265333;2;0;0.265333;2;0;0.265333;2;0;0.265333;2;0;0.265333;2;0;0.265333;2;0;0.265333;2;0;0.265333;2;0;0.265333;2;0;0.265333;2;0;0.265333;2;0;0.265333;2;0;0.265333;2;0
15;0.27;2;0;0.27;2;0;0.27;2;0;0.27;2;0;0.27;2;0;0.27;2;0;0.27;2;0;0.27;2;0;0.27;2;0;0.27;2;0;0.27;2;0;0.27;2;0;0.27;2;0;0.27;2;0;0.27;2;0;0.27;2;0;0.27;2;0;0.27;2;0;0.27;2;0;0.27;2;0;0.27;2;0;0.27;2;0;0.27;2;0;0.27;2;0;0.27;2;0;0.27;2;0;0.27;2;0;0.27;2;0;0.27;2;0;0.27;2;0;0.27;2;0;0.27;2;0;0.27;2;0;0.27;2;0;0.27;2;0;0.27;2;0;0.27;2;0;0.27;2;0;0.27;2;0;0.27;2;0;0.27;2;0;0.27;2;0;0.27;2;0;0.27;2;0;0.27;2;0;0.27;2;0;0.27;2;0;0.27;2;0;0.27;2;0;0.27;2;0;0.27;2;0
16;0.274667;2;0;0.274667;2;0;0.274667;2;0;0.274667;2;0;0.274667;2;0;0.274667;2;0;0.274667;2;0;0.274667;2;0;0.274667;2;0;0.274667;2;0;0.274667;2;0;0.274667;2;0;0.274667;2;0;0.274667;2;0;0.274667;2;0;0.274667;2;0;0.274667;2;0;0.274667;2;0;0.274667;2;0;0.274667;2;0;0.274667;2;0;0.274667;2;0;0.274667;2;0;0.274667;2;0;0.274667;2;0;0.274667;2;0;0.274667;2;0;0.274667;2;0;0.274667;2;0;0.274667;2;0;0.274667;2;0;0.274667;2;0;0.274667;2;0;0.274667;2;0;0.274667;2;0;0.274667;2;0;0.274667;2;0;0.274667;2;0;0.274667;2;0;0.274667;2;0;0.274667;2;0;0.274667;2;0;0.274667;2;0;0.274667;2;0;0.274667;2;0;0.274667;2;0;0.274667;2;0;0.274667;2;0;0.274667;2;0;0.274667;2;0;0.274667;2;0
17;0.279333;2;0;0.279333;2;0;0.279333;2;0;0.279333;2;0;0.279333;2;0;0.279333;2;0;0.279333;2;0;0.279333;2;0;0.279333;2;0;0.279333;2;0;0.279333;2;0;0.279333;2;0;0.279333;2;0;0.279333;2;0;0.279333;2;0;0.279333;2;0;0.279333;2;0;0.279333;2;0;0.279333;2;0;0.279333;2;0;0.279333;2;0;0.279333;2;0;0.279333;2;0;0.279333;2;0;0.279333;2;0;0.279333;2;0;0.279333;2;0;0.279333;2;0;0.279333;2;0;0.279333;2;0;0.279333;2;0;0.279333;2;0;0.279333;2;0;0.279333;2;0;0.279333;2;0;0.279333;2;0;0.279333;2;0;0.279333;2;0;0.279333;2;0;0.279333;2;0;0.279333;2;0;0.279333;2;0;0.279333;2;0;0.279333;2;0;0.279333;2;0;0.279333;2;0;0.279333;2;0;0.279333;2;0;0.279333;2;0;0.279333;2;0;0.279333;2;0
18;0.284;2;0;0.284;2;0;0.284;2;0;0.284;2;0;0.284;2;0;0.284;2;0;0.284;2;0;0.284;2;0;0.284;2;0;0.284;2;0;0.284;2;0;0.284;2;0;0.284;2;0;0.284;2;0;0.284;2;0;0.284;2;0;0.284;2;0;0.284;2;0;0.284;2;0;0.284;2;0;0.284;2;0;0.284;2;0;0.284;2;0;0.284;2;0;0.284;2;0;0.284;2;0;0.284;2;0;0.284;2;0;0.284;2;0;0.284;2;0;0.284;2;0;0.284;2;0;0.284;2;0;0.284;2;0;0.284;2;0;0.284;2;0;0.284;2;0;0.284;2;0;0.284;2;0;0.284;2;0;0.284;2;0;0.284;2;0;0.284;2;0;0.284;2;0;0.284;2;0;0.284;2;0;0.284;2;0;0.284;2;0;0.284;2;0;0.284;2;0;0.284;2;0
19;0.288667;3;0;0.288667;3;0;0.288667;3;0;0.288667;3;0;0.288667;3;0;0.288667;3;0;0.288667;3;0;0.288667;3;0;0.288667;3;0;0.288667;3;0;0.288667;3;0;0.288667;3;0;0.288667;3;0;0.288667;3;0;0.288667;3;0;0.288667;3;0;0.288667;3;0;0.288667;3;0;0.288667;3;0;0.288667;3;0;0.288667;3;0;0.288667;3;0;0.288667;3;0;0.288667;3;0;0.288667;3;0;0.288667;3;0;0.288667;3;0;0.288667;3;0;0.288667;3;0;0.288667;3;0;0.288667;3;0;0.288667;3;0;0.288667;3;0;0.288667;3;0;0.288667;3;0;0.288667;3;0;0.288667;3;0;0.288667;3;0;0.288667;3;0;0.288667;3;0;0.288667;3;0;0.288667;3;0;0.288667;3;0;0.288667;3;0;0.288667;3;0;0.288667;3;0;0.288667;3;0;0.288667;3;0;0.288667;3;0;0.288667;3;0;0.288667;3;0
20;0.293333;3;0;0.293333;3;0;0.293333;3;0;0.293333;3;0;0.293333;3;0;0.293333;3;0;0.293333;3;0;0.293333;3;0;0.293333;3;0;0.293333;3;0;0.293333;3;0;0.293333;3;0;0.293333;3;0;0.293333;3;0;0.293333;3;0;0.293333;3;0;0.293333;3;0;0.293333;3;0;0.293333;3;0;0.293333;3;0;0.293333;3;0;0.293333;3;0;0.293333;3;0;0.293333;3;0;0.293333;3;0;0.293333;3;0;0.293333;3;0;0.293333;3;0;0.293333;3;0;0.293333;3;0;0.293333;3;0;0.293333;3;0;0.293333;3;0;0.293333;3;0;0.293333;3;0;0.293333;3;0;0.293333;3;0;0.293333;3;0;0.293333;3;0;0.293333;3;0;0.293333;3;0;0.293333;3;0;0.293333;3;0;0.293333;3;0;0.293333;3;0;0.293333;3;0;0.293333;3;0;0.293333;3;0;0.293333;3;0;0.293333;3;0;0.293333;3;0
21;0.298;3;0;0.298;3;0;0.298;3;0;0.298;3;0;0.298;3;0;0.298;3;0;0.298;3;0;0.298;3;0;0.298;3;0;0.298;3;0;0.298;3;0;0.298;3;0;0.298;3;0;0.298;3;0;0.298;3;0;0.298;3;0;0.298;3;0;0.298;3;0;0.298;3;0;0.298;3;0;0.298;3;0;0.298;3;0;0.298;3;0;0.298;3;0;0.298;3;0;0.298;3;0;0.298;3;0;0.298;3;0;0.298;3;0;0.298;3;0;0.298;3;0;0.298;3;0;0.298;3;0;0.298;3;0;0.298;3;0;0.298;3;0;0.298;3;0;0.298;3;0;0.298;3;0;0.298;3;0;0.298;3;0;0.298;3;0;0.298;3;0;0.298;3;0;0.298;3;0;0.298;3;0;0.298;3;0;0.298;3;0;0.298;3;0;0.298;3;0;0.298;3;0
22;0.302667;3;0;0.302667;3;0;0.302667;3;0;0.302667;3;0;0.302667;3;0;0.302667;3;0;0.302667;3;0;0.302667;3;0;0.302667;3;0;0.302667;3;0;0.302667;3;0;0.302667;3;0;0.302667;3;0;0.302667;3;0;0.302667;3;0;0.302667;3;0;0.302667;3;0;0.302667;3;0;0.302667;3;0;0.302667;3;0;0.302667;3;0;0.302667;3;0;0.302667;3;0;0.302667;3;0;0.302667;3;0;0.302667;3;0;0.302667;3;0;0.302667;3;0;0.302667;3;0;0.302667;3;0;0.302667;3;0;0.302667;3;0;0.302667;3;0;0.302667;3;0;0.302667;3;0;0.302667;3;0;0.302667;3;0;0.302667;3;0;0.302667;3;0;0.302667;3;0;0.302667;3;0;0.302667;3;0;0.302667;3;0;0.302667;3;0;0.302667;3;0;0.302667;3;0;0.302667;3;0;0.302667;3;0;0.302667;3;0;0.302667;3;0;0.302667;3;0
23;0.307333;3;0;0.307333;3;0;0.307333;3;0;0.307333;3;0;0.307333;3;0;0.307333;3;0;0.307333;3;0;0.307333;3;0;0.307333;3;0;0.307333;3;0;0.307333;3;0;0.307333;3;0;0.307333;3;0;0.307333;3;0;0.307333;3;0;0.307333;3;0;0.307333;3;0;0.307333;3;0;0.307333;3;0;0.307333;3;0;0.307333;3;0;0.307333;3;0;0.307333;3;0;0.307333;3;0;0.307333;3;0;0.307333;3;0;0.307333;3;0;0.307333;3;0;0.307333;3;0;0.307333;3;0;0.307333;3;0;0.307333;3;0;0.307333;3;0;0.307333;3;0;0.307333;3;0;0.307333;3;0;0.307333;3;0;0.307333;3;0;0.307333;3;0;0.307333;3;0;0.307333;3;0;0.307333;3;0;0.307333;3;0;0.307333;3;0;0.307333;3;0;0.307333;3;0;0.307333;3;0;0.307333;3;0;0.307333;3;0;0.307333;3;0;0.307333;3;0
24;0.312;3;0;0.312;3;0;0.312;3;0;0.312;3;0;0.312;3;0;0.312;3;0;0.312;3;0;0.312;3;0;0.312;3;0;0.312;3;0;0.312;3;0;0.312;3;0;0.312;3;0;0.312;3;0;0.312;3;0;0.312;3;0;0.312;3;0;0.312;3;0;0.312;3;0;0.312;3;0;0.312;3;0;0.312;3;0;0.312;3;0;0.312;3;0;0.312;3;0;0.312;3;0;0.312;3;0;0.312;3;0;0.312;3;0;0.312;3;0;0.312;3;0;0.312;3;0;0.312;3;0;0.312;3;0;0.312;3;0;0.312;3;0;0.312;3;0;0.312;3;0;0.312;3;0;0.312;3;0;0.312;3;0;0.312;3;0;0.312;3;0;0.312;3;0;0.312;3;0;0.312;3;0;0.312;3;0;0.312;3;0;0.312;3;0;0.312;3;0;0.312;3;0
25;0.316667;3;0;0.316667;3;0;0.316667;3;0;0.316667;3;0;0.316667;3;0;0.316667;3;0;0.316667;3;0;0.316667;3;0;0.316667;3;0;0.316667;3;0;0.316667;3;0;0.316667;3;0;0.316667;3;0;0.316667;3;0;0.316667;3;0;0.316667;3;0;0.316667;3;0;0.316667;3;0;0.316667;3;0;0.316667;3;0;0.316667;3;0;0.316667;3;0;0.316667;3;0;0.316667;3;0;0.316667;3;0;0.316667;3;0;0.316667;3;0;0.316667;3;0;0.316667;3;0;0.316667;3;0;0.316667;3;0;0.316667;3;0;0.316667;3;0;0.316667;3;0;0.316667;3;0;0.316667;3;0;0.316667;3;0;0.316667;3;0;0.316667;3;0;0.316667;3;0;0.316667;3;0;0.316667;3;0;0.316667;3;0;0.316667;3;0;0.316667;3;0;0.316667;3;0;0.316667;3;0;0.316667;3;0;0.316667;3;0;0.316667;3;0;0.316667;3;0
26;0.321333;3;0;0.321333;3;0;0.321333;3;0;0.321333;3;0;0.321333;3;0;0.321333;3;0;0.321333;3;0;0.321333;3;0;0.321333;3;0;0.321333;3;0;0.321333;3;0;0.321333;3;0;0.321333;3;0;0.321333;3;0;0.321333;3;0;0.321333;3;0;0.321333;3;0;0.321333;3;0;0.321333;3;0;0.321333;3;0;0.321333;3;0;0.321333;3;0;0.321333;3;0;0.321333;3;0;0.321333;3;0;0.321333;3;0;0.321333;3;0;0.321333;3;0;0.321333;3;0;0.321333;3;0;0.321333;3;0;0.321333;3;0;0.321333;3;0;0.321333;3;0;0.321333;3;0;0.321333;3;0;0.321333;3;0;0.321333;3;0;0.321333;3;0;0.321333;3;0;0.321333;3;0;0.321333;3;0;0.321333;3;0;0.321333;3;0;0.321333;3;0;0.321333;3;0;0.321333;3;0;0.321333;3;0;0.321333;3;0;0.321333;3;0;0.321333;3;0
27;0.326;3;0;0.326;3;0;0.326;3;0;0.326;3;0;0.326;3;0;0.326;3;0;0.326;3;0;0.326;3;0;0.326;3;0;0.326;3;0;0.326;3;0;0.326;3;0;0.326;3;0;0.326;3;0;0.326;3;0;0.326;3;0;0.326;3;0;0.326;3;0;0.326;3;0;0.326;3;0;0.326;3;0;0.326;3;0;0.326;3;0;0.326;3;0;0.326;3;0;0.326;3;0;0.326;3;0;0.326;3;0;0.326;3;0;0.326;3;0;0.326;3;0;0.326;3;0;0.326;3;0;0.326;3;0;0.326;3;0;0.326;3;0;0.326;3;0;0.326;3;0;0.326;3;0;0.326;3;0;0.326;3;0;0.326;3;0;0.326;3;0;0.326;3;0;0.326;3;0;0.326;3;0;0.326;3;0;0.326;3;0;0.326;3;0;0.326;3;0;0.326;3;0
28;0.330667;3;0;0.330667;3;0;0.330667;3;0;0.330667;3;0;0.330667;3;0;0.330667;3;0;0.330667;3;0;0.330667;3;0;0.330667;3;0;0.330667;3;0;0.330667;3;0;0.330667;3;0;0.330667;3;0;0.330667;3;0;0.330667;3;0;0.330667;3;0;0.330667;3;0;0.330667;3;0;0.330667;3;0;0.330667;3;0;0.330667;3;0;0.330667;3;0;0.330667;3;0;0.330667;3;0;0.330667;3;0;0.330667;3;0;0.330667;3;0;0.330667;3;0;0.330667;3;0;0.330667;3;0;0.330667;3;0;0.330667;3;0;0.330667;3;0;0.330667;3;0;0.330667;3;0;0.330667;3;0;0.330667;3;0;0.330667;3;0;0.330667;3;0;0.330667;3;0;0.330667;3;0;0.330667;3;0;0.330667;3;0;0.330667;3;0;0.330667;3;0;0.330667;3;0;0.330667;3;0;0.330667;3;0;0.330667;3;0;0.330667;3;0;0.330667;3;0
29;0.335333;3;0;0.335333;3;0;0.335333;3;0;0.335333;3;0;0.335333;3;0;0.335333;3;0;0.335333;3;0;0.335333;3;0;0.335333;3;0;0.335333;3;0;0.335333;3;0;0.335333;3;0;0.335333;3;0;0.335333;3;0;0.335333;3;0;0.335333;3;0;0.335333;3;0;0.335333;3;0;0.335333;3;0;0.335333;3;0;0.335333;3;0;0.335333;3;0;0.335333;3;0;0.335333;3;0;0.335333;3;0;0.335333;3;0;0.335333;3;0;0.335333;3;0;0.335333;3;0;0.335333;3;0;0.335333;3;0;0.335333;3;0;0.335333;3;0;0.335333;3;0;0.335333;3;0;0.335333;3;0;0.335333;3;0;0.335333;3;0;0.335333;3;0;0.335333;3;0;0.335333;3;0;0.335333;3;0;0.335333;3;0;0.335333;3;0;0.335333;3;0;0.335333;3;0;0.335333;3;0;0.335333;3;0;0.335333;3;0;0.335333;3;0;0.335333;3;0
30;0.34;3;0;0.34;3;0;0.34;3;0;0.34;3;0;0.34;3;0;0.34;3;0;0.34;3;0;0.34;3;0;0.34;3;0;0.34;3;0;0.34;3;0;0.34;3;0;0.34;3;0;0.34;3;0;0.34;3;0;0.34;3;0;0.34;3;0;0.34;3;0;0.34;3;0;0.34;3;0;0.34;3;0;0.34;3;0;0.34;3;0;0.34;3;0;0.34;3;0;0.34;3;0;0.34;3;0;0.34;3;0;0.34;3;0;0.34;3;0;0.34;3;0;0.34;3;0;0.34;3;0;0.34;3;0;0.34;3;0;0.34;3;0;0.34;3;0;0.34;3;0;0.34;3;0;0.34;3;0;0.34;3;0;0.34;3;0;0.34;3;0;0.34;3;0;0.34;3;0;0.34;3;0;0.34;3;0;0.34;3;0;0.34;3;0;0.34;3;0;0.34;3;0
31;0.344667;3;0;0.344667;3;0;0.344667;3;0;0.344667;3;0;0.344667;3;0;0.344667;3;0;0.344667;3;0;0.344667;3;0;0.344667;3;0;0.344667;3;0;0.344667;3;0;0.344667;3;0;0.344667;3;0;0.344667;3;0;0.344667;3;0;0.344667;3;0;0.344667;3;0;0.344667;3;0;0.344667;3;0;0.344667;3;0;0.344667;3;0;0.344667;3;0;0.344667;3;0;0.344667;3;0;0.344667;3;0;0.344667;3;0;0.344667;3;0;0.344667;3;0;0.344667;3;0;0.344667;3;0;0.344667;3;0;0.344667;3;0;0.344667;3;0;0.344667;3;0;0.344667;3;0;0.344667;3;0;0.344667;3;0;0.344667;3;0;0.344667;3;0;0.344667;3;0;0.344667;3;0;0.344667;3;0;0.344667;3;0;0.344667;3;0;0.344667;3;0;0.344667;3;0;0.344667;3;0;0.344667;3;0;0.344667;3;0;0.344667;3;0;0.344667;3;0
32;0.349333;3;0;0.349333;3;0;0.349333;3;0;0.349333;3;0;0.349333;3;0;0.349333;3;0;0.349333;3;0;0.349333;3;0;0.349333;3;0;0.349333;3;0;0.349333;3;0;0.349333;3;0;0.349333;3;0;0.349333;3;0;0.349333;3;0;0.349333;3;0;0.349333;3;0;0.349333;3;0;0.349333;3;0;0.349333;3;0;0.349333;3;0;0.349333;3;0;0.349333;3;0;0.349333;3;0;0.349333;3;0;0.349333;3;0;0.349333;3;0;0.349333;3;0;0.349333;3;0;0.349333;3;0;0.349333;3;0;0.349333;3;0;0.349333;3;0;0.349333;3;0;0.349333;3;0;0.349333;3;0;0.349333;3;0;0.349333;3;0;0.349333;3;0;0.349333;3;0;0.349333;3;0;0.349333;3;0;0.349333;3;0;0.349333;3;0;0.349333;3;0;0.349333;3;0;0.349333;3;0;0.349333;3;0;0.349333;3;0;0.349333;3;0;0.349333;3;0
33;0.354;3;0;0.354;3;0;0.354;3;0;0.354;3;0;0.354;3;0;0.354;3;0;0.354;3;0;0.354;3;0;0.354;3;0;0.354;3;0;0.354;3;0;0.354;3;0;0.354;3;0;0.354;3;0;0.354;3;0;0.354;3;0;0.354;3;0;0.354;3;0;0.354;3;0;0.354;3;0;0.354;3;0;0.354;3;0;0.354;3;0;0.354;3;0;0.354;3;0;0.354;3;0;0.354;3;0;0.354;3;0;0.354;3;0;0.354;3;0;0.354;3;0;0.354;3;0;0.354;3;0;0.354;3;0;0.354;3;0;0.354;3;0;0.354;3;0;0.354;3;0;0.354;3;0;0.354;3;0;0.354;3;0;0.354;3;0;0.354;3;0;0.354;3;0;0.354;3;0;0.354;3;0;0.354;3;0;0.354;3;0;0.354;3;0;0.354;3;0;0.354;3;0
34;0.358667;3;0;0.358667;3;0;0.358667;3;0;0.358667;3;0;0.358667;3;0;0.358667;3;0;0.358667;3;0;0.358667;3;0;0.358667;3;0;0.358667;3;0;0.358667;3;0;0.358667;3;0;0.358667;3;0;0.358667;3;0;0.358667;3;0;0.358667;3;0;0.358667;3;0;0.358667;3;0;0.358667;3;0;0.358667;3;0;0.358667;3;0;0.358667;3;0;0.358667;3;0;0.358667;3;0;0.358667;3;0;0.358667;3;0;0.358667;3;0;0.358667;3;0;0.358667;3;0;0.358667;3;0;0.358667;3;0;0.358667;3;0;0.358667;3;0;0.358667;3;0;0.358667;3;0;0.358667;3;0;0.358667;3;0;0.358667;3;0;0.358667;3;0;0.358667;3;0;0.358667;3;0;0.358667;3;0;0.358667;3;0;0.358667;3;0;0.358667;3;0;0.358667;3;0;0.358667;3;0;0.358667;3;0;0.358667;3;0;0.358667;3;0;0.358667;3;0
35;0.363333;3;0;0.363333;3;0;0.363333;3;0;0.363333;3;0;0.363333;3;0;0.363333;3;0;0.363333;3;0;0.363333;3;0;0.363333;3;0;0.363333;3;0;0.363333;3;0;0.363333;3;0;0.363333;3;0;0.363333;3;0;0.363333;3;0;0.363333;3;0;0.363333;3;0;0.363333;3;0;0.363333;3;0;0.363333;3;0;0.363333;3;0;0.363333;3;0;0.363333;3;0;0.363333;3;0;0.363333;3;0;0.363333;3;0;0.363333;3;0;0.363333;3;0;0.363333;3;0;0.363333;3;0;0.363333;3;0;0.363333;3;0;0.363333;3;0;0.363333;3;0;0.363333;3;0;0.363333;3;0;0.363333;3;0;0.363333;3;0;0.363333;3;0;0.363333;3;0;0.363333;3;0;0.363333;3;0;0.363333;3;0;0.363333;3;0;0.363333;3;0;0.363333;3;0;0.363333;3;0;0.363333;3;0;0.363333;3;0;0.363333;3;0;0.363333;3;0
36;0.368;3;0;0.368;3;0;0.368;3;0;0.368;3;0;0.368;3;0;0.368;3;0;0.368;3;0;0.368;3;0;0.368;3;0;0.368;3;0;0.368;3;0;0.368;3;0;0.368;3;0;0.368;3;0;0.368;3;0;0.368;3;0;0.368;3;0;0.368;3;0;0.368;3;0;0.368;3;0;0.368;3;0;0.368;3;0;0.368;3;0;0.368;3;0;0.368;3;0;0.368;3;0;0.368;3;0;0.368;3;0;0.368;3;0;0.368;3;0;0.368;3;0;0.368;3;0;0.368;3;0;0.368;3;0;0.368;3;0;0.368;3;0;0.368;3;0;0.368;3;0;0.368;3;0;0.368;3;0;0.368;3;0;0.368;3;0;0.368;3;0;0.368;3;0;0.368;3;0;0.368;3;0;0.368;3;0;0.368;3;0;0.368;3;0;0.368;3;0;0.368;3;0
37;0.372667;3;0;0.372667;3;0;0.372667;3;0;0.372667;3;0;0.372667;3;0;0.372667;3;0;0.372667;3;0;0.372667;3;0;0.372667;3;0;0.372667;3;0;0.372667;3;0;0.372667;3;0;0.372667;3;0;0.372667;3;0;0.372667;3;0;0.372667;3;0;0.372667;3;0;0.372667;3;0;0.372667;3;0;0.372667;3;0;0.372667;3;0;0.372667;3;0;0.372667;3;0;0.372667;3;0;0.372667;3;0;0.372667;3;0;0.372667;3;0;0.372667;3;0;0.372667;3;0;0.372667;3;0;0.372667;3;0;0.372667;3;0;0.372667;3;0;0.372667;3;0;0.372667;3;0;0.372667;3;0;0.372667;3;0;0.372667;3;0;0.372667;3;0;0.372667;3;0;0.372667;3;0;0.372667;3;0;0.372667;3;0;0.372667;3;0;0.372667;3;0;0.372667;3;0;0.372667;3;0;0.372667;3;0;0.372667;3;0;0.372667;3;0;0.372667;3;0
38;0.377333;3;0;0.377333;3;0;0.377333;3;0;0.377333;3;0;0.377333;3;0;0.377333;3;0;0.377333;3;0;0.377333;3;0;0.377333;3;0;0.377333;3;0;0.377333;3;0;0.377333;3;0;0.377333;3;0;0.377333;3;0;0.377333;3;0;0.377333;3;0;0.377333;3;0;0.377333;3;0;0.377333;3;0;0.377333;3;0;0.377333;3;0;0.377333;3;0;0.377333;3;0;0.377333;3;0;0.377333;3;0;0.377333;3;0;0.377333;3;0;0.377333;3;0;0.377333;3;0;0.377333;3;0;0.377333;3;0;0.377333;3;0;0.377333;3;0;0.377333;3;0;0.377333;3;0;0.377333;3;0;0.377333;3;0;0.377333;3;0;0.377333;3;0;0.377333;3;0;0.377333;3;0;0.377333;3;0;0.377333;3;0;0.377333;3;0;0.377333;3;0;0.377333;3;0;0.377333;3;0;0.377333;3;0;0.377333;3;0;0.377333;3;0;0.377333;3;0
39;0.382;3;0;0.382;3;0;0.382;3;0;0.382;3;0;0.382;3;0;0.382;3;0;0.382;3;0;0.382;3;0;0.382;3;0;0.382;3;0;0.382;3;0;0.382;3;0;0.382;3;0;0.382;3;0;0.382;3;0;0.382;3;0;0.382;3;0;0.382;3;0;0.382;3;0;0.382;3;0;0.382;3;0;0.382;3;0;0.382;3;0;0.382;3;0;0.382;3;0;0.382;3;0;0.382;3;0;0.382;3;0;0.382;3;0;0.382;3;0;0.382;3;0;0.382;3;0;0.382;3;0;0.382;3;0;0.382;3;0;0.382;3;0;0.382;3;0;0.382;3;0;0.382;3;0;0.382;3;0;0.382;3;0;0.382;3;0;0.382;3;0;0.382;3;0;0.382;3;0;0.382;3;0;0.382;3;0;0.382;3;0;0.382;3;0;0.382;3;0;0.382;3;0
40;0.386667;3;0;0.386667;3;0;0.386667;3;0;0.386667;3;0;0.386667;3;0;0.386667;3;0;0.386667;3;0;0.386667;3;0;0.386667;3;0;0.386667;3;0;0.386667;3;0;0.386667;3;0;0.386667;3;0;0.386667;3;0;0.386667;3;0;0.386667;3;0;0.386667;3;0;0.386667;3;0;0.386667;3;0;0.386667;3;0;0.386667;3;0;0.386667;3;0;0.386667;3;0;0.386667;3;0;0.386667;3;0;0.386667;3;0;0.386667;3;0;0.386667;3;0;0.386667;3;0;0.386667;3;0;0.386667;3;0;0.386667;3;0;0.386667;3;0;0.386667;3;0;0.386667;3;0;0.386667;3;0;0.386667;3;0;0.386667;3;0;0.386667;3;0;0.386667;3;0;0.386667;3;0;0.386667;3;0;0.386667;3;0;0.386667;3;0;0.386667;3;0;0.386667;4;0;0.386667;3;0;0.386667;3;0;0.386667;3;0;0.386667;3;0;0.386667;3;0
41;0.391333;3;0;0.391333;3;0;0.391333;3;0;0.391333;3;0;0.391333;3;0;0.391333;3;0;0.391333;3;0;0.391333;4;0;0.391333;3;0;0.391333;3;0;0.391333;3;0;0.391333;3;0;0.391333;3;0;0.391333;3;0;0.391333;3;0;0.391333;3;0;0.391333;3;0;0.391333;3;0;0.391333;3;0;0.391333;3;0;0.391333;3;0;0.391333;3;0;0.391333;3;0;0.391333;3;0;0.391333;3;0;0.391333;3;0;0.391333;3;0;0.391333;3;0;0.391333;3;0;0.391333;3;0;0.391333;3;0;0.391333;3;0;0.391333;3;0;0.391333;3;0;0.391333;3;0;0.391333;3;0;0.391333;3;0;0.391333;3;0;0.391333;3;0;0.391333;3;0;0.391333;3;0;0.391333;3;0;0.391333;3;0;0.391333;3;0;0.391333;3;0;0.391333;3;0;0.391333;3;0;0.391333;3;0;0.391333;3;0;0.391333;3;0;0.391333;3;0
42;0.396;3;0;0.396;3;0;0.396;3;0;0.396;3;0;0.396;4;0;0.396;3;0;0.396;3;0;0.396;3;0;0.396;3;0;0.396;3;0;0.396;3;0;0.396;3;0;0.396;3;0;0.396;3;0;0.396;3;0;0.396;3;0;0.396;3;0;0.396;3;0;0.396;3;0;0.396;3;0;0.396;3;0;0.396;3;0;0.396;3;0;0.396;3;0;0.396;3;0;0.396;3;0;0.396;3;0;0.396;3;0;0.396;3;0;0.396;3;0;0.396;3;0;0.396;3;0;0.396;3;0;0.396;3;0;0.396;4;0;0.396;3;0;0.396;3;0;0.396;3;0;0.396;3;0;0.396;3;0;0.396;3;0;0.396;3;0;0.396;3;0;0.396;3;0;0.396;3;0;0.396;3;0;0.396;3;0;0.396;3;0;0.396;3;0;0.396;3;0;0.396;3;0
43;0.400667;3;0;0.400667;3;0;0.400667;3;0;0.400667;3;0;0.400667;4;0;0.400667;3;0;0.400667;3;0;0.400667;3;0;0.400667;3;0;0.400667;3;0;0.400667;3;0;0.400667;3;0;0.400667;3;0;0.400667;3;0;0.400667;3;0;0.400667;3;0;0.400667;3;0;0.400667;4;0;0.400667;3;0;0.400667;3;0;0.400667;3;0;0.400667;3;0;0.400667;3;0;0.400667;3;0;0.400667;3;0;0.400667;3;0;0.400667;3;0;0.400667;4;0;0.400667;3;0;0.400667;3;0;0.400667;3;0;0.400667;3;0;0.400667;3;0;0.400667;3;0;0.400667;3;0;0.400667;3;0;0.400667;3;0;0.400667;3;0;0.400667;3;0;0.400667;3;0;0.400667;4;0;0.400667;3;0;0.400667;3;0;0.400667;3;0;0.400667;3;0;0.400667;3;0;0.400667;3;0;0.400667;3;0;0.400667;3;0;0.400667;3;0;0.400667;3;0
44;0.405333;3;0;0.405333;3;0;0.405333;4;0;0.405333;4;0;0.405333;3;0;0.405333;4;0;0.405333;3;0;0.405333;3;0;0.405333;3;0;0.405333;3;0;0.405333;3;0;0.405333;3;0;0.405333;3;0;0.405333;3;0;0.405333;3;0;0.405333;3;0;0.405333;3;0;0.405333;4;0;0.405333;3;0;0.405333;3;0;0.405333;3;0;0.405333;3;0;0.405333;3;0;0.405333;3;0;0.405333;3;0;0.405333;4;0;0.405333;3;0;0.405333;4;0;0.405333;3;0;0.405333;3;0;0.405333;3;0;0.405333;3;0;0.405333;3;0;0.405333;3;0;0.405333;3;0;0.405333;3;0;0.405333;3;0;0.405333;3;0;0.405333;3;0;0.405333;3;0;0.405333;4;0;0.405333;3;0;0.405333;3;0;0.405333;3;0;0.405333;3;0;0.405333;3;0;0.405333;3;0;0.405333;3;0;0.405333;3;0;0.405333;3;0;0.405333;3;0
45;0.41;3;0;0.41;3;0;0.41;4;0;0.41;4;0;0.41;3;0;0.41;4;0;0.41;3;0;0.41;3;0;0.41;3;0;0.41;3;0;0.41;4;0;0.41;3;0;0.41;3;0;0.41;3;0;0.41;3;0;0.41;3;0;0.41;3;0;0.41;3;0;0.41;4;0;0.41;3;0;0.41;3;0;0.41;3;0;0.41;4;0;0.41;3;0;0.41;3;0;0.41;4;0;0.41;3;0;0.41;3;0;0.41;4;0;0.41;3;0;0.41;3;0;0.41;4;0;0.41;3;0;0.41;3;0;0.41;3;0;0.41;3;0;0.41;3;0;0.41;3;0;0.41;3;0;0.41;3;0;0.41;3;0;0.41;3;0;0.41;3;0;0.41;3;0;0.41;3;0;0.41;3;0;0.41;3;0;0.41;3;0;0.41;3;0;0.41;3;0;0.41;3;0
46;0.414667;3;0;0.414667;3;0;0.414667;3;0;0.414667;4;0;0.414667;3;0;0.414667;4;0;0.414667;3;0;0.414667;3;0;0.414667;3;0;0.414667;3;0;0.414667;4;0;0.414667;3;0;0.414667;3;0;0.414667;3;0;0.414667;3;0;0.414667;3;0;0.414667;3;0;0.414667;3;0;0.414667;4;0;0.414667;3;0;0.414667;3;0;0.414667;3;0;0.414667;4;0;0.414667;3;0;0.414667;3;0;0.414667;3;0;0.414667;3;0;0.414667;3;0;0.414667;4;0;0.414667;3;0;0.414667;3;0;0.414667;4;0;0.414667;3;0;0.414667;3;0;0.414667;3;0;0.414667;3;0;0.414667;3;0;0.414667;3;0;0.414667;4;0;0.414667;3;0;0.414667;3;0;0.414667;3;0;0.414667;3;0;0.414667;3;0;0.414667;3;0;0.414667;3;0;0.414667;3;0;0.414667;4;0;0.414667;3;0;0.414667;3;0;0.414667;4;0
47;0.419333;3;0;0.419333;4;0;0.419333;3;0;0.419333;3;0;0.419333;3;0;0.419333;3;0;0.419333;3;0;0.419333;3;0;0.419333;3;0;0.419333;3;0;0.419333;4;0;0.419333;3;0;0.419333;4;0;0.419333;4;0;0.419333;4;0;0.419333;4;0;0.419333;4;0;0.419333;3;0;0.419333;4;0;0.419333;3;0;0.419333;4;0;0.419333;3;0;0.419333;4;0;0.419333;4;0;0.419333;3;0;0.419333;3;0;0.419333;3;0;0.419333;3;0;0.419333;4;0;0.419333;3;0;0.419333;3;0;0.419333;4;0;0.419333;3;0;0.419333;4;0;0.419333;3;0;0.419333;4;0;0.419333;4;0;0.419333;4;0;0.419333;4;0;0.419333;3;0;0.419333;3;0;0.419333;3;0;0.419333;4;0;0.419333;4;0;0.419333;3;0;0.419333;3;0;0.419333;3;0;0.419333;4;0;0.419333;3;0;0.419333;3;0;0.419333;4;0
48;0.424;3;0;0.424;4;0;0.424;3;0;0.424;3;0;0.424;3;0;0.424;3;0;0.424;3;0;0.424;3;0;0.424;3;0;0.424;3;0;0.424;4;0;0.424;3;0;0.424;4;0;0.424;4;0;0.424;4;0;0.424;4;0;0.424;4;0;0.424;3;0;0.424;4;0;0.424;3;0;0.424;4;0;0.424;3;0;0.424;3;0;0.424;4;0;0.424;4;0;0.424;3;0;0.424;3;0;0.424;3;0;0.424;4;0;0.424;3;0;0.424;3;0;0.424;3;0;0.424;3;0;0.424;4;0;0.424;3;0;0.424;4;0;0.424;4;0;0.424;4;0;0.424;4;0;0.424;3;0;0.424;3;0;0.424;3;0;0.424;4;0;0.424;4;0;0.424;4;0;0.424;3;0;0.424;3;0;0.424;4;0;0.424;3;0;0.424;4;0;0.424;4;0
49;0.428667;4;0;0.428667;4;0;0.428667;3;0;0.428667;3;0;0.428667;3;0;0.428667;3;0;0.428667;3;0;0.428667;3;0;0.428667;3;0;0.428667;4;0;0.428667;3;0;0.428667;4;0;0.428667;4;0;0.428667;4;0;0.428667;4;0;0.428667;4;0;0.428667;4;0;0.428667;3;0;0.428667;3;0;0.428667;4;0;0.428667;4;0;0.428667;3;0;0.428667;3;0;0.428667;4;0;0.428667;4;0;0.428667;3;0;0.428667;3;0;0.428667;3;0;0.428667;3;0;0.428667;4;0;0.428667;4;0;0.428667;3;0;0.428667;3;0;0.428667;4;0;0.428667;3;0;0.428667;4;0;0.428667;4;0;0.428667;4;0;0.428667;4;0;0.428667;3;0;0.428667;3;0;0.428667;4;0;0.428667;4;0;0.428667;4;0;0.428667;4;0;0.428667;3;0;0.428667;3;0;0.428667;4;0;0.428667;3;0;0.428667;4;0;0.428667;4;0
50;0.433333;4;0;0.433333;4;0;0.433333;3;0;0.433333;3;0;0.433333;3;0;0.433333;3;0;0.433333;3;0;0.433333;3;0;0.433333;3;0;0.433333;4;0;0.433333;3;0;0.433333;4;0;0.433333;4;0;0.433333;4;0;0.433333;4;0;0.433333;4;0;0.433333;4;0;0.433333;3;0;0.433333;3;0;0.433333;4;0;0.433333;4;0;0.433333;3;0;0.433333;3;0;0.433333;4;0;0.433333;4;0;0.433333;3;0;0.433333;4;0;0.433333;3;0;0.433333;3;0;0.433333;4;0;0.433333;4;0;0.433333;3;0;0.433333;4;0;0.433333;4;0;0.433333;3;0;0.433333;4;0;0.433333;4;0;0.433333;4;0;0.433333;3;0;0.433333;3;0;0.433333;3;0;0.433333;4;0;0.433333;4;0;0.433333;4;0;0.433333;4;0;0.433333;3;0;0.433333;3;0;0.433333;3;0;0.433333;4;0;0.433333;4;0;0.433333;3;0
51;0.438;4;0;0.438;3;0;0.438;3;0;0.438;3;0;0.438;3;0;0.438;3;0;0.438;4;0;0.438;3;0;0.438;3;0;0.438;4;0;0.438;3;0;0.438;4;0;0.438;3;0;0.438;4;0;0.438;3;0;0.438;4;0;0.438;4;0;0.438;3;0;0.438;3;0;0.438;4;0;0.438;4;0;0.438;4;0;0.438;3;0;0.438;3;0;0.438;4;0;0.438;3;0;0.438;4;0;0.438;3;0;0.438;3;0;0.438;4;0;0.438;4;0;0.438;3;0;0.438;4;0;0.438;4;0;0.438;3;0;0.438;3;0;0.438;4;0;0.438;3;0;0.438;3;0;0.438;4;0;0.438;3;0;0.438;4;0;0.438;4;0;0.438;4;0;0.438;4;0;0.438;3;0;0.438;3;0;0.438;3;0;0.438;4;0;0.438;4;0;0.438;3;0
52;0.442667;4;0;0.442667;3;0;0.442667;3;0;0.442667;3;0;0.442667;3;0;0.442667;3;0;0.442667;4;0;0.442667;3;0;0.442667;3;0;0.442667;4;0;0.442667;3;0;0.442667;4;0;0.442667;3;0;0.442667;3;0;0.442667;3;0;0.442667;3;0;0.442667;3;0;0.442667;3;0;0.442667;3;0;0.442667;4;0;0.442667;3;0;0.442667;4;0;0.442667;3;0;0.442667;3;0;0.442667;4;0;0.442667;3;0;0.442667;4;0;0.442667;3;0;0.442667;3;0;0.442667;4;0;0.442667;4;0;0.442667;3;0;0.442667;4;0;0.442667;3;0;0.442667;3;0;0.442667;3;0;0.442667;3;0;0.442667;3;0;0.442667;3;0;0.442667;4;0;0.442667;3;0;0.442667;4;0;0.442667;3;0;0.442667;3;0;0.442667;4;0;0.442667;3;0;0.442667;3;0;0.442667;3;0;0.442667;4;0;0.442667;4;0;0.442667;3;0
53;0.447333;4;0;0.447333;3;0;0.447333;3;0;0.447333;3;0;0.447333;3;0;0.447333;3;0;0.447333;4;0;0.447333;3;0;0.447333;3;0;0.447333;4;0;0.447333;3;0;0.447333;4;0;0.447333;3;0;0.447333;3;0;0.447333;3;0;0.447333;3;0;0.447333;3;0;0.447333;3;0;0.447333;3;0;0.447333;4;0;0.447333;3;0;0.447333;4;0;0.447333;3;0;0.447333;3;0;0.447333;3;0;0.447333;3;0;0.447333;4;0;0.447333;3;0;0.447333;3;0;0.447333;4;0;0.447333;4;0;0.447333;3;0;0.447333;4;0;0.447333;3;0;0.447333;3;0;0.447333;3;0;0.447333;3;0;0.447333;3;0;0.447333;3;0;0.447333;4;0;0.447333;3;0;0.447333;4;0;0.447333;3;0;0.447333;3;0;0.447333;3;0;0.447333;3;0;0.447333;4;0;0.447333;3;0;0.447333;4;0;0.447333;3;0;0.447333;3;0
54;0.452;3;0;0.452;3;0;0.452;3;0;0.452;3;0;0.452;3;0;0.452;3;0;0.452;4;0;0.452;3;0;0.452;3;0;0.452;4;0;0.452;3;0;0.452;3;0;0.452;3;0;0.452;3;0;0.452;3;0;0.452;3;0;0.452;3;0;0.452;3;0;0.452;3;0;0.452;3;0;0.452;3;0;0.452;4;0;0.452;3;0;0.452;3;0;0.452;3;0;0.452;3;0;0.452;4;0;0.452;3;0;0.452;3;0;0.452;4;0;0.452;3;0;0.452;3;0;0.452;4;0;0.452;3;0;0.452;3;0;0.452;3;0;0.452;3;0;0.452;3;0;0.452;3;0;0.452;4;0;0.452;3;0;0.452;4;0;0.452;3;0;0.452;3;0;0.452;3;0;0.452;3;0;0.452;4;0;0.452;3;0;0.452;4;0;0.452;3;0;0.452;3;0
55;0.456667;3;0;0.456667;3;0;0.456667;3;0;0.456667;3;0;0.456667;3;0;0.456667;3;0;0.456667;4;0;0.456667;3;0;0.456667;4;0;0.456667;3;0;0.456667;3;0;0.456667;3;0;0.456667;3;0;0.456667;3;0;0.456667;3;0;0.456667;3;0;0.456667;3;0;0.456667;3;0;0.456667;3;0;0.456667;3;0;0.456667;3;0;0.456667;4;0;0.456667;3;0;0.456667;3;0;0.456667;3;0;0.456667;3;0;0.456667;4;0;0.456667;3;0;0.456667;3;0;0.456667;3;0;0.456667;3;0;0.456667;3;0;0.456667;4;0;0.456667;3;0;0.456667;3;0;0.456667;3;0;0.456667;3;0;0.456667;3;0;0.456667;3;0;0.456667;4;0;0.456667;3;0;0.456667;3;0;0.456667;3;0;0.456667;3;0;0.456667;3;0;0.456667;3;0;0.456667;4;0;0.456667;3;0;0.456667;4;0;0.456667;3;0;0.456667;3;0
56;0.461333;3;0;0.461333;3;0;0.461333;3;0;0.461333;3;0;0.461333;3;0;0.461333;3;0;0.461333;4;0;0.461333;3;0;0.461333;4;0;0.461333;3;0;0.461333;3;0;0.461333;3;0;0.461333;3;0;0.461333;3;0;0.461333;3;0;0.461333;3;0;0.461333;3;0;0.461333;3;0;0.461333;3;0;0.461333;3;0;0.461333;3;0;0.461333;4;0;0.461333;3;0;0.461333;3;0;0.461333;3;0;0.461333;3;0;0.461333;3;0;0.461333;3;0;0.461333;3;0;0.461333;3;0;0.461333;3;0;0.461333;3;0;0.461333;3;0;0.461333;3;0;0.461333;3;0;0.461333;3;0;0.461333;3;0;0.461333;3;0;0.461333;3;0;0.461333;4;0;0.461333;3;0;0.461333;3;0;0.461333;3;0;0.461333;3;0;0.461333;3;0;0.461333;3;1;0.461333;4;0;0.461333;3;0;0.461333;3;0;0.461333;3;0;0.461333;3;0
57;0.466;4;0;0.466;4;0;0.466;4;0;0.466;4;0;0.466;4;0;0.466;4;0;0.466;4;0;0.466;4;1;0.466;4;0;0.466;4;0;0.466;4;0;0.466;4;0;0.466;4;0;0.466;4;0;0.466;4;0;0.466;4;0;0.466;4;0;0.466;4;0;0.466;4;0;0.466;4;0;0.466;4;0;0.466;4;0;0.466;4;0;0.466;4;0;0.466;4;0;0.466;4;0;0.466;4;0;0.466;4;0;0.466;4;0;0.466;4;0;0.466;4;0;0.466;4;0;0.466;4;0;0.466;4;0;0.466;4;0;0.466;4;0;0.466;4;0;0.466;4;0;0.466;4;0;0.466;4;0;0.466;4;0;0.466;4;0;0.466;4;0;0.466;4;0;0.466;4;0;0.466;4;0;0.466;4;0;0.466;4;0;0.466;4;0;0.466;4;0;0.466;4;0
58;0.470667;4;0;0.470667;4;0;0.470667;4;0;0.470667;4;0;0.470667;4;0;0.470667;4;0;0.470667;4;0;0.470667;4;0;0.470667;4;0;0.470667;4;0;0.470667;4;0;0.470667;4;0;0.470667;4;0;0.470667;4;0;0.470667;4;0;0.470667;4;0;0.470667;4;0;0.470667;4;0;0.470667;4;0;0.470667;4;0;0.470667;4;0;0.470667;4;0;0.470667;4;0;0.470667;4;0;0.470667;4;0;0.470667;4;0;0.470667;4;0;0.470667;4;0;0.470667;4;0;0.470667;4;0;0.470667;4;0;0.470667;4;0;0.470667;4;0;0.470667;4;0;0.470667;4;1;0.470667;4;0;0.470667;4;0;0.470667;4;0;0.470667;4;0;0.470667;4;0;0.470667;4;0;0.470667;4;0;0.470667;4;0;0.470667;4;0;0.470667;4;0;0.470667;4;0;0.470667;4;0;0.470667;4;0;0.470667;4;0;0.470667;4;0;0.470667;4;0
59;0.475333;4;0;0.475333;4;0;0.475333;4;0;0.475333;4;0;0.475333;4;1;0.475333;4;0;0.475333;4;0;0.475333;4;0;0.475333;4;0;0.475333;4;0;0.475333;4;0;0.475333;4;0;0.475333;4;0;0.475333;4;0;0.475333;4;0;0.475333;4;0;0.475333;4;0;0.475333;4;0;0.475333;4;0;0.475333;4;0;0.475333;4;0;0.475333;4;0;0.475333;4;0;0.475333;4;0;0.475333;4;0;0.475333;4;0;0.475333;4;0;0.475333;4;0;0.475333;4;0;0.475333;4;0;0.475333;4;0;0.475333;4;0;0.475333;4;0;0.475333;4;0;0.475333;4;0;0.475333;4;0;0.475333;4;0;0.475333;4;0;0.475333;4;0;0.475333;4;0;0.475333;4;0;0.475333;4;0;0.475333;4;0;0.475333;4;0;0.475333;4;0;0.475333;4;0;0.475333;4;0;0.475333;4;0;0.475333;4;0;0.475333;4;0;0.475333;4;0
60;0.48;4;0;0.48;4;0;0.48;4;0;0.48;4;0;0.48;4;0;0.48;4;0;0.48;4;0;0.48;4;0;0.48;4;0;0.48;4;0;0.48;4;0;0.48;4;0;0.48;4;0;0.48;4;0;0.48;4;0;0.48;4;0;0.48;4;0;0.48;4;1;0.48;4;0;0.48;4;0;0.48;4;0;0.48;4;0;0.48;4;0;0.48;4;0;0.48;4;0;0.48;4;0;0.48;4;0;0.48;4;1;0.48;4;0;0.48;4;0;0.48;4;0;0.48;4;0;0.48;4;0;0.48;4;0;0.48;4;0;0.48;4;0;0.48;4;0;0.48;4;0;0.48;4;0;0.48;4;0;0.48;4;1;0.48;4;0;0.48;4;0;0.48;4;0;0.48;4;0;0.48;4;0;0.48;4;0;0.48;4;0;0.48;4;0;0.48;4;0;0.48;4;0
61;0.484667;4;0;0.484667;4;0;0.484667;4;1;0.484667;4;0;0.484667;4;0;0.484667;4;0;0.484667;4;0;0.484667;4;0;0.484667;4;0;0.484667;4;0;0.484667;4;0;0.484667;4;0;0.484667;4;0;0.484667;4;0;0.484667;4;0;0.484667;4;0;0.484667;4;0;0.484667;4;0;0.484667;4;0;0.484667;4;0;0.484667;4;0;0.484667;4;0;0.484667;4;0;0.484667;4;0;0.484667;4;0;0.484667;4;1;0.484667;4;0;0.484667;4;0;0.484667;4;0;0.484667;4;0;0.484667;4;0;0.484667;4;0;0.484667;4;0;0.484667;4;0;0.484667;4;0;0.484667;4;0;0.484667;4;0;0.484667;4;0;0.484667;4;0;0.484667;4;0;0.484667;4;0;0.484667;4;0;0.484667;4;0;0.484667;4;0;0.484667;4;0;0.484667;4;0;0.484667;4;0;0.484667;4;0;0.484667;4;0;0.484667;4;0;0.484667;4;0
62;0.489333;4;0;0.489333;4;0;0.489333;4;0;0.489333;4;1;0.489333;4;0;0.489333;4;1;0.489333;4;0;0.489333;4;0;0.489333;4;0;0.489333;4;0;0.489333;4;0;0.489333;4;0;0.489333;4;0;0.489333;4;0;0.489333;4;0;0.489333;4;0;0.489333;4;0;0.489333;4;0;0.489333;4;0;0.489333;4;0;0.489333;4;0;0.489333;4;0;0.489333;4;0;0.489333;4;0;0.489333;4;0;0.489333;4;0;0.489333;4;0;0.489333;4;0;0.489333;4;0;0.489333;4;0;0.489333;4;0;0.489333;4;0;0.489333;4;0;0.489333;4;0;0.489333;4;0;0.489333;4;0;0.489333;4;0;0.489333;4;0;0.489333;4;0;0.489333;4;0;0.489333;4;0;0.489333;4;0;0.489333;4;0;0.489333;4;0;0.489333;4;0;0.489333;4;0;0.489333;4;0;0.489333;4;0;0.489333;4;0;0.489333;4;0;0.489333;4;0
63;0.494;4;0;0.494;4;0;0.494;4;0;0.494;4;0;0.494;4;0;0.494;4;0;0.494;4;0;0.494;4;0;0.494;4;0;0.494;4;0;0.494;4;0;0.494;4;0;0.494;4;0;0.494;4;0;0.494;4;0;0.494;4;0;0.494;4;0;0.494;4;0;0.494;4;0;0.494;4;0;0.494;4;0;0.494;4;0;0.494;4;1;0.494;4;0;0.494;4;0;0.494;4;0;0.494;4;0;0.494;4;0;0.494;4;0;0.494;4;0;0.494;4;0;0.494;4;1;0.494;4;0;0.494;4;0;0.494;4;0;0.494;4;0;0.494;4;0;0.494;4;0;0.494;4;0;0.494;4;0;0.494;4;0;0.494;4;0;0.494;4;0;0.494;4;0;0.494;4;0;0.494;4;0;0.494;4;0;0.494;4;0;0.494;4;0;0.494;4;0;0.494;4;0
64;0.498667;4;0;0.498667;4;0;0.498667;4;0;0.498667;4;0;0.498667;4;0;0.498667;4;0;0.498667;4;0;0.498667;4;0;0.498667;4;0;0.498667;4;0;0.498667;4;1;0.498667;4;0;0.498667;4;0;0.498667;4;0;0.498667;4;0;0.498667;4;0;0.498667;4;0;0.498667;4;0;0.498667;4;1;0.498667;4;0;0.498667;4;0;0.498667;4;0;0.498667;4;0;0.498667;4;0;0.498667;4;0;0.498667;4;0;0.498667;4;0;0.498667;4;0;0.498667;4;1;0.498667;4;0;0.498667;4;0;0.498667;4;0;0.498667;4;0;0.498667;4;0;0.498667;4;0;0.498667;4;0;0.498667;4;0;0.498667;4;0;0.498667;4;0;0.498667;4;0;0.498667;4;0;0.498667;4;0;0.498667;4;0;0.498667;4;0;0.498667;4;0;0.498667;4;0;0.498667;4;0;0.498667;4;0;0.498667;4;0;0.498667;4;0;0.498667;4;0
65;0.503333;4;0;0.503333;4;0;0.503333;4;0;0.503333;4;0;0.503333;4;0;0.503333;4;0;0.503333;4;0;0.503333;4;0;0.503333;4;0;0.503333;4;0;0.503333;4;0;0.503333;4;0;0.503333;4;0;0.503333;4;0;0.503333;4;0;0.503333;4;0;0.503333;4;0;0.503333;4;0;0.503333;4;0;0.503333;4;0;0.503333;4;0;0.503333;4;0;0.503333;4;0;0.503333;4;0;0.503333;4;0;0.503333;4;0;0.503333;4;0;0.503333;4;0;0.503333;4;0;0.503333;4;0;0.503333;4;0;0.503333;4;0;0.503333;4;0;0.503333;4;0;0.503333;4;0;0.503333;4;0;0.503333;4;0;0.503333;4;0;0.503333;4;1;0.503333;4;0;0.503333;4;0;0.503333;4;0;0.503333;4;0;0.503333;4;0;0.503333;4;0;0.503333;4;0;0.503333;4;0;0.503333;4;1;0.503333;4;0;0.503333;4;0;0.503333;4;1
66;0.508;4;0;0.508;4;1;0.508;4;0;0.508;4;0;0.508;4;0;0.508;4;0;0.508;4;0;0.508;4;0;0.508;4;0;0.508;4;0;0.508;4;0;0.508;4;0;0.508;4;1;0.508;4;0;0.508;4;1;0.508;4;0;0.508;4;0;0.508;4;0;0.508;4;0;0.508;4;0;0.508;4;0;0.508;4;0;0.508;4;0;0.508;4;1;0.508;4;0;0.508;4;0;0.508;4;0;0.508;4;0;0.508;4;0;0.508;4;0;0.508;4;0;0.508;4;0;0.508;4;0;0.508;4;0;0.508;4;0;0.508;4;1;0.508;4;0;0.508;4;1;0.508;4;0;0.508;4;0;0.508;4;0;0.508;4;0;0.508;4;0;0.508;4;0;0.508;4;0;0.508;4;0;0.508;4;0;0.508;4;0;0.508;4;0;0.508;4;0;0.508;4;0
67;0.512667;4;0;0.512667;4;0;0.512667;4;0;0.512667;4;0;0.512667;4;0;0.512667;4;0;0.512667;4;0;0.512667;4;0;0.512667;4;0;0.512667;4;0;0.512667;4;0;0.512667;4;0;0.512667;4;0;0.512667;4;1;0.512667;4;0;0.512667;4;1;0.512667;4;1;0.512667;4;0;0.512667;4;0;0.512667;4;0;0.512667;4;1;0.512667;4;0;0.512667;4;0;0.512667;4;0;0.512667;4;0;0.512667;4;0;0.512667;4;0;0.512667;4;0;0.512667;4;0;0.512667;4;0;0.512667;4;0;0.512667;4;0;0.512667;4;0;0.512667;4;1;0.512667;4;0;0.512667;4;0;0.512667;4;1;0.512667;4;0;0.512667;4;0;0.512667;4;0;0.512667;4;0;0.512667;4;0;0.512667;4;1;0.512667;4;1;0.512667;4;0;0.512667;4;0;0.512667;4;0;0.512667;4;0;0.512667;4;0;0.512667;4;0;0.512667;4;0
68;0.517333;4;0;0.517333;4;0;0.517333;4;0;0.517333;4;0;0.517333;4;0;0.517333;4;0;0.517333;4;0;0.517333;4;0;0.517333;4;0;0.517333;4;0;0.517333;4;0;0.517333;4;0;0.517333;4;0;0.517333;4;0;0.517333;4;0;0.517333;4;0;0.517333;4;0;0.517333;4;0;0.517333;4;0;0.517333;4;0;0.517333;4;0;0.517333;4;0;0.517333;4;0;0.517333;4;0;0.517333;4;0;0.517333;4;0;0.517333;4;0;0.517333;4;0;0.517333;4;0;0.517333;4;0;0.517333;4;0;0.517333;4;0;0.517333;4;0;0.517333;4;0;0.517333;4;0;0.517333;4;0;0.517333;4;0;0.517333;4;0;0.517333;4;0;0.517333;4;0;0.517333;4;0;0.517333;4;0;0.517333;4;0;0.517333;4;0;0.517333;4;1;0.517333;4;0;0.517333;4;0;0.517333;4;0;0.517333;4;0;0.517333;4;1;0.517333;4;0
69;0.522;4;1;0.522;4;0;0.522;4;0;0.522;4;0;0.522;4;0;0.522;4;0;0.522;4;0;0.522;4;0;0.522;4;0;0.522;4;0;0.522;4;0;0.522;4;1;0.522;4;0;0.522;4;0;0.522;4;0;0.522;4;0;0.522;4;0;0.522;4;0;0.522;4;0;0.522;4;1;0.522;4;0;0.522;4;0;0.522;4;0;0.522;4;0;0.522;4;0;0.522;4;0;0.522;4;0;0.522;4;0;0.522;4;0;0.522;4;0;0.522;4;1;0.522;4;0;0.522;4;0;0.522;4;0;0.522;4;0;0.522;4;0;0.522;4;0;0.522;4;0;0.522;4;0;0.522;4;0;0.522;4;0;0.522;4;0;0.522;4;0;0.522;4;0;0.522;4;0;0.522;4;0;0.522;4;0;0.522;4;0;0.522;4;0;0.522;4;0;0.522;4;0
70;0.526667;4;0;0.526667;4;0;0.526667;4;0;0.526667;4;0;0.526667;4;0;0.526667;4;0;0.526667;4;0;0.526667;4;0;0.526667;4;0;0.526667;4;1;0.526667;4;0;0.526667;4;0;0.526667;4;0;0.526667;4;0;0.526667;4;0;0.526667;4;0;0.526667;4;0;0.526667;4;0;0.526667;4;0;0.526667;4;0;0.526667;4;0;0.526667;4;0;0.526667;4;0;0.526667;4;0;0.526667;4;0;0.526667;4;0;0.526667;4;0;0.526667;4;0;0.526667;4;0;0.526667;4;1;0.526667;4;0;0.526667;4;0;0.526667;4;0;0.526667;4;0;0.526667;4;0;0.526667;4;0;0.526667;4;0;0.526667;4;0;0.526667;4;0;0.526667;4;0;0.526667;4;0;0.526667;4;1;0.526667;4;0;0.526667;4;0;0.526667;4;0;0.526667;4;0;0.526667;4;0;0.526667;4;0;0.526667;4;0;0.526667;4;0;0.526667;4;0
71;0.531333;4;0;0.531333;4;0;0.531333;4;0;0.531333;4;0;0.531333;4;0;0.531333;4;0;0.531333;4;0;0.531333;4;0;0.531333;4;0;0.531333;4;0;0.531333;4;0;0.531333;4;0;0.531333;4;0;0.531333;4;0;0.531333;4;0;0.531333;4;0;0.531333;4;0;0.531333;4;0;0.531333;4;0;0.531333;4;0;0.531333;4;0;0.531333;4;0;0.531333;4;0;0.531333;4;0;0.531333;4;0;0.531333;4;0;0.531333;4;1;0.531333;4;0;0.531333;4;0;0.531333;4;0;0.531333;4;0;0.531333;4;0;0.531333;4;1;0.531333;4;0;0.531333;4;0;0.531333;4;0;0.531333;4;0;0.531333;4;0;0.531333;4;0;0.531333;4;0;0.531333;4;0;0.531333;4;0;0.531333;4;0;0.531333;4;0;0.531333;4;0;0.531333;4;0;0.531333;4;0;0.531333;4;0;0.531333;4;1;0.531333;4;0;0.531333;4;0
72;0.536;4;0;0.536;4;0;0.536;4;0;0.536;4;0;0.536;4;0;0.536;4;0;0.536;4;1;0.536;4;0;0.536;4;0;0.536;4;0;0.536;4;0;0.536;4;0;0.536;4;0;0.536;4;0;0.536;4;0;0.536;4;0;0.536;4;0;0.536;4;0;0.536;4;0;0.536;4;0;0.536;4;0;0.536;4;1;0.536;4;0;0.536;4;0;0.536;4;0;0.536;4;0;0.536;4;0;0.536;4;0;0.536;4;0;0.536;4;0;0.536;4;0;0.536;4;0;0.536;4;0;0.536;4;0;0.536;4;0;0.536;4;0;0.536;4;0;0.536;4;0;0.536;4;0;0.536;4;1;0.536;4;0;0.536;4;0;0.536;4;0;0.536;4;0;0.536;4;0;0.536;4;0;0.536;4;0;0.536;4;0;0.536;4;0;0.536;4;0;0.536;4;0
73;0.540667;4;0;0.540667;4;0;0.540667;4;0;0.540667;4;0;0.540667;4;0;0.540667;4;0;0.540667;4;0;0.540667;4;0;0.540667;4;0;0.540667;4;0;0.540667;4;0;0.540667;4;0;0.540667;4;0;0.540667;4;0;0.540667;4;0;0.540667;4;0;0.540667;4;0;0.540667;4;0;0.540667;4;0;0.540667;4;0;0.540667;4;0;0.540667;4;0;0.540667;4;0;0.540667;4;0;0.540667;4;0;0.540667;4;0;0.540667;4;0;0.540667;4;0;0.540667;4;0;0.540667;4;0;0.540667;4;0;0.540667;4;0;0.540667;4;0;0.540667;4;0;0.540667;4;0;0.540667;4;0;0.540667;4;0;0.540667;4;0;0.540667;4;0;0.540667;4;0;0.540667;4;0;0.540667;4;0;0.540667;4;0;0.540667;4;0;0.540667;4;0;0.540667;4;0;0.540667;4;0;0.540667;4;0;0.540667;4;0;0.540667;4;0;0.540667;4;0
74;0.545333;4;0;0.545333;4;0;0.545333;4;0;0.545333;4;0;0.545333;4;0;0.545333;4;0;0.545333;4;0;0.545333;4;0;0.545333;4;0;0.545333;4;0;0.545333;4;0;0.545333;4;0;0.545333;4;0;0.545333;4;0;0.545333;4;0;0.545333;4;0;0.545333;4;0;0.545333;4;0;0.545333;4;0;0.545333;4;0;0.545333;4;0;0.545333;4;0;0.545333;4;0;0.545333;4;0;0.545333;4;0;0.545333;4;0;0.545333;4;0;0.545333;4;0;0.545333;4;0;0.545333;4;0;0.545333;4;0;0.545333;4;0;0.545333;4;0;0.545333;4;0;0.545333;4;0;0.545333;4;0;0.545333;4;0;0.545333;4;0;0.545333;4;0;0.545333;4;0;0.545333;4;0;0.545333;4;0;0.545333;4;0;0.545333;4;0;0.545333;4;0;0.545333;4;0;0.545333;4;0;0.545333;4;0;0.545333;4;0;0.545333;4;0;0.545333;4;0
75;0.55;4;0;0.55;4;0;0.55;4;0;0.55;4;0;0.55;4;0;0.55;4;0;0.55;4;0;0.55;4;0;0.55;4;0;0.55;4;0;0.55;4;0;0.55;4;0;0.55;4;0;0.55;4;0;0.55;4;0;0.55;4;0;0.55;4;0;0.55;4;0;0.55;4;0;0.55;4;0;0.55;4;0;0.55;4;0;0.55;4;0;0.55;4;0;0.55;4;0;0.55;4;0;0.55;4;0;0.55;4;0;0.55;4;0;0.55;4;0;0.55;4;0;0.55;4;0;0.55;4;0;0.55;4;0;0.55;4;0;0.55;4;0;0.55;4;0;0.55;4;0;0.55;4;0;0.55;4;0;0.55;4;0;0.55;4;0;0.55;4;0;0.55;4;0;0.55;4;0;0.55;4;0;0.55;4;1;0.55;4;0;0.55;4;0;0.55;4;0;0.55;4;0
76;0.554667;4;0;0.554667;4;0;0.554667;4;0;0.554667;4;0;0.554667;4;0;0.554667;4;0;0.554667;4;0;0.554667;4;0;0.554667;4;0;0.554667;4;0;0.554667;4;0;0.554667;4;0;0.554667;4;0;0.554667;4;0;0.554667;4;0;0.554667;4;0;0.554667;4;0;0.554667;4;0;0.554667;4;0;0.554667;4;0;0.554667;4;0;0.554667;4;0;0.554667;4;0;0.554667;4;0;0.554667;4;0;0.554667;4;0;0.554667;4;0;0.554667;4;0;0.554667;4;0;0.554667;4;0;0.554667;4;0;0.554667;4;0;0.554667;4;0;0.554667;4;0;0.554667;4;0;0.554667;4;0;0.554667;4;0;0.554667;4;0;0.554667;4;0;0.554667;4;0;0.554667;4;0;0.554667;4;0;0.554667;4;0;0.554667;4;0;0.554667;4;0;0.554667;4;0;0.554667;4;0;0.554667;4;0;0.554667;4;0;0.554667;4;0;0.554667;4;0
77;0.559333;4;0;0.559333;4;0;0.559333;4;0;0.559333;4;0;0.559333;4;0;0.559333;4;0;0.559333;4;0;0.559333;4;0;0.559333;4;0;0.559333;4;0;0.559333;4;0;0.559333;4;0;0.559333;4;0;0.559333;4;0;0.559333;4;0;0.559333;4;0;0.559333;4;0;0.559333;4;0;0.559333;4;0;0.559333;4;0;0.559333;4;0;0.559333;4;0;0.559333;5;0;0.559333;4;0;0.559333;4;0;0.559333;4;0;0.559333;4;0;0.559333;4;0;0.559333;4;0;0.559333;4;0;0.559333;4;0;0.559333;5;0;0.559333;4;0;0.559333;4;0;0.559333;4;0;0.559333;4;0;0.559333;4;0;0.559333;4;0;0.559333;4;0;0.559333;4;0;0.559333;4;0;0.559333;4;0;0.559333;4;0;0.559333;4;0;0.559333;4;0;0.559333;4;0;0.559333;4;0;0.559333;4;0;0.559333;4;0;0.559333;4;0;0.559333;4;0
78;0.564;4;0;0.564;4;0;0.564;4;0;0.564;4;0;0.564;4;0;0.564;4;0;0.564;4;0;0.564;4;0;0.564;4;1;0.564;4;0;0.564;4;0;0.564;4;0;0.564;4;0;0.564;4;0;0.564;4;0;0.564;4;0;0.564;4;0;0.564;4;0;0.564;4;0;0.564;4;0;0.564;4;0;0.564;4;0;0.564;4;0;0.564;4;0;0.564;4;0;0.564;4;0;0.564;4;0;0.564;4;0;0.564;4;0;0.564;4;0;0.564;4;0;0.564;4;0;0.564;4;0;0.564;4;0;0.564;4;0;0.564;4;0;0.564;4;0;0.564;4;0;0.564;4;0;0.564;4;0;0.564;4;0;0.564;4;0;0.564;4;0;0.564;4;0;0.564;4;0;0.564;4;0;0.564;4;0;0.564;4;0;0.564;4;0;0.564;4;0;0.564;4;0
79;0.568667;4;0;0.568667;5;0;0.568667;4;0;0.568667;4;0;0.568667;4;0;0.568667;4;0;0.568667;4;0;0.568667;4;0;0.568667;4;0;0.568667;4;0;0.568667;4;0;0.568667;4;0;0.568667;5;0;0.568667;4;0;0.568667;4;0;0.568667;4;0;0.568667;4;0;0.568667;4;0;0.568667;4;0;0.568667;4;0;0.568667;4;0;0.568667;4;0;0.568667;4;0;0.568667;5;0;0.568667;4;0;0.568667;4;0;0.568667;4;0;0.568667;4;0;0.568667;4;0;0.568667;4;0;0.568667;4;0;0.568667;4;0;0.568667;4;0;0.568667;4;0;0.568667;4;0;0.568667;4;0;0.568667;4;0;0.568667;4;0;0.568667;5;0;0.568667;4;0;0.568667;4;0;0.568667;4;0;0.568667;4;0;0.568667;4;0;0.568667;4;0;0.568667;4;0;0.568667;4;0;0.568667;5;0;0.568667;4;0;0.568667;4;0;0.568667;5;0
80;0.573333;4;0;0.573333;5;0;0.573333;4;0;0.573333;4;0;0.573333;4;0;0.573333;4;0;0.573333;4;0;0.573333;4;0;0.573333;4;0;0.573333;4;0;0.573333;4;0;0.573333;4;0;0.573333;5;0;0.573333;5;0;0.573333;4;0;0.573333;5;0;0.573333;5;0;0.573333;4;0;0.573333;4;0;0.573333;4;0;0.573333;5;0;0.573333;4;0;0.573333;4;0;0.573333;5;0;0.573333;4;0;0.573333;4;0;0.573333;4;0;0.573333;4;0;0.573333;4;0;0.573333;4;0;0.573333;4;0;0.573333;4;0;0.573333;4;0;0.573333;5;0;0.573333;4;0;0.573333;4;0;0.573333;5;0;0.573333;4;0;0.573333;4;0;0.573333;4;0;0.573333;4;0;0.573333;4;0;0.573333;5;0;0.573333;5;0;0.573333;4;0;0.573333;4;0;0.573333;4;0;0.573333;4;0;0.573333;4;0;0.573333;4;0;0.573333;4;0
81;0.578;4;0;0.578;4;0;0.578;4;0;0.578;4;0;0.578;4;0;0.578;4;0;0.578;4;0;0.578;4;0;0.578;4;0;0.578;4;0;0.578;4;0;0.578;5;0;0.578;4;0;0.578;5;0;0.578;4;0;0.578;5;0;0.578;5;0;0.578;4;0;0.578;4;0;0.578;4;0;0.578;5;0;0.578;4;0;0.578;4;0;0.578;4;0;0.578;5;0;0.578;4;0;0.578;4;0;0.578;4;0;0.578;4;0;0.578;4;0;0.578;5;0;0.578;4;0;0.578;4;0;0.578;5;0;0.578;4;0;0.578;4;0;0.578;5;0;0.578;4;0;0.578;4;0;0.578;4;0;0.578;4;0;0.578;4;0;0.578;5;0;0.578;5;0;0.578;5;0;0.578;4;0;0.578;4;0;0.578;4;0;0.578;4;0;0.578;5;0;0.578;4;0
82;0.582667;4;0;0.582667;4;0;0.582667;4;0;0.582667;4;0;0.582667;4;0;0.582667;4;0;0.582667;4;0;0.582667;4;0;0.582667;4;0;0.582667;4;0;0.582667;4;0;0.582667;5;0;0.582667;4;0;0.582667;4;0;0.582667;4;0;0.582667;4;0;0.582667;4;0;0.582667;4;0;0.582667;4;0;0.582667;4;0;0.582667;4;0;0.582667;4;0;0.582667;4;0;0.582667;4;0;0.582667;5;0;0.582667;4;0;0.582667;4;0;0.582667;4;0;0.582667;4;0;0.582667;4;0;0.582667;5;0;0.582667;4;0;0.582667;4;0;0.582667;4;0;0.582667;4;0;0.582667;4;0;0.582667;4;0;0.582667;4;0;0.582667;4;0;0.582667;4;0;0.582667;4;0;0.582667;5;0;0.582667;4;0;0.582667;4;0;0.582667;5;0;0.582667;4;0;0.582667;4;0;0.582667;4;0;0.582667;4;0;0.582667;5;0;0.582667;4;0
83;0.587333;4;0;0.587333;4;0;0.587333;4;0;0.587333;4;0;0.587333;4;0;0.587333;4;0;0.587333;5;0;0.587333;4;0;0.587333;4;0;0.587333;4;0;0.587333;4;0;0.587333;5;0;0.587333;4;0;0.587333;4;0;0.587333;4;0;0.587333;4;0;0.587333;4;0;0.587333;4;0;0.587333;4;0;0.587333;4;0;0.587333;4;0;0.587333;5;0;0.587333;4;0;0.587333;4;0;0.587333;5;0;0.587333;4;0;0.587333;5;0;0.587333;4;0;0.587333;4;0;0.587333;4;0;0.587333;5;0;0.587333;4;0;0.587333;4;0;0.587333;4;0;0.587333;4;0;0.587333;4;0;0.587333;4;0;0.587333;4;0;0.587333;4;0;0.587333;5;0;0.587333;4;0;0.587333;5;0;0.587333;4;0;0.587333;4;0;0.587333;4;0;0.587333;4;0;0.587333;4;0;0.587333;4;0;0.587333;5;0;0.587333;4;0;0.587333;4;0
84;0.592;4;0;0.592;4;0;0.592;4;0;0.592;4;0;0.592;4;0;0.592;4;0;0.592;5;0;0.592;4;0;0.592;4;0;0.592;4;0;0.592;4;0;0.592;4;0;0.592;4;0;0.592;4;0;0.592;4;0;0.592;4;0;0.592;4;0;0.592;4;0;0.592;4;0;0.592;4;0;0.592;4;0;0.592;5;0;0.592;4;0;0.592;4;0;0.592;4;0;0.592;4;0;0.592;5;0;0.592;4;0;0.592;4;0;0.592;4;0;0.592;4;0;0.592;4;0;0.592;4;0;0.592;4;0;0.592;4;0;0.592;4;0;0.592;4;0;0.592;4;0;0.592;4;0;0.592;5;0;0.592;4;0;0.592;5;0;0.592;4;0;0.592;4;0;0.592;4;0;0.592;4;0;0.592;4;0;0.592;4;0;0.592;5;0;0.592;4;0;0.592;4;0
85;0.596667;4;0;0.596667;4;0;0.596667;4;0;0.596667;4;0;0.596667;4;0;0.596667;4;0;0.596667;5;0;0.596667;4;0;0.596667;4;0;0.596667;4;0;0.596667;4;0;0.596667;4;0;0.596667;4;0;0.596667;4;0;0.596667;4;0;0.596667;4;0;0.596667;4;0;0.596667;4;0;0.596667;4;0;0.596667;4;0;0.596667;4;0;0.596667;5;0;0.596667;4;0;0.596667;4;0;0.596667;4;0;0.596667;4;0;0.596667;5;0;0.596667;4;0;0.596667;4;0;0.596667;4;0;0.596667;4;0;0.596667;4;0;0.596667;4;0;0.596667;4;0;0.596667;4;0;0.596667;4;0;0.596667;4;0;0.596667;4;0;0.596667;4;0;0.596667;5;0;0.596667;4;0;0.596667;4;0;0.596667;4;0;0.596667;4;0;0.596667;4;0;0.596667;4;0;0.596667;5;0;0.596667;4;0;0.596667;5;0;0.596667;4;0;0.596667;4;0
86;0.601333;4;0;0.601333;4;0;0.601333;4;0;0.601333;4;0;0.601333;4;0;0.601333;4;0;0.601333;5;0;0.601333;4;0;0.601333;4;0;0.601333;4;0;0.601333;4;0;0.601333;4;0;0.601333;4;0;0.601333;4;0;0.601333;4;0;0.601333;4;0;0.601333;4;0;0.601333;4;0;0.601333;4;0;0.601333;4;0;0.601333;4;0;0.601333;5;0;0.601333;4;0;0.601333;4;0;0.601333;4;0;0.601333;4;0;0.601333;4;0;0.601333;4;0;0.601333;4;0;0.601333;4;0;0.601333;4;0;0.601333;4;0;0.601333;4;0;0.601333;4;0;0.601333;4;0;0.601333;4;0;0.601333;4;0;0.601333;4;0;0.601333;4;0;0.601333;5;0;0.601333;4;0;0.601333;4;0;0.601333;4;0;0.601333;4;0;0.601333;4;0;0.601333;4;0;0.601333;5;0;0.601333;4;0;0.601333;4;0;0.601333;4;0;0.601333;4;0
87;0.606;4;0;0.606;4;0;0.606;4;0;0.606;4;0;0.606;4;0;0.606;4;0;0.606;4;0;0.606;4;0;0.606;5;0;0.606;4;0;0.606;4;0;0.606;4;0;0.606;4;0;0.606;4;0;0.606;4;0;0.606;4;0;0.606;4;0;0.606;4;0;0.606;4;0;0.606;4;0;0.606;4;0;0.606;4;0;0.606;4;0;0.606;4;0;0.606;4;0;0.606;4;0;0.606;4;0;0.606;4;0;0.606;4;0;0.606;4;0;0.606;4;0;0.606;4;0;0.606;4;0;0.606;4;0;0.606;5;0;0.606;4;0;0.606;4;0;0.606;4;0;0.606;4;0;0.606;4;0;0.606;4;0;0.606;4;0;0.606;4;0;0.606;4;0;0.606;4;0;0.606;4;0;0.606;5;0;0.606;4;0;0.606;4;0;0.606;4;0;0.606;4;0
88;0.610667;4;0;0.610667;4;0;0.610667;5;0;0.610667;4;0;0.610667;4;0;0.610667;4;0;0.610667;4;0;0.610667;4;0;0.610667;5;0;0.610667;4;0;0.610667;4;0;0.610667;4;0;0.610667;4;0;0.610667;4;0;0.610667;4;0;0.610667;4;0;0.610667;4;0;0.610667;4;0;0.610667;4;0;0.610667;4;0;0.610667;4;0;0.610667;4;0;0.610667;4;0;0.610667;4;0;0.610667;4;0;0.610667;4;0;0.610667;4;0;0.610667;4;0;0.610667;4;0;0.610667;4;0;0.610667;4;0;0.610667;4;0;0.610667;4;0;0.610667;4;0;0.610667;5;0;0.610667;4;0;0.610667;4;0;0.610667;4;0;0.610667;4;0;0.610667;4;0;0.610667;5;0;0.610667;4;0;0.610667;4;0;0.610667;4;0;0.610667;4;0;0.610667;4;0;0.610667;5;0;0.610667;4;0;0.610667;4;0;0.610667;4;0;0.610667;4;0
89;0.615333;4;0;0.615333;4;0;0.615333;5;0;0.615333;4;0;0.615333;4;0;0.615333;4;0;0.615333;4;0;0.615333;4;0;0.615333;5;0;0.615333;4;0;0.615333;4;0;0.615333;4;0;0.615333;4;0;0.615333;4;0;0.615333;4;0;0.615333;4;0;0.615333;4;0;0.615333;4;0;0.615333;5;0;0.615333;4;0;0.615333;4;0;0.615333;4;0;0.615333;4;0;0.615333;4;0;0.615333;4;0;0.615333;4;0;0.615333;4;0;0.615333;4;0;0.615333;5;0;0.615333;4;0;0.615333;4;0;0.615333;4;0;0.615333;4;0;0.615333;4;0;0.615333;5;0;0.615333;4;0;0.615333;4;0;0.615333;4;0;0.615333;4;0;0.615333;4;0;0.615333;5;0;0.615333;4;0;0.615333;4;0;0.615333;4;0;0.615333;4;0;0.615333;4;0;0.615333;5;0;0.615333;4;0;0.615333;4;0;0.615333;4;0;0.615333;4;0
90;0.62;4;0;0.62;4;0;0.62;5;0;0.62;4;0;0.62;4;0;0.62;4;0;0.62;4;0;0.62;4;0;0.62;5;0;0.62;4;0;0.62;5;0;0.62;4;0;0.62;4;0;0.62;4;0;0.62;4;0;0.62;4;0;0.62;4;0;0.62;4;0;0.62;5;0;0.62;4;0;0.62;4;0;0.62;4;0;0.62;4;0;0.62;4;0;0.62;4;0;0.62;4;0;0.62;4;0;0.62;4;0;0.62;5;0;0.62;4;0;0.62;4;0;0.62;4;0;0.62;4;0;0.62;4;0;0.62;5;0;0.62;4;0;0.62;4;0;0.62;4;0;0.62;4;0;0.62;4;0;0.62;5;0;0.62;4;0;0.62;4;0;0.62;4;0;0.62;4;0;0.62;4;0;0.62;4;0;0.62;4;0;0.62;4;0;0.62;4;0;0.62;4;0
91;0.624667;4;0;0.624667;4;0;0.624667;5;0;0.624667;4;0;0.624667;4;0;0.624667;4;0;0.624667;4;0;0.624667;4;0;0.624667;5;0;0.624667;4;0;0.624667;5;0;0.624667;4;0;0.624667;4;0;0.624667;4;0;0.624667;4;0;0.624667;4;0;0.624667;4;0;0.624667;4;0;0.624667;5;0;0.624667;4;0;0.624667;4;0;0.624667;4;0;0.624667;4;0;0.624667;4;0;0.624667;4;0;0.624667;4;0;0.624667;4;0;0.624667;4;0;0.624667;5;0;0.624667;4;0;0.624667;4;0;0.624667;4;0;0.624667;4;0;0.624667;4;0;0.624667;5;0;0.624667;5;0;0.624667;4;0;0.624667;5;0;0.624667;4;0;0.624667;4;0;0.624667;5;0;0.624667;4;0;0.624667;4;0;0.624667;4;0;0.624667;4;0;0.624667;4;0;0.624667;4;0;0.624667;4;0;0.624667;4;0;0.624667;4;0;0.624667;4;0
92;0.629333;4;0;0.629333;4;0;0.629333;5;0;0.629333;4;0;0.629333;4;0;0.629333;4;0;0.629333;4;0;0.629333;4;0;0.629333;5;0;0.629333;4;0;0.629333;5;0;0.629333;4;0;0.629333;4;0;0.629333;4;0;0.629333;4;0;0.629333;4;0;0.629333;4;0;0.629333;4;0;0.629333;5;0;0.629333;4;0;0.629333;4;0;0.629333;4;0;0.629333;4;0;0.629333;4;0;0.629333;4;0;0.629333;4;0;0.629333;4;0;0.629333;4;0;0.629333;5;0;0.629333;4;0;0.629333;4;0;0.629333;4;0;0.629333;4;0;0.629333;4;0;0.629333;4;0;0.629333;5;0;0.629333;4;0;0.629333;5;0;0.629333;4;0;0.629333;4;0;0.629333;5;0;0.629333;4;0;0.629333;4;0;0.629333;4;0;0.629333;4;0;0.629333;5;0;0.629333;4;0;0.629333;4;0;0.629333;4;0;0.629333;4;0;0.629333;4;0
93;0.634;5;0;0.634;4;0;0.634;5;0;0.634;4;0;0.634;4;0;0.634;4;0;0.634;4;0;0.634;5;0;0.634;4;0;0.634;4;0;0.634;5;0;0.634;4;0;0.634;4;0;0.634;4;0;0.634;5;0;0.634;4;0;0.634;4;0;0.634;4;0;0.634;5;0;0.634;4;0;0.634;4;0;0.634;4;0;0.634;4;0;0.634;4;0;0.634;4;0;0.634;4;0;0.634;4;0;0.634;4;0;0.634;5;0;0.634;4;0;0.634;4;0;0.634;4;0;0.634;5;0;0.634;4;0;0.634;4;0;0.634;5;0;0.634;4;0;0.634;5;0;0.634;4;0;0.634;4;0;0.634;5;0;0.634;4;0;0.634;4;0;0.634;4;0;0.634;4;0;0.634;5;0;0.634;4;0;0.634;4;0;0.634;4;0;0.634;4;0;0.634;4;0
94;0.638667;5;0;0.638667;5;0;0.638667;5;0;0.638667;5;0;0.638667;5;0;0.638667;5;0;0.638667;5;0;0.638667;5;0;0.638667;5;0;0.638667;5;0;0.638667;5;0;0.638667;5;0;0.638667;5;0;0.638667;5;0;0.638667;5;0;0.638667;5;0;0.638667;5;0;0.638667;5;0;0.638667;5;0;0.638667;5;0;0.638667;5;0;0.638667;5;0;0.638667;5;0;0.638667;5;0;0.638667;5;0;0.638667;5;0;0.638667;5;0;0.638667;5;0;0.638667;5;0;0.638667;5;0;0.638667;5;0;0.638667;5;0;0.638667;5;0;0.638667;5;0;0.638667;5;0;0.638667;5;0;0.638667;5;0;0.638667;5;0;0.638667;5;0;0.638667;5;0;0.638667;5;0;0.638667;5;0;0.638667;5;0;0.638667;5;0;0.638667;5;0;0.638667;5;0;0.638667;5;0;0.638667;5;0;0.638667;5;0;0.638667;5;0;0.638667;5;0
95;0.643333;5;0;0.643333;5;0;0.643333;5;0;0.643333;5;0;0.643333;5;0;0.643333;5;0;0.643333;5;0;0.643333;5;0;0.643333;5;0;0.643333;5;0;0.643333;5;0;0.643333;5;0;0.643333;5;0;0.643333;5;0;0.643333;5;0;0.643333;5;0;0.643333;5;0;0.643333;5;0;0.643333;5;0;0.643333;5;0;0.643333;5;0;0.643333;5;0;0.643333;5;0;0.643333;5;0;0.643333;5;0;0.643333;5;0;0.643333;5;0;0.643333;5;0;0.643333;5;0;0.643333;5;0;0.643333;5;0;0.643333;5;0;0.643333;5;0;0.643333;5;0;0.643333;5;0;0.643333;5;0;0.643333;5;0;0.643333;5;0;0.643333;5;0;0.643333;5;0;0.643333;5;0;0.643333;5;0;0.643333;5;0;0.643333;5;0;0.643333;5;0;0.643333;5;0;0.643333;5;0;0.643333;5;0;0.643333;5;0;0.643333;5;0;0.643333;5;0
96;0.648;5;0;0.648;5;0;0.648;5;0;0.648;5;0;0.648;5;0;0.648;5;0;0.648;5;0;0.648;5;0;0.648;5;0;0.648;5;0;0.648;5;0;0.648;5;0;0.648;5;0;0.648;5;0;0.648;5;0;0.648;5;0;0.648;5;0;0.648;5;0;0.648;5;0;0.648;5;0;0.648;5;0;0.648;5;0;0.648;5;0;0.648;5;0;0.648;5;0;0.648;5;0;0.648;5;0;0.648;5;0;0.648;5;0;0.648;5;0;0.648;5;0;0.648;5;0;0.648;5;0;0.648;5;0;0.648;5;0;0.648;5;0;0.648;5;0;0.648;5;0;0.648;5;0;0.648;5;0;0.648;5;0;0.648;5;0;0.648;5;0;0.648;5;0;0.648;5;0;0.648;5;0;0.648;5;0;0.648;5;0;0.648;5;0;0.648;5;0;0.648;5;0
97;0.652667;5;0;0.652667;5;0;0.652667;5;0;0.652667;5;0;0.652667;5;0;0.652667;5;0;0.652667;5;0;0.652667;5;0;0.652667;5;0;0.652667;5;0;0.652667;5;0;0.652667;5;0;0.652667;5;0;0.652667;5;0;0.652667;5;0;0.652667;5;0;0.652667;5;0;0.652667;5;0;0.652667;5;0;0.652667;5;0;0.652667;5;0;0.652667;5;0;0.652667;5;0;0.652667;5;0;0.652667;5;0;0.652667;5;0;0.652667;5;0;0.652667;5;0;0.652667;5;0;0.652667;5;0;0.652667;5;0;0.652667;5;0;0.652667;5;0;0.652667;5;0;0.652667;5;0;0.652667;5;0;0.652667;5;0;0.652667;5;0;0.652667;5;0;0.652667;5;0;0.652667;5;0;0.652667;5;0;0.652667;5;0;0.652667;5;0;0.652667;5;0;0.652667;5;0;0.652667;5;0;0.652667;5;0;0.652667;5;0;0.652667;5;0;0.652667;5;0
98;0.657333;5;0;0.657333;5;0;0.657333;5;0;0.657333;5;0;0.657333;5;0;0.657333;5;0;0.657333;5;0;0.657333;5;0;0.657333;5;0;0.657333;5;0;0.657333;5;0;0.657333;5;0;0.657333;5;0;0.657333;5;0;0.657333;5;0;0.657333;5;0;0.657333;5;0;0.657333;5;0;0.657333;5;0;0.657333;5;0;0.657333;5;0;0.657333;5;0;0.657333;5;0;0.657333;5;0;0.657333;5;0;0.657333;5;0;0.657333;5;0;0.657333;5;0;0.657333;5;0;0.657333;5;0;0.657333;5;0;0.657333;5;0;0.657333;5;0;0.657333;5;0;0.657333;5;0;0.657333;5;0;0.657333;5;0;0.657333;5;0;0.657333;5;0;0.657333;5;0;0.657333;5;0;0.657333;5;0;0.657333;5;0;0.657333;5;0;0.657333;5;0;0.657333;5;0;0.657333;5;0;0.657333;5;0;0.657333;5;0;0.657333;5;0;0.657333;5;0
99;0.662;5;0;0.662;5;0;0.662;5;0;0.662;5;0;0.662;5;0;0.662;5;0;0.662;5;0;0.662;5;0;0.662;5;0;0.662;5;0;0.662;5;0;0.662;5;0;0.662;5;0;0.662;5;0;0.662;5;0;0.662;5;0;0.662;5;0;0.662;5;0;0.662;5;0;0.662;5;0;0.662;5;0;0.662;5;0;0.662;5;0;0.662;5;0;0.662;5;1;0.662;5;0;0.662;5;0;0.662;5;0;0.662;5;0;0.662;5;0;0.662;5;0;0.662;5;0;0.662;5;0;0.662;5;0;0.662;5;0;0.662;5;0;0.662;5;0;0.662;5;0;0.662;5;0;0.662;5;0;0.662;5;0;0.662;5;0;0.662;5;0;0.662;5;0;0.662;5;0;0.662;5;0;0.662;5;0;0.662;5;0;0.662;5;0;0.662;5;0;0.662;5;0
100;0.666667;5;0;0.666667;5;0;0.666667;5;0;0.666667;5;0;0.666667;5;0;0.666667;5;0;0.666667;5;0;0.666667;5;0;0.666667;5;0;0.666667;5;0;0.666667;5;0;0.666667;5;0;0.666667;5;0;0.666667;5;0;0.666667;5;0;0.666667;5;0;0.666667;5;0;0.666667;5;0;0.666667;5;0;0.666667;5;0;0.666667;5;0;0.666667;5;0;0.666667;5;0;0.666667;5;0;0.666667;5;0;0.666667;5;0;0.666667;5;0;0.666667;5;0;0.666667;5;0;0.666667;5;0;0.666667;5;0;0.666667;5;0;0.666667;5;0;0.666667;5;0;0.666667;5;0;0.666667;5;0;0.666667;5;0;0.666667;5;0;0.666667;5;0;0.666667;5;0;0.666667;5;0;0.666667;5;0;0.666667;5;0;0.666667;5;0;0.666667;5;0;0.666667;5;0;0.666667;5;0;0.666667;5;0;0.666667;5;0;0.666667;5;0;0.666667;5;0
101;0.671333;5;0;0.671333;5;0;0.671333;5;0;0.671333;5;0;0.671333;5;0;0.671333;5;0;0.671333;5;0;0.671333;5;0;0.671333;5;0;0.671333;5;0;0.671333;5;0;0.671333;5;0;0.671333;5;0;0.671333;5;0;0.671333;5;0;0.671333;5;0;0.671333;5;0;0.671333;5;0;0.671333;5;0;0.671333;5;0;0.671333;5;0;0.671333;5;0;0.671333;5;0;0.671333;5;0;0.671333;5;0;0.671333;5;0;0.671333;5;0;0.671333;5;0;0.671333;5;0;0.671333;5;0;0.671333;5;0;0.671333;5;0;0.671333;5;0;0.671333;5;0;0.671333;5;0;0.671333;5;0;0.671333;5;0;0.671333;5;0;0.671333;5;0;0.671333;5;0;0.671333;5;0;0.671333;5;0;0.671333;5;0;0.671333;5;0;0.671333;5;0;0.671333;5;1;0.671333;5;0;0.671333;5;0;0.671333;5;0;0.671333;5;0;0.671333;5;0
102;0.676;5;0;0.676;5;0;0.676;5;0;0.676;5;0;0.676;5;0;0.676;5;0;0.676;5;0;0.676;5;1;0.676;5;0;0.676;5;0;0.676;5;0;0.676;5;0;0.676;5;0;0.676;5;0;0.676;5;0;0.676;5;0;0.676;5;0;0.676;5;0;0.676;5;0;0.676;5;0;0.676;5;0;0.676;5;0;0.676;5;0;0.676;5;0;0.676;5;0;0.676;5;0;0.676;5;0;0.676;5;0;0.676;5;0;0.676;5;0;0.676;5;0;0.676;5;0;0.676;5;0;0.676;5;0;0.676;5;0;0.676;5;0;0.676;5;0;0.676;5;0;0.676;5;0;0.676;5;0;0.676;5;0;0.676;5;0;0.676;5;0;0.676;5;0;0.676;5;0;0.676;5;0;0.676;5;0;0.676;5;0;0.676;5;0;0.676;5;0;0.676;5;0
103;0.680667;5;0;0.680667;5;0;0.680667;5;0;0.680667;5;0;0.680667;5;0;0.680667;5;0;0.680667;5;0;0.680667;5;0;0.680667;5;0;0.680667;5;0;0.680667;5;0;0.680667;5;0;0.680667;5;0;0.680667;5;0;0.680667;5;0;0.680667;5;0;0.680667;5;0;0.680667;5;0;0.680667;5;0;0.680667;5;0;0.680667;5;0;0.680667;5;0;0.680667;5;0;0.680667;5;0;0.680667;5;0;0.680667;5;0;0.680667;5;0;0.680667;5;0;0.680667;5;0;0.680667;5;0;0.680667;5;0;0.680667;5;0;0.680667;5;0;0.680667;5;0;0.680667;5;0;0.680667;5;0;0.680667;5;0;0.680667;5;0;0.680667;5;0;0.680667;5;0;0.680667;5;0;0.680667;5;0;0.680667;5;0;0.680667;5;0;0.680667;5;0;0.680667;5;0;0.680667;5;0;0.680667;5;0;0.680667;5;0;0.680667;5;0;0.680667;5;0
104;0.685333;5;0;0.685333;5;0;0.685333;5;0;0.685333;5;0;0.685333;5;1;0.685333;5;0;0.685333;5;0;0.685333;5;0;0.685333;5;0;0.685333;5;0;0.685333;5;0;0.685333;5;0;0.685333;5;0;0.685333;5;0;0.685333;5;0;0.685333;5;0;0.685333;5;0;0.685333;5;0;0.685333;5;0;0.685333;5;0;0.685333;5;0;0.685333;5;0;0.685333;5;0;0.685333;5;0;0.685333;5;0;0.685333;5;0;0.685333;5;0;0.685333;5;0;0.685333;5;0;0.685333;5;0;0.685333;5;0;0.685333;5;0;0.685333;5;0;0.685333;5;0;0.685333;5;0;0.685333;5;0;0.685333;5;0;0.685333;5;0;0.685333;5;0;0.685333;5;0;0.685333;5;0;0.685333;5;0;0.685333;5;0;0.685333;5;0;0.685333;5;0;0.685333;5;0;0.685333;5;0;0.685333;5;0;0.685333;5;0;0.685333;5;0;0.685333;5;0
105;0.69;5;0;0.69;5;0;0.69;5;0;0.69;5;0;0.69;5;0;0.69;5;0;0.69;5;0;0.69;5;0;0.69;5;0;0.69;5;0;0.69;5;0;0.69;5;0;0.69;5;0;0.69;5;0;0.69;5;0;0.69;5;0;0.69;5;0;0.69;5;1;0.69;5;0;0.69;5;0;0.69;5;0;0.69;5;0;0.69;5;0;0.69;5;0;0.69;5;0;0.69;5;0;0.69;5;0;0.69;5;1;0.69;5;0;0.69;5;0;0.69;5;0;0.69;5;0;0.69;5;0;0.69;5;0;0.69;5;0;0.69;5;0;0.69;5;0;0.69;5;0;0.69;5;0;0.69;5;0;0.69;5;0;0.69;5;0;0.69;5;0;0.69;5;0;0.69;5;0;0.69;5;0;0.69;5;0;0.69;5;0;0.69;5;0;0.69;5;0;0.69;5;0
106;0.694667;5;0;0.694667;5;0;0.694667;5;0;0.694667;5;0;0.694667;5;0;0.694667;5;0;0.694667;5;0;0.694667;5;0;0.694667;5;0;0.694667;5;0;0.694667;5;0;0.694667;5;0;0.694667;5;0;0.694667;5;0;0.694667;5;0;0.694667;5;0;0.694667;5;0;0.694667;5;0;0.694667;5;0;0.694667;5;0;0.694667;5;0;0.694667;5;0;0.694667;5;0;0.694667;5;0;0.694667;5;0;0.694667;5;1;0.694667;5;0;0.694667;5;0;0.694667;5;0;0.694667;5;0;0.694667;5;0;0.694667;5;0;0.694667;5;0;0.694667;5;0;0.694667;5;0;0.694667;5;0;0.694667;5;0;0.694667;5;0;0.694667;5;0;0.694667;5;0;0.694667;5;0;0.694667;5;0;0.694667;5;0;0.694667;5;0;0.694667;5;0;0.694667;5;0;0.694667;5;0;0.694667;5;0;0.694667;5;0;0.694667;5;0;0.694667;5;0
107;0.699333;5;0;0.699333;5;0;0.699333;5;0;0.699333;5;1;0.699333;5;0;0.699333;5;1;0.699333;5;0;0.699333;5;0;0.699333;5;0;0.699333;5;0;0.699333;5;0;0.699333;5;0;0.699333;5;0;0.699333;5;0;0.699333;5;0;0.699333;5;0;0.699333;5;0;0.699333;5;0;0.699333;5;0;0.699333;5;0;0.699333;5;0;0.699333;5;0;0.699333;5;0;0.699333;5;0;0.699333;5;0;0.699333;5;0;0.699333;5;0;0.699333;5;0;0.699333;5;0;0.699333;5;0;0.699333;5;0;0.699333;5;0;0.699333;5;0;0.699333;5;0;0.699333;5;1;0.699333;5;0;0.699333;5;0;0.699333;5;0;0.699333;5;0;0.699333;5;0;0.699333;5;0;0.699333;5;0;0.699333;5;0;0.699333;5;0;0.699333;5;0;0.699333;5;0;0.699333;5;0;0.699333;5;0;0.699333;5;0;0.699333;5;0;0.699333;5;0
108;0.704;5;0;0.704;5;0;0.704;5;0;0.704;5;0;0.704;5;0;0.704;5;0;0.704;5;0;0.704;5;0;0.704;5;0;0.704;5;0;0.704;5;0;0.704;5;0;0.704;5;0;0.704;5;0;0.704;5;0;0.704;5;0;0.704;5;0;0.704;5;0;0.704;5;0;0.704;5;0;0.704;5;0;0.704;5;0;0.704;5;1;0.704;5;0;0.704;5;0;0.704;5;0;0.704;5;0;0.704;5;0;0.704;5;0;0.704;5;0;0.704;5;0;0.704;5;1;0.704;5;0;0.704;5;0;0.704;5;0;0.704;5;0;0.704;5;0;0.704;5;0;0.704;5;0;0.704;5;0;0.704;5;0;0.704;5;0;0.704;5;0;0.704;5;0;0.704;5;0;0.704;5;0;0.704;5;0;0.704;5;0;0.704;5;0;0.704;5;0;0.704;5;0
109;0.708667;5;0;0.708667;5;0;0.708667;5;1;0.708667;5;0;0.708667;5;0;0.708667;5;0;0.708667;5;0;0.708667;5;0;0.708667;5;0;0.708667;5;0;0.708667;5;0;0.708667;5;0;0.708667;5;0;0.708667;5;0;0.708667;5;0;0.708667;5;0;0.708667;5;0;0.708667;5;0;0.708667;5;0;0.708667;5;0;0.708667;5;0;0.708667;5;0;0.708667;5;0;0.708667;5;0;0.708667;5;0;0.708667;5;0;0.708667;5;0;0.708667;5;0;0.708667;5;0;0.708667;5;0;0.708667;5;0;0.708667;5;0;0.708667;5;0;0.708667;5;0;0.708667;5;0;0.708667;5;0;0.708667;5;0;0.708667;5;0;0.708667;5;0;0.708667;5;0;0.708667;5;1;0.708667;5;0;0.708667;5;0;0.708667;5;0;0.708667;5;0;0.708667;5;0;0.708667;5;0;0.708667;5;0;0.708667;5;0;0.708667;5;0;0.708667;5;0
110;0.713333;5;0;0.713333;5;0;0.713333;5;0;0.713333;5;0;0.713333;5;0;0.713333;5;0;0.713333;5;0;0.713333;5;0;0.713333;5;0;0.713333;5;0;0.713333;5;0;0.713333;5;0;0.713333;5;0;0.713333;5;0;0.713333;5;0;0.713333;5;0;0.713333;5;0;0.713333;5;0;0.713333;5;0;0.713333;5;0;0.713333;5;0;0.713333;5;0;0.713333;5;0;0.713333;5;0;0.713333;5;0;0.713333;5;0;0.713333;5;0;0.713333;5;0;0.713333;5;1;0.713333;5;0;0.713333;5;0;0.713333;5;0;0.713333;5;0;0.713333;5;0;0.713333;5;0;0.713333;5;0;0.713333;5;0;0.713333;5;0;0.713333;5;1;0.713333;5;0;0.713333;5;0;0.713333;5;0;0.713333;5;0;0.713333;5;0;0.713333;5;0;0.713333;5;0;0.713333;5;0;0.713333;5;1;0.713333;5;0;0.713333;5;0;0.713333;5;1
111;0.718;5;0;0.718;5;1;0.718;5;0;0.718;5;0;0.718;5;0;0.718;5;0;0.718;5;0;0.718;5;0;0.718;5;0;0.718;5;0;0.718;5;0;0.718;5;0;0.718;5;1;0.718;5;0;0.718;5;0;0.718;5;0;0.718;5;0;0.718;5;0;0.718;5;1;0.718;5;0;0.718;5;0;0.718;5;0;0.718;5;0;0.718;5;1;0.718;5;0;0.718;5;0;0.718;5;0;0.718;5;0;0.718;5;0;0.718;5;0;0.718;5;0;0.718;5;0;0.718;5;0;0.718;5;0;0.718;5;0;0.718;5;0;0.718;5;0;0.718;5;0;0.718;5;0;0.718;5;0;0.718;5;0;0.718;5;0;0.718;5;0;0.718;5;0;0.718;5;0;0.718;5;0;0.718;5;0;0.718;5;0;0.718;5;0;0.718;5;0;0.718;5;0
112;0.722667;5;0;0.722667;5;0;0.722667;5;0;0.722667;5;0;0.722667;5;0;0.722667;5;0;0.722667;5;0;0.722667;5;0;0.722667;5;0;0.722667;5;0;0.722667;5;0;0.722667;5;0;0.722667;5;0;0.722667;5;1;0.722667;5;0;0.722667;5;1;0.722667;5;1;0.722667;5;0;0.722667;5;0;0.722667;5;0;0.722667;5;1;0.722667;5;0;0.722667;5;0;0.722667;5;0;0.722667;5;0;0.722667;5;0;0.722667;5;0;0.722667;5;0;0.722667;5;0;0.722667;5;0;0.722667;5;0;0.722667;5;0;0.722667;5;0;0.722667;5;1;0.722667;5;0;0.722667;5;0;0.722667;5;1;0.722667;5;0;0.722667;5;0;0.722667;5;0;0.722667;5;0;0.722667;5;0;0.722667;5;1;0.722667;5;1;0.722667;5;0;0.722667;5;0;0.722667;5;0;0.722667;5;0;0.722667;5;0;0.722667;5;0;0.722667;5;0
113;0.727333;5;0;0.727333;5;0;0.727333;5;0;0.727333;5;0;0.727333;5;0;0.727333;5;0;0.727333;5;0;0.727333;5;0;0.727333;5;0;0.727333;5;0;0.727333;5;1;0.727333;5;0;0.727333;5;0;0.727333;5;0;0.727333;5;0;0.727333;5;0;0.727333;5;0;0.727333;5;0;0.727333;5;0;0.727333;5;0;0.727333;5;0;0.727333;5;0;0.727333;5;0;0.727333;5;0;0.727333;5;0;0.727333;5;0;0.727333;5;0;0.727333;5;0;0.727333;5;0;0.727333;5;0;0.727333;5;0;0.727333;5;0;0.727333;5;0;0.727333;5;0;0.727333;5;0;0.727333;5;0;0.727333;5;0;0.727333;5;0;0.727333;5;0;0.727333;5;0;0.727333;5;0;0.727333;5;0;0.727333;5;0;0.727333;5;0;0.727333;5;1;0.727333;5;0;0.727333;5;0;0.727333;5;0;0.727333;5;0;0.727333;5;1;0.727333;5;0
114;0.732;5;0;0.732;5;0;0.732;5;0;0.732;5;0;0.732;5;0;0.732;5;0;0.732;5;0;0.732;5;0;0.732;5;0;0.732;5;0;0.732;5;0;0.732;5;1;0.732;5;0;0.732;5;0;0.732;5;0;0.732;5;0;0.732;5;0;0.732;5;0;0.732;5;0;0.732;5;0;0.732;5;0;0.732;5;0;0.732;5;0;0.732;5;0;0.732;5;0;0.732;5;0;0.732;5;0;0.732;5;0;0.732;5;0;0.732;5;0;0.732;5;1;0.732;5;0;0.732;5;0;0.732;5;0;0.732;5;0;0.732;5;1;0.732;5;0;0.732;5;1;0.732;5;0;0.732;5;0;0.732;5;0;0.732;5;0;0.732;5;0;0.732;5;0;0.732;5;0;0.732;5;0;0.732;5;0;0.732;5;0;0.732;5;0;0.732;5;0;0.732;5;0
115;0.736667;5;0;0.736667;5;0;0.736667;5;0;0.736667;5;0;0.736667;5;0;0.736667;5;0;0.736667;5;0;0.736667;5;0;0.736667;5;0;0.736667;5;0;0.736667;5;0;0.736667;5;0;0.736667;5;0;0.736667;5;0;0.736667;5;0;0.736667;5;0;0.736667;5;0;0.736667;5;0;0.736667;5;0;0.736667;5;0;0.736667;5;0;0.736667;5;0;0.736667;5;0;0.736667;5;0;0.736667;5;0;0.736667;5;0;0.736667;6;0;0.736667;5;0;0.736667;5;0;0.736667;5;0;0.736667;5;0;0.736667;5;0;0.736667;5;0;0.736667;5;0;0.736667;5;0;0.736667;5;0;0.736667;5;0;0.736667;5;0;0.736667;5;0;0.736667;5;0;0.736667;5;0;0.736667;5;1;0.736667;5;0;0.736667;5;0;0.736667;5;0;0.736667;5;0;0.736667;5;0;0.736667;5;0;0.736667;6;0;0.736667;5;0;0.736667;5;0
116;0.741333;5;0;0.741333;5;0;0.741333;5;0;0.741333;5;0;0.741333;5;0;0.741333;5;0;0.741333;6;0;0.741333;5;0;0.741333;5;0;0.741333;5;0;0.741333;5;0;0.741333;5;0;0.741333;5;0;0.741333;5;0;0.741333;5;0;0.741333;5;0;0.741333;5;0;0.741333;5;0;0.741333;5;0;0.741333;5;0;0.741333;5;0;0.741333;6;0;0.741333;5;0;0.741333;5;0;0.741333;5;0;0.741333;5;0;0.741333;5;1;0.741333;5;0;0.741333;5;0;0.741333;5;0;0.741333;5;0;0.741333;5;0;0.741333;5;0;0.741333;5;0;0.741333;5;0;0.741333;5;0;0.741333;5;0;0.741333;5;0;0.741333;5;0;0.741333;6;0;0.741333;5;0;0.741333;5;0;0.741333;5;0;0.741333;5;0;0.741333;5;0;0.741333;5;0;0.741333;5;0;0.741333;5;0;0.741333;5;1;0.741333;5;0;0.741333;5;0
117;0.746;5;1;0.746;5;0;0.746;5;0;0.746;5;0;0.746;5;0;0.746;5;0;0.746;5;1;0.746;5;0;0.746;5;0;0.746;5;0;0.746;5;0;0.746;5;0;0.746;5;0;0.746;5;0;0.746;5;1;0.746;5;0;0.746;5;0;0.746;5;0;0.746;5;0;0.746;5;0;0.746;5;0;0.746;5;1;0.746;5;0;0.746;5;0;0.746;5;0;0.746;5;0;0.746;5;0;0.746;5;0;0.746;5;0;0.746;5;0;0.746;5;0;0.746;5;0;0.746;5;1;0.746;5;0;0.746;5;0;0.746;5;0;0.746;5;0;0.746;5;0;0.746;5;0;0.746;5;1;0.746;5;0;0.746;5;0;0.746;5;0;0.746;5;0;0.746;5;0;0.746;5;0;0.746;5;0;0.746;5;0;0.746;5;0;0.746;5;0;0.746;5;0
118;0.750667;5;0;0.750667;5;0;0.750667;5;0;0.750667;5;0;0.750667;5;0;0.750667;5;0;0.750667;5;0;0.750667;5;0;0.750667;5;0;0.750667;5;0;0.750667;5;0;0.750667;5;0;0.750667;5;0;0.750667;5;0;0.750667;5;0;0.750667;5;0;0.750667;5;0;0.750667;5;0;0.750667;5;0;0.750667;5;1;0.750667;5;0;0.750667;5;0;0.750667;5;0;0.750667;5;0;0.750667;5;0;0.750667;5;0;0.750667;5;0;0.750667;5;0;0.750667;5;0;0.750667;5;0;0.750667;5;0;0.750667;5;0;0.750667;5;0;0.750667;5;0;0.750667;5;0;0.750667;5;0;0.750667;5;0;0.750667;5;0;0.750667;5;0;0.750667;5;0;0.750667;5;0;0.750667;5;0;0.750667;5;0;0.750667;5;0;0.750667;5;0;0.750667;5;0;0.750667;6;0;0.750667;5;0;0.750667;5;0;0.750667;5;0;0.750667;5;0
119;0.755333;5;0;0.755333;5;0;0.755333;5;0;0.755333;5;0;0.755333;5;0;0.755333;5;0;0.755333;5;0;0.755333;5;0;0.755333;5;0;0.755333;5;0;0.755333;5;0;0.755333;5;0;0.755333;5;0;0.755333;5;0;0.755333;5;0;0.755333;5;0;0.755333;5;0;0.755333;5;0;0.755333;5;0;0.755333;5;0;0.755333;5;0;0.755333;5;0;0.755333;5;0;0.755333;5;0;0.755333;5;0;0.755333;5;0;0.755333;5;0;0.755333;5;0;0.755333;5;0;0.755333;5;0;0.755333;5;0;0.755333;5;0;0.755333;5;0;0.755333;5;0;0.755333;5;0;0.755333;5;0;0.755333;5;0;0.755333;5;0;0.755333;5;0;0.755333;5;0;0.755333;5;0;0.755333;5;0;0.755333;5;0;0.755333;5;0;0.755333;5;0;0.755333;5;0;0.755333;6;0;0.755333;5;0;0.755333;5;0;0.755333;5;0;0.755333;5;0
120;0.76;5;0;0.76;5;0;0.76;6;0;0.76;5;0;0.76;5;0;0.76;5;0;0.76;5;0;0.76;5;0;0.76;6;0;0.76;5;0;0.76;5;0;0.76;5;0;0.76;5;0;0.76;5;0;0.76;5;0;0.76;5;0;0.76;5;0;0.76;5;0;0.76;5;0;0.76;5;0;0.76;5;0;0.76;5;0;0.76;5;0;0.76;5;0;0.76;5;0;0.76;5;0;0.76;5;0;0.76;5;0;0.76;5;0;0.76;5;0;0.76;5;0;0.76;5;0;0.76;5;0;0.76;5;0;0.76;5;0;0.76;5;0;0.76;5;0;0.76;5;0;0.76;5;0;0.76;5;0;0.76;6;0;0.76;5;0;0.76;5;0;0.76;5;0;0.76;5;0;0.76;5;0;0.76;5;1;0.76;5;0;0.76;5;0;0.76;5;0;0.76;5;0
121;0.764667;5;0;0.764667;5;0;0.764667;6;0;0.764667;5;0;0.764667;5;0;0.764667;5;0;0.764667;5;0;0.764667;5;0;0.764667;6;0;0.764667;5;0;0.764667;5;0;0.764667;5;0;0.764667;5;0;0.764667;5;0;0.764667;5;0;0.764667;5;0;0.764667;5;0;0.764667;5;0;0.764667;5;0;0.764667;5;0;0.764667;5;0;0.764667;5;0;0.764667;5;0;0.764667;5;0;0.764667;5;0;0.764667;5;0;0.764667;5;0;0.764667;5;0;0.764667;6;0;0.764667;5;1;0.764667;5;0;0.764667;5;0;0.764667;5;0;0.764667;5;0;0.764667;5;0;0.764667;5;0;0.764667;5;0;0.764667;5;0;0.764667;5;0;0.764667;5;0;0.764667;6;0;0.764667;5;0;0.764667;5;0;0.764667;5;0;0.764667;5;0;0.764667;5;0;0.764667;5;0;0.764667;5;0;0.764667;5;0;0.764667;5;0;0.764667;5;0
122;0.769333;5;0;0.769333;5;0;0.769333;6;0;0.769333;5;0;0.769333;5;0;0.769333;5;0;0.769333;5;0;0.769333;5;0;0.769333;6;0;0.769333;5;0;0.769333;5;0;0.769333;5;0;0.769333;5;0;0.769333;5;0;0.769333;5;0;0.769333;5;0;0.769333;5;0;0.769333;5;0;0.769333;6;0;0.769333;5;0;0.769333;5;0;0.769333;5;0;0.769333;5;0;0.769333;5;0;0.769333;5;0;0.769333;5;0;0.769333;5;0;0.769333;5;0;0.769333;6;0;0.769333;5;0;0.769333;5;0;0.769333;5;0;0.769333;5;0;0.769333;5;0;0.769333;5;0;0.769333;5;0;0.769333;5;0;0.769333;5;0;0.769333;5;0;0.769333;5;0;0.769333;6;0;0.769333;5;0;0.769333;5;0;0.769333;5;0;0.769333;5;0;0.769333;5;0;0.769333;5;0;0.769333;5;0;0.769333;5;0;0.769333;5;0;0.769333;5;0
123;0.774;5;0;0.774;5;0;0.774;6;0;0.774;5;0;0.774;5;0;0.774;5;0;0.774;5;0;0.774;5;0;0.774;5;1;0.774;5;0;0.774;6;0;0.774;5;0;0.774;5;0;0.774;5;0;0.774;5;0;0.774;5;0;0.774;5;0;0.774;5;0;0.774;6;0;0.774;5;0;0.774;5;0;0.774;5;0;0.774;5;0;0.774;5;0;0.774;5;0;0.774;5;0;0.774;5;0;0.774;5;0;0.774;6;0;0.774;5;0;0.774;5;0;0.774;5;0;0.774;5;0;0.774;5;0;0.774;5;0;0.774;5;0;0.774;5;0;0.774;5;0;0.774;5;0;0.774;5;0;0.774;6;0;0.774;5;0;0.774;5;0;0.774;5;0;0.774;5;0;0.774;5;0;0.774;5;0;0.774;5;0;0.774;5;0;0.774;5;0;0.774;5;0
124;0.778667;5;0;0.778667;5;0;0.778667;5;0;0.778667;5;0;0.778667;5;0;0.778667;5;0;0.778667;5;0;0.778667;5;0;0.778667;5;0;0.778667;5;1;0.778667;6;0;0.778667;5;0;0.778667;5;0;0.778667;5;0;0.778667;5;0;0.778667;5;0;0.778667;5;0;0.778667;5;0;0.778667;6;0;0.778667;5;0;0.778667;5;0;0.778667;5;0;0.778667;5;0;0.778667;5;0;0.778667;5;0;0.778667;5;0;0.778667;5;0;0.778667;5;0;0.778667;6;0;0.778667;5;0;0.778667;5;0;0.778667;5;0;0.778667;5;0;0.778667;5;0;0.778667;5;0;0.778667;6;0;0.778667;5;0;0.778667;6;0;0.778667;5;0;0.778667;5;0;0.778667;5;0;0.778667;5;0;0.778667;5;0;0.778667;5;0;0.778667;5;0;0.778667;5;0;0.778667;5;0;0.778667;5;0;0.778667;5;0;0.778667;5;0;0.778667;5;0
125;0.783333;5;0;0.783333;5;0;0.783333;5;0;0.783333;5;0;0.783333;5;0;0.783333;5;0;0.783333;5;0;0.783333;5;0;0.783333;5;0;0.783333;5;0;0.783333;6;0;0.783333;5;0;0.783333;5;0;0.783333;5;0;0.783333;5;0;0.783333;5;0;0.783333;5;0;0.783333;5;0;0.783333;6;0;0.783333;5;0;0.783333;5;0;0.783333;5;0;0.783333;5;0;0.783333;5;0;0.783333;5;0;0.783333;5;0;0.783333;5;0;0.783333;5;0;0.783333;5;0;0.783333;5;0;0.783333;5;0;0.783333;5;0;0.783333;5;0;0.783333;5;0;0.783333;5;0;0.783333;6;0;0.783333;5;0;0.783333;6;0;0.783333;5;0;0.783333;5;0;0.783333;5;0;0.783333;5;0;0.783333;5;0;0.783333;5;0;0.783333;5;0;0.783333;6;0;0.783333;5;0;0.783333;5;0;0.783333;5;0;0.783333;5;0;0.783333;5;0
126;0.788;6;0;0.788;5;0;0.788;5;0;0.788;5;0;0.788;5;0;0.788;5;0;0.788;5;0;0.788;6;0;0.788;5;0;0.788;5;0;0.788;6;0;0.788;5;0;0.788;5;0;0.788;5;0;0.788;6;0;0.788;5;0;0.788;5;0;0.788;5;0;0.788;5;0;0.788;6;0;0.788;5;0;0.788;5;0;0.788;5;0;0.788;5;0;0.788;5;0;0.788;5;0;0.788;5;0;0.788;5;0;0.788;5;0;0.788;5;0;0.788;5;0;0.788;5;0;0.788;6;0;0.788;5;0;0.788;5;0;0.788;6;0;0.788;5;0;0.788;6;0;0.788;5;0;0.788;5;0;0.788;5;0;0.788;5;0;0.788;5;0;0.788;5;0;0.788;5;0;0.788;6;0;0.788;5;0;0.788;5;0;0.788;5;0;0.788;5;0;0.788;5;0
127;0.792667;6;0;0.792667;5;0;0.792667;5;0;0.792667;5;0;0.792667;6;0;0.792667;5;0;0.792667;5;0;0.792667;6;0;0.792667;5;0;0.792667;5;0;0.792667;6;0;0.792667;5;0;0.792667;5;0;0.792667;5;0;0.792667;6;0;0.792667;5;0;0.792667;5;0;0.792667;5;0;0.792667;5;0;0.792667;6;0;0.792667;5;0;0.792667;5;0;0.792667;5;0;0.792667;5;0;0.792667;5;0;0.792667;5;0;0.792667;5;0;0.792667;5;0;0.792667;5;0;0.792667;5;0;0.792667;5;0;0.792667;5;0;0.792667;6;0;0.792667;5;0;0.792667;5;0;0.792667;6;0;0.792667;5;0;0.792667;6;0;0.792667;5;0;0.792667;5;0;0.792667;5;0;0.792667;5;0;0.792667;5;0;0.792667;5;0;0.792667;5;0;0.792667;6;0;0.792667;5;0;0.792667;5;0;0.792667;5;0;0.792667;5;0;0.792667;5;0
128;0.797333;6;0;0.797333;5;0;0.797333;5;0;0.797333;5;0;0.797333;6;0;0.797333;5;0;0.797333;5;0;0.797333;6;0;0.797333;5;0;0.797333;5;0;0.797333;5;0;0.797333;5;0;0.797333;5;0;0.797333;5;0;0.797333;6;0;0.797333;5;0;0.797333;5;0;0.797333;6;0;0.797333;5;0;0.797333;6;0;0.797333;5;0;0.797333;5;0;0.797333;5;0;0.797333;5;0;0.797333;5;0;0.797333;6;0;0.797333;5;0;0.797333;6;0;0.797333;5;0;0.797333;6;0;0.797333;5;0;0.797333;5;0;0.797333;6;0;0.797333;5;0;0.797333;5;0;0.797333;6;0;0.797333;5;0;0.797333;6;0;0.797333;5;0;0.797333;5;0;0.797333;5;0;0.797333;5;0;0.797333;5;0;0.797333;5;0;0.797333;5;0;0.797333;6;0;0.797333;5;0;0.797333;5;0;0.797333;5;0;0.797333;5;0;0.797333;5;0
129;0.802;6;0;0.802;5;0;0.802;5;0;0.802;6;0;0.802;6;0;0.802;6;0;0.802;5;0;0.802;6;0;0.802;5;0;0.802;5;0;0.802;5;0;0.802;5;0;0.802;5;0;0.802;5;0;0.802;6;0;0.802;5;0;0.802;5;0;0.802;6;0;0.802;5;0;0.802;6;0;0.802;5;0;0.802;5;0;0.802;5;0;0.802;5;0;0.802;5;0;0.802;6;0;0.802;5;0;0.802;6;0;0.802;5;0;0.802;6;0;0.802;5;0;0.802;5;0;0.802;6;0;0.802;5;0;0.802;5;0;0.802;5;0;0.802;5;0;0.802;5;0;0.802;5;0;0.802;5;0;0.802;5;0;0.802;5;0;0.802;5;0;0.802;5;0;0.802;5;0;0.802;6;0;0.802;5;0;0.802;5;0;0.802;5;0;0.802;5;0;0.802;5;0
130;0.806667;6;0;0.806667;5;0;0.806667;5;0;0.806667;6;0;0.806667;6;0;0.806667;6;0;0.806667;5;0;0.806667;6;0;0.806667;5;0;0.806667;6;0;0.806667;5;0;0.806667;5;0;0.806667;5;0;0.806667;5;0;0.806667;6;0;0.806667;5;0;0.806667;5;0;0.806667;6;0;0.806667;5;0;0.806667;6;0;0.806667;5;0;0.806667;5;0;0.806667;6;0;0.806667;5;0;0.806667;5;0;0.806667;6;0;0.806667;5;0;0.806667;6;0;0.806667;5;0;0.806667;6;0;0.806667;5;0;0.806667;6;0;0.806667;6;0;0.806667;5;0;0.806667;6;0;0.806667;5;0;0.806667;5;0;0.806667;5;0;0.806667;5;0;0.806667;5;0;0.806667;5;0;0.806667;5;0;0.806667;5;0;0.806667;5;0;0.806667;5;0;0.806667;6;0;0.806667;5;0;0.806667;5;0;0.806667;5;0;0.806667;5;0;0.806667;5;0
131;0.811333;6;0;0.811333;5;0;0.811333;5;0;0.811333;6;0;0.811333;6;0;0.811333;6;0;0.811333;5;0;0.811333;6;0;0.811333;5;0;0.811333;6;0;0.811333;5;0;0.811333;5;0;0.811333;5;0;0.811333;5;0;0.811333;6;0;0.811333;5;0;0.811333;5;0;0.811333;6;0;0.811333;5;0;0.811333;6;0;0.811333;5;0;0.811333;5;0;0.811333;6;0;0.811333;5;0;0.811333;5;0;0.811333;6;0;0.811333;5;0;0.811333;6;0;0.811333;5;0;0.811333;6;0;0.811333;5;0;0.811333;6;0;0.811333;6;0;0.811333;5;0;0.811333;6;0;0.811333;5;0;0.811333;5;0;0.811333;5;0;0.811333;6;0;0.811333;5;0;0.811333;5;0;0.811333;5;0;0.811333;5;0;0.811333;5;0;0.811333;5;0;0.811333;5;0;0.811333;5;0;0.811333;6;0;0.811333;5;0;0.811333;5;0;0.811333;6;0
132;0.816;6;0;0.816;6;0;0.816;6;0;0.816;6;0;0.816;6;0;0.816;6;0;0.816;6;0;0.816;6;0;0.816;6;0;0.816;6;0;0.816;6;0;0.816;6;0;0.816;6;0;0.816;6;0;0.816;6;0;0.816;6;0;0.816;6;0;0.816;6;0;0.816;6;0;0.816;6;0;0.816;6;0;0.816;6;0;0.816;6;0;0.816;6;0;0.816;6;0;0.816;6;0;0.816;6;0;0.816;6;0;0.816;6;0;0.816;6;0;0.816;6;0;0.816;6;0;0.816;6;0;0.816;6;0;0.816;6;0;0.816;6;0;0.816;6;0;0.816;6;0;0.816;6;0;0.816;6;0;0.816;6;0;0.816;6;0;0.816;6;0;0.816;6;0;0.816;6;0;0.816;6;0;0.816;6;0;0.816;6;0;0.816;6;0;0.816;6;0;0.816;6;0
133;0.820667;6;0;0.820667;6;0;0.820667;6;0;0.820667;6;0;0.820667;6;0;0.820667;6;0;0.820667;6;0;0.820667;6;0;0.820667;6;0;0.820667;6;0;0.820667;6;0;0.820667;6;0;0.820667;6;0;0.820667;6;0;0.820667;6;0;0.820667;6;0;0.820667;6;0;0.820667;6;0;0.820667;6;0;0.820667;6;0;0.820667;6;0;0.820667;6;0;0.820667;6;0;0.820667;6;0;0.820667;6;0;0.820667;6;0;0.820667;6;0;0.820667;6;0;0.820667;6;0;0.820667;6;0;0.820667;6;0;0.820667;6;0;0.820667;6;0;0.820667;6;0;0.820667;6;0;0.820667;6;0;0.820667;6;0;0.820667;6;0;0.820667;6;0;0.820667;6;0;0.820667;6;0;0.820667;6;0;0.820667;6;0;0.820667;6;0;0.820667;6;0;0.820667;6;0;0.820667;6;0;0.820667;6;0;0.820667;6;0;0.820667;6;0;0.820667;6;0
134;0.825333;6;0;0.825333;6;0;0.825333;6;0;0.825333;6;0;0.825333;6;0;0.825333;6;0;0.825333;6;0;0.825333;6;0;0.825333;6;0;0.825333;6;0;0.825333;6;0;0.825333;6;0;0.825333;6;0;0.825333;6;0;0.825333;6;0;0.825333;6;0;0.825333;6;0;0.825333;6;0;0.825333;6;0;0.825333;6;0;0.825333;6;0;0.825333;6;0;0.825333;6;0;0.825333;6;0;0.825333;6;0;0.825333;6;0;0.825333;6;0;0.825333;6;0;0.825333;6;0;0.825333;6;0;0.825333;6;0;0.825333;6;0;0.825333;6;0;0.825333;6;0;0.825333;6;0;0.825333;6;0;0.825333;6;0;0.825333;6;0;0.825333;6;0;0.825333;6;0;0.825333;6;0;0.825333;6;0;0.825333;6;0;0.825333;6;0;0.825333;6;0;0.825333;6;0;0.825333;6;0;0.825333;6;0;0.825333;6;0;0.825333;6;0;0.825333;6;0
135;0.83;6;0;0.83;6;0;0.83;6;0;0.83;6;0;0.83;6;0;0.83;6;0;0.83;6;0;0.83;6;0;0.83;6;0;0.83;6;0;0.83;6;0;0.83;6;0;0.83;6;0;0.83;6;0;0.83;6;0;0.83;6;0;0.83;6;0;0.83;6;0;0.83;6;0;0.83;6;0;0.83;6;0;0.83;6;0;0.83;6;0;0.83;6;0;0.83;6;0;0.83;6;0;0.83;6;0;0.83;6;0;0.83;6;0;0.83;6;0;0.83;6;0;0.83;6;0;0.83;6;0;0.83;6;0;0.83;6;0;0.83;6;0;0.83;6;0;0.83;6;0;0.83;6;0;0.83;6;0;0.83;6;0;0.83;6;0;0.83;6;0;0.83;6;0;0.83;6;0;0.83;6;0;0.83;6;0;0.83;6;0;0.83;6;0;0.83;6;0;0.83;6;0
136;0.834667;6;0;0.834667;6;0;0.834667;6;0;0.834667;6;0;0.834667;6;0;0.834667;6;0;0.834667;6;0;0.834667;6;0;0.834667;6;0;0.834667;6;0;0.834667;6;0;0.834667;6;0;0.834667;6;0;0.834667;6;0;0.834667;6;0;0.834667;6;0;0.834667;6;0;0.834667;6;0;0.834667;6;0;0.834667;6;0;0.834667;6;0;0.834667;6;0;0.834667;6;0;0.834667;6;0;0.834667;6;0;0.834667;6;0;0.834667;6;0;0.834667;6;0;0.834667;6;0;0.834667;6;0;0.834667;6;0;0.834667;6;0;0.834667;6;0;0.834667;6;0;0.834667;6;0;0.834667;6;0;0.834667;6;0;0.834667;6;0;0.834667;6;0;0.834667;6;0;0.834667;6;0;0.834667;6;0;0.834667;6;0;0.834667;6;0;0.834667;6;0;0.834667;6;0;0.834667;6;0;0.834667;6;0;0.834667;6;0;0.834667;6;0;0.834667;6;0
137;0.839333;6;0;0.839333;6;0;0.839333;6;0;0.839333;6;0;0.839333;6;0;0.839333;6;0;0.839333;6;0;0.839333;6;0;0.839333;6;0;0.839333;6;0;0.839333;6;0;0.839333;6;0;0.839333;6;0;0.839333;6;0;0.839333;6;0;0.839333;6;0;0.839333;6;0;0.839333;6;0;0.839333;6;0;0.839333;6;0;0.839333;6;0;0.839333;6;0;0.839333;6;0;0.839333;6;0;0.839333;6;0;0.839333;6;0;0.839333;6;0;0.839333;6;0;0.839333;6;0;0.839333;6;0;0.839333;6;0;0.839333;6;0;0.839333;6;0;0.839333;6;0;0.839333;6;0;0.839333;6;0;0.839333;6;0;0.839333;6;0;0.839333;6;0;0.839333;6;0;0.839333;6;0;0.839333;6;0;0.839333;6;0;0.839333;6;0;0.839333;6;0;0.839333;6;0;0.839333;6;0;0.839333;6;0;0.839333;6;0;0.839333;6;0;0.839333;6;0
138;0.844;6;0;0.844;6;0;0.844;6;0;0.844;6;0;0.844;6;0;0.844;6;0;0.844;6;0;0.844;6;0;0.844;6;0;0.844;6;0;0.844;6;0;0.844;6;0;0.844;6;0;0.844;6;0;0.844;6;0;0.844;6;0;0.844;6;0;0.844;6;0;0.844;6;0;0.844;6;0;0.844;6;0;0.844;6;0;0.844;6;0;0.844;6;0;0.844;6;0;0.844;6;0;0.844;6;0;0.844;6;0;0.844;6;0;0.844;6;0;0.844;6;0;0.844;6;0;0.844;6;0;0.844;6;0;0.844;6;0;0.844;6;0;0.844;6;0;0.844;6;0;0.844;6;0;0.844;6;0;0.844;6;0;0.844;6;0;0.844;6;0;0.844;6;0;0.844;6;0;0.844;6;0;0.844;6;0;0.844;6;0;0.844;6;0;0.844;6;0;0.844;6;0
139;0.848667;6;0;0.848667;6;0;0.848667;6;0;0.848667;6;0;0.848667;6;0;0.848667;6;0;0.848667;6;0;0.848667;6;0;0.848667;6;0;0.848667;6;0;0.848667;6;0;0.848667;6;0;0.848667;6;0;0.848667;6;0;0.848667;6;0;0.848667;6;0;0.848667;6;0;0.848667;6;0;0.848667;6;0;0.848667;6;0;0.848667;6;0;0.848667;6;0;0.848667;6;0;0.848667;6;0;0.848667;6;0;0.848667;6;0;0.848667;6;0;0.848667;6;0;0.848667;6;0;0.848667;6;0;0.848667;6;0;0.848667;6;0;0.848667;6;0;0.848667;6;0;0.848667;6;0;0.848667;6;0;0.848667;6;0;0.848667;6;0;0.848667;6;0;0.848667;6;0;0.848667;6;0;0.848667;6;0;0.848667;6;0;0.848667;6;0;0.848667;6;0;0.848667;6;0;0.848667;6;0;0.848667;6;0;0.848667;6;0;0.848667;6;0;0.848667;6;0
140;0.853333;6;0;0.853333;6;0;0.853333;6;0;0.853333;6;0;0.853333;6;0;0.853333;6;0;0.853333;6;0;0.853333;6;0;0.853333;6;0;0.853333;6;0;0.853333;6;0;0.853333;6;0;0.853333;6;0;0.853333;6;0;0.853333;6;0;0.853333;6;0;0.853333;6;0;0.853333;6;0;0.853333;6;0;0.853333;6;0;0.853333;6;0;0.853333;6;0;0.853333;6;0;0.853333;6;0;0.853333;6;0;0.853333;6;0;0.853333;6;0;0.853333;6;0;0.853333;6;0;0.853333;6;0;0.853333;6;0;0.853333;6;0;0.853333;6;0;0.853333;6;0;0.853333;6;0;0.853333;6;0;0.853333;6;0;0.853333;6;0;0.853333;6;0;0.853333;6;0;0.853333;6;0;0.853333;6;0;0.853333;6;0;0.853333;6;0;0.853333;6;0;0.853333;6;0;0.853333;6;0;0.853333;6;0;0.853333;6;0;0.853333;6;0;0.853333;6;0
141;0.858;6;0;0.858;6;0;0.858;6;0;0.858;6;0;0.858;6;0;0.858;6;0;0.858;6;0;0.858;6;0;0.858;6;0;0.858;6;0;0.858;6;0;0.858;6;0;0.858;6;0;0.858;6;0;0.858;6;0;0.858;6;0;0.858;6;0;0.858;6;0;0.858;6;0;0.858;6;0;0.858;6;0;0.858;6;0;0.858;6;0;0.858;6;0;0.858;6;0;0.858;6;0;0.858;6;0;0.858;6;0;0.858;6;0;0.858;6;0;0.858;6;0;0.858;6;0;0.858;6;0;0.858;6;0;0.858;6;0;0.858;6;0;0.858;6;0;0.858;6;0;0.858;6;0;0.858;6;0;0.858;6;0;0.858;6;0;0.858;6;0;0.858;6;0;0.858;6;0;0.858;6;0;0.858;6;0;0.858;6;0;0.858;6;0;0.858;6;0;0.858;6;0
142;0.862667;6;0;0.862667;6;0;0.862667;6;0;0.862667;6;0;0.862667;6;0;0.862667;6;0;0.862667;6;0;0.862667;6;0;0.862667;6;0;0.862667;6;0;0.862667;6;0;0.862667;6;0;0.862667;6;0;0.862667;6;0;0.862667;6;0;0.862667;6;0;0.862667;6;0;0.862667;6;0;0.862667;6;0;0.862667;6;0;0.862667;6;0;0.862667;6;0;0.862667;6;0;0.862667;6;0;0.862667;6;0;0.862667;6;0;0.862667;6;0;0.862667;6;0;0.862667;6;0;0.862667;6;0;0.862667;6;0;0.862667;6;0;0.862667;6;0;0.862667;6;0;0.862667;6;0;0.862667;6;0;0.862667;6;0;0.862667;6;0;0.862667;6;0;0.862667;6;0;0.862667;6;0;0.862667;6;0;0.862667;6;0;0.862667;6;0;0.862667;6;0;0.862667;6;0;0.862667;6;0;0.862667;6;0;0.862667;6;0;0.862667;6;0;0.862667;6;0
143;0.867333;6;0;0.867333;6;0;0.867333;6;0;0.867333;6;0;0.867333;6;0;0.867333;6;0;0.867333;6;0;0.867333;6;0;0.867333;6;0;0.867333;6;0;0.867333;6;0;0.867333;6;0;0.867333;6;0;0.867333;6;0;0.867333;6;0;0.867333;6;0;0.867333;6;0;0.867333;6;0;0.867333;6;0;0.867333;6;0;0.867333;6;0;0.867333;6;0;0.867333;6;0;0.867333;6;0;0.867333;6;0;0.867333;6;0;0.867333;6;0;0.867333;6;0;0.867333;6;0;0.867333;6;0;0.867333;6;0;0.867333;6;0;0.867333;6;0;0.867333;6;0;0.867333;6;0;0.867333;6;0;0.867333;6;0;0.867333;6;0;0.867333;6;0;0.867333;6;0;0.867333;6;0;0.867333;6;0;0.867333;6;0;0.867333;6;0;0.867333;6;0;0.867333;6;0;0.867333;6;0;0.867333;6;0;0.867333;6;0;0.867333;6;0;0.867333;6;0
144;0.872;6;0;0.872;6;0;0.872;6;0;0.872;6;0;0.872;6;0;0.872;6;0;0.872;6;0;0.872;6;0;0.872;6;0;0.872;6;0;0.872;6;0;0.872;6;0;0.872;6;0;0.872;6;0;0.872;6;0;0.872;6;0;0.872;6;0;0.872;6;0;0.872;6;0;0.872;6;0;0.872;6;0;0.872;6;0;0.872;6;0;0.872;6;0;0.872;6;1;0.872;6;0;0.872;6;0;0.872;6;0;0.872;6;0;0.872;6;0;0.872;6;0;0.872;6;0;0.872;6;0;0.872;6;0;0.872;6;0;0.872;6;0;0.872;6;0;0.872;6;0;0.872;6;0;0.872;6;0;0.872;6;0;0.872;6;0;0.872;6;0;0.872;6;0;0.872;6;0;0.872;6;0;0.872;6;0;0.872;6;0;0.872;6;0;0.872;6;0;0.872;6;0
145;0.876667;6;0;0.876667;6;0;0.876667;6;0;0.876667;6;0;0.876667;6;0;0.876667;6;0;0.876667;6;0;0.876667;6;0;0.876667;6;0;0.876667;6;0;0.876667;6;0;0.876667;6;0;0.876667;6;0;0.876667;6;0;0.876667;6;0;0.876667;6;0;0.876667;6;0;0.876667;6;0;0.876667;6;0;0.876667;6;0;0.876667;6;0;0.876667;6;0;0.876667;6;0;0.876667;6;0;0.876667;6;0;0.876667;6;0;0.876667;6;0;0.876667;6;0;0.876667;6;0;0.876667;6;0;0.876667;6;0;0.876667;6;0;0.876667;6;0;0.876667;6;0;0.876667;6;0;0.876667;6;0;0.876667;6;0;0.876667;6;0;0.876667;6;0;0.876667;6;0;0.876667;6;0;0.876667;6;0;0.876667;6;0;0.876667;6;0;0.876667;6;0;0.876667;6;0;0.876667;6;0;0.876667;6;0;0.876667;6;0;0.876667;6;0;0.876667;6;0
146;0.881333;6;0;0.881333;6;0;0.881333;6;0;0.881333;6;0;0.881333;6;0;0.881333;6;0;0.881333;6;0;0.881333;6;0;0.881333;6;0;0.881333;6;0;0.881333;6;0;0.881333;6;0;0.881333;6;0;0.881333;6;0;0.881333;6;0;0.881333;6;0;0.881333;6;0;0.881333;6;0;0.881333;6;0;0.881333;6;0;0.881333;6;0;0.881333;6;0;0.881333;6;0;0.881333;6;0;0.881333;6;0;0.881333;6;0;0.881333;6;0;0.881333;6;0;0.881333;6;0;0.881333;6;0;0.881333;6;0;0.881333;6;0;0.881333;6;0;0.881333;6;0;0.881333;6;0;0.881333;6;0;0.881333;6;0;0.881333;6;0;0.881333;6;0;0.881333;6;0;0.881333;6;0;0.881333;6;0;0.881333;6;0;0.881333;6;0;0.881333;6;0;0.881333;6;1;0.881333;6;0;0.881333;6;0;0.881333;6;0;0.881333;6;0;0.881333;6;0
147;0.886;6;0;0.886;6;0;0.886;6;0;0.886;6;0;0.886;6;0;0.886;6;0;0.886;6;0;0.886;6;1;0.886;6;0;0.886;6;0;0.886;6;0;0.886;6;0;0.886;6;0;0.886;6;0;0.886;6;0;0.886;6;0;0.886;6;0;0.886;6;0;0.886;6;0;0.886;6;0;0.886;6;0;0.886;6;0;0.886;6;0;0.886;6;0;0.886;6;0;0.886;6;0;0.886;6;0;0.886;6;0;0.886;6;0;0.886;6;0;0.886;6;0;0.886;6;0;0.886;6;0;0.886;6;0;0.886;6;0;0.886;6;0;0.886;6;0;0.886;6;0;0.886;6;0;0.886;6;0;0.886;6;0;0.886;6;0;0.886;6;0;0.886;6;0;0.886;6;0;0.886;6;0;0.886;6;0;0.886;6;0;0.886;6;0;0.886;6;0;0.886;6;0
148;0.890667;6;0;0.890667;6;0;0.890667;6;0;0.890667;6;0;0.890667;6;0;0.890667;6;0;0.890667;6;0;0.890667;6;0;0.890667;6;0;0.890667;6;0;0.890667;6;0;0.890667;6;0;0.890667;6;0;0.890667;6;0;0.890667;6;0;0.890667;6;0;0.890667;6;0;0.890667;6;0;0.890667;6;0;0.890667;6;0;0.890667;6;0;0.890667;6;0;0.890667;6;0;0.890667;6;0;0.890667;6;0;0.890667;6;0;0.890667;6;0;0.890667;6;0;0.890667;6;0;0.890667;6;0;0.890667;6;0;0.890667;6;0;0.890667;6;0;0.890667;6;0;0.890667;6;0;0.890667;6;0;0.890667;6;0;0.890667;6;0;0.890667;6;0;0.890667;6;0;0.890667;6;0;0.890667;6;0;0.890667;6;0;0.890667;6;0;0.890667;6;0;0.890667;6;0;0.890667;6;0;0.890667;6;0;0.890667;6;0;0.890667;6;0;0.890667;6;0
149;0.895333;6;0;0.895333;6;0;0.895333;6;0;0.895333;6;0;0.895333;6;1;0.895333;6;0;0.895333;6;0;0.895333;6;0;0.895333;6;0;0.895333;6;0;0.895333;6;0;0.895333;6;0;0.895333;6;0;0.895333;6;0;0.895333;6;0;0.895333;6;0;0.895333;6;0;0.895333;6;0;0.895333;6;0;0.895333;6;0;0.895333;6;0;0.895333;6;0;0.895333;6;0;0.895333;6;0;0.895333;6;0;0.895333;6;0;0.895333;6;0;0.895333;6;0;0.895333;6;0;0.895333;6;0;0.895333;6;0;0.895333;6;0;0.895333;6;0;0.895333;6;0;0.895333;6;0;0.895333;6;0;0.895333;6;0;0.895333;6;0;0.895333;6;0;0.895333;6;0;0.895333;6;0;0.895333;6;0;0.895333;6;0;0.895333;6;0;0.895333;6;0;0.895333;6;0;0.895333;6;0;0.895333;6;0;0.895333;6;0;0.895333;6;0;0.895333;6;0
