problem;kroB150n
useTBAS;0
run;seed;cost;time_ms
0;9176377229071207081;2949;124807.903291
0,27,6,2,38,28,25,51,21,22,8,60,40,109,23,26,97,37,66,63,131,129,144,105,140,101,111,39,106,68,92,146,124,135,119,126,49,88,32,41,36,75,64,69,53,73,71,108,13,30,14,42,34,93,33,84,72,141,123,143,125,130,117,138,133,142,149,102,122,128,87,104,89,29,96,79,85,43,54,3,17,12,50,19,67,61,70,65,91,57,80,46,47,24,45,31,112,81,82,59,76,58,107,90,148,137,121,147,103,118,115,132,127,139,116,114,136,120,134,100,110,35,48,10,94,18,83,78,98,74,113,9,20,1,11,7,77,95,55,62,56,145,44,99,52,86,15,16,4,5
0,0,0,0,0,0,0,0,0,0,0,0,0,0,0,0,0,0,0,0,0,0,0,0,0,0,0,0,0,0,0,0,0,0,0,0,0,0,0,0,0,0,0,0,0,0,1,1,1,1,1,1,1,1,1,1,1,1,1,1,1,1,1,1,1,1,1,1,1,1,1,1,1,1,1,1,1,1,1,1,1,1,1,1,1,1,1,1,1,1,1,1,1,1,1,1,1,1,1,2,2,2,2,2,2,2,2,2,2,2,2,2,2,2,2,2,2,2,2,2,2,2,2,2,2,2,2,2,2,2,2,2,2,2,2,2,2,2,2,2,2,2,2,2,2,2,2,2,2,2
1;76241568449944305;2919;119700.31225
0,5,4,16,9,20,1,11,7,110,107,58,76,74,83,78,118,115,145,120,134,103,147,121,132,127,139,119,136,114,116,113,18,94,52,62,44,48,15,86,10,77,95,55,99,90,98,68,106,105,144,125,140,146,124,135,39,91,40,92,131,129,148,137,101,111,100,126,49,60,8,22,21,28,38,25,51,6,12,2,27,23,109,64,69,63,66,26,75,36,41,32,88,71,73,37,97,59,141,72,108,19,57,82,81,130,117,149,102,122,143,142,133,138,123,128,87,104,89,96,56,84,79,85,53,93,33,80,46,50,14,42,35,67,29,30,13,17,3,61,24,45,31,112,65,70,43,47,34,54
2,2,2,2,2,2,2,2,2,2,2,2,2,2,2,2,2,2,2,2,2,2,2,2,2,2,2,2,2,2,2,2,2,2,2,2,2,2,2,2,2,2,2,2,2,0,0,0,0,0,0,0,0,0,0,0,0,0,0,0,0,0,0,0,0,0,0,0,0,0,0,0,0,0,0,0,0,0,0,0,0,0,0,0,0,0,0,0,0,0,0,0,0,0,0,0,0,1,1,1,1,1,1,1,1,1,1,1,1,1,1,1,1,1,1,1,1,1,1,1,1,1,1,1,1,1,1,1,1,1,1,1,1,1,1,1,1,1,1,1,1,1,1,1,1,1,1,1,1,1
2;11569656429252920891;2920;129328.314167
0,5,4,16,9,20,1,86,10,99,77,95,55,62,44,48,35,118,103,147,121,132,127,139,119,137,145,116,114,136,120,134,113,18,83,7,110,90,107,58,76,59,141,123,138,117,130,81,149,133,142,143,115,122,102,128,87,104,71,108,72,112,31,41,45,12,17,3,61,93,74,80,33,67,29,82,65,70,43,57,89,53,85,24,30,14,42,34,54,47,46,50,19,96,56,84,79,91,52,60,49,97,78,88,32,51,21,22,13,98,68,106,39,73,75,36,94,37,92,40,109,126,64,69,63,131,129,144,125,140,105,146,101,111,100,135,124,148,23,26,38,28,25,27,15,66,8,11,2,6
2,2,2,2,2,2,2,2,2,2,2,2,2,2,2,2,2,2,2,2,2,2,2,2,2,2,2,2,2,2,2,2,2,2,2,2,2,2,2,2,2,1,1,1,1,1,1,1,1,1,1,1,1,1,1,1,1,1,1,1,1,1,1,1,1,1,1,1,1,1,1,1,1,1,1,1,1,1,1,1,1,1,1,1,1,1,1,1,1,1,1,1,1,1,1,1,0,0,0,0,0,0,0,0,0,0,0,0,0,0,0,0,0,0,0,0,0,0,0,0,0,0,0,0,0,0,0,0,0,0,0,0,0,0,0,0,0,0,0,0,0,0,0,0,0,0,0,0,0,0
3;8006770736520076435;2940;142863.147041
0,5,1,77,63,94,18,20,9,110,100,132,121,147,116,145,114,136,120,134,119,139,137,148,90,99,55,95,56,62,44,48,10,107,103,118,113,52,76,74,83,7,11,4,16,15,86,8,60,49,36,98,68,106,39,51,25,28,23,26,27,2,6,38,24,88,32,91,79,111,101,109,71,73,131,40,92,78,97,37,66,35,69,53,126,124,135,133,146,105,140,129,144,58,75,64,84,70,43,47,46,80,33,93,61,67,29,30,13,22,21,50,19,108,72,104,87,128,115,143,142,127,130,125,141,123,149,102,122,117,138,57,89,96,65,112,81,82,59,85,31,41,14,42,34,54,3,17,12,45
2,2,2,2,2,2,2,2,2,2,2,2,2,2,2,2,2,2,2,2,2,2,2,2,2,2,2,2,2,2,2,2,2,2,2,2,2,2,2,2,2,2,2,2,2,2,2,0,0,0,0,0,0,0,0,0,0,0,0,0,0,0,0,0,0,0,0,0,0,0,0,0,0,0,0,0,0,0,0,0,0,0,0,0,0,0,0,0,0,0,0,0,0,0,0,1,1,1,1,1,1,1,1,1,1,1,1,1,1,1,1,1,1,1,1,1,1,1,1,1,1,1,1,1,1,1,1,1,1,1,1,1,1,1,1,1,1,1,1,1,1,1,1,1,1,1,1,1,1,1
4;10222608011239175760;2935;124198.318625
0,5,4,11,7,83,78,107,110,9,16,15,86,1,20,10,48,44,62,55,99,90,148,121,132,115,118,113,147,103,134,120,136,114,145,116,139,119,137,52,76,74,95,77,64,128,123,149,127,130,117,143,142,133,138,72,112,81,82,59,85,24,30,18,70,65,96,56,84,43,104,87,122,102,108,57,80,54,34,47,46,50,19,45,31,41,33,42,14,93,61,67,29,89,141,125,144,129,140,105,106,100,135,124,146,101,111,39,91,79,126,68,94,36,75,58,69,53,92,40,109,73,71,88,49,60,28,21,51,32,66,63,131,26,23,25,27,6,2,38,35,97,37,98,13,17,8,22,3,12
2,2,2,2,2,2,2,2,2,2,2,2,2,2,2,2,2,2,2,2,2,2,2,2,2,2,2,2,2,2,2,2,2,2,2,2,2,2,2,2,2,2,2,2,1,1,1,1,1,1,1,1,1,1,1,1,1,1,1,1,1,1,1,1,1,1,1,1,1,1,1,1,1,1,1,1,1,1,1,1,1,1,1,1,1,1,1,1,1,1,1,1,1,1,1,0,0,0,0,0,0,0,0,0,0,0,0,0,0,0,0,0,0,0,0,0,0,0,0,0,0,0,0,0,0,0,0,0,0,0,0,0,0,0,0,0,0,0,0,0,0,0,0,0,0,0,0,0,0,0
5;83674907983555125;2920;129609.533791
0,5,4,113,118,103,132,127,139,116,58,107,90,99,7,48,44,62,55,95,77,83,86,10,94,18,148,121,137,119,147,124,145,114,136,120,134,100,110,1,20,9,16,15,76,59,85,47,46,91,71,108,81,130,65,112,31,50,19,57,43,70,82,64,104,87,128,61,67,29,89,96,56,84,72,141,123,115,122,102,149,117,143,142,133,138,74,80,33,41,45,24,30,13,17,3,54,34,93,14,22,21,51,32,73,39,66,63,131,129,144,125,140,146,105,106,68,98,36,75,52,69,53,126,35,38,25,28,97,37,42,26,23,135,101,109,40,92,79,111,78,88,49,60,8,11,2,6,27,12
2,2,2,2,2,2,2,2,2,2,2,2,2,2,2,2,2,2,2,2,2,2,2,2,2,2,2,2,2,2,2,2,2,2,2,2,2,2,2,2,2,2,2,2,2,1,1,1,1,1,1,1,1,1,1,1,1,1,1,1,1,1,1,1,1,1,1,1,1,1,1,1,1,1,1,1,1,1,1,1,1,1,1,1,1,1,1,1,1,1,1,1,1,1,1,1,1,1,1,0,0,0,0,0,0,0,0,0,0,0,0,0,0,0,0,0,0,0,0,0,0,0,0,0,0,0,0,0,0,0,0,0,0,0,0,0,0,0,0,0,0,0,0,0,0,0,0,0,0,0
6;16633518659454552880;2919;89483.053458
0,5,4,16,15,86,10,76,74,107,90,99,95,55,62,44,48,7,20,1,110,9,113,118,103,134,121,147,124,132,127,139,116,145,114,136,119,148,52,94,18,83,77,64,128,87,104,61,93,33,108,72,112,65,70,84,56,96,89,29,67,19,80,46,50,21,22,13,30,14,41,31,45,12,17,3,54,34,47,43,57,85,59,82,81,149,102,122,141,123,115,143,142,133,138,117,130,125,140,129,144,137,120,126,35,32,51,49,60,58,75,36,98,68,106,100,135,146,105,109,101,111,79,91,39,66,8,11,2,27,23,26,97,78,88,71,73,53,69,63,131,40,42,37,92,24,38,28,25,6
2,2,2,2,2,2,2,2,2,2,2,2,2,2,2,2,2,2,2,2,2,2,2,2,2,2,2,2,2,2,2,2,2,2,2,2,2,2,2,2,2,2,2,1,1,1,1,1,1,1,1,1,1,1,1,1,1,1,1,1,1,1,1,1,1,1,1,1,1,1,1,1,1,1,1,1,1,1,1,1,1,1,1,1,1,1,1,1,1,1,1,1,1,1,1,1,1,0,0,0,0,0,0,0,0,0,0,0,0,0,0,0,0,0,0,0,0,0,0,0,0,0,0,0,0,0,0,0,0,0,0,0,0,0,0,0,0,0,0,0,0,0,0,0,0,0,0,0,0,0
7;3348662810425028053;2935;121924.000125
0,5,16,9,110,107,90,99,44,48,35,62,55,147,15,76,74,83,7,20,1,11,4,137,121,132,127,139,116,145,114,136,113,118,103,134,119,148,18,94,10,86,77,95,59,85,64,84,56,96,89,104,87,128,61,93,65,70,82,81,130,120,122,102,149,133,142,71,91,46,47,43,57,80,33,108,53,138,117,143,115,123,141,72,112,31,41,42,34,54,30,24,45,29,67,19,50,3,17,14,38,28,25,27,2,6,12,8,22,21,51,39,106,100,126,79,111,13,73,32,66,37,97,36,75,58,69,63,140,125,144,129,105,146,124,135,101,109,40,92,78,88,49,60,52,131,68,98,23,26
2,2,2,2,2,2,2,2,2,2,2,2,2,2,2,2,2,2,2,2,2,2,2,2,2,2,2,2,2,2,2,2,2,2,2,2,2,2,2,2,2,2,2,2,1,1,1,1,1,1,1,1,1,1,1,1,1,1,1,1,1,1,1,1,1,1,1,1,1,1,1,1,1,1,1,1,1,1,1,1,1,1,1,1,1,1,1,1,1,1,1,1,1,1,1,1,1,1,1,0,0,0,0,0,0,0,0,0,0,0,0,0,0,0,0,0,0,0,0,0,0,0,0,0,0,0,0,0,0,0,0,0,0,0,0,0,0,0,0,0,0,0,0,0,0,0,0,0,0,0
8;1625020296661546126;2941;128568.677459
0,5,20,1,86,78,83,7,48,44,62,55,145,114,136,124,147,120,134,103,118,115,123,137,119,148,116,139,127,132,100,110,107,90,99,9,16,4,76,10,94,18,113,77,95,59,82,29,67,56,84,79,85,24,30,13,42,14,41,31,45,12,17,3,54,34,93,61,70,65,96,89,104,87,128,102,122,72,112,81,108,33,80,74,138,117,143,142,149,133,141,43,47,46,50,19,57,130,125,140,71,73,53,144,105,146,121,135,129,131,58,91,39,106,68,98,49,126,28,21,22,8,11,2,6,27,15,38,35,51,25,23,26,97,37,92,40,109,101,111,52,60,36,75,64,69,63,66,32,88
2,2,2,2,2,2,2,2,2,2,2,2,2,2,2,2,2,2,2,2,2,2,2,2,2,2,2,2,2,2,2,2,2,2,2,2,2,2,2,2,2,2,2,2,2,1,1,1,1,1,1,1,1,1,1,1,1,1,1,1,1,1,1,1,1,1,1,1,1,1,1,1,1,1,1,1,1,1,1,1,1,1,1,1,1,1,1,1,1,1,1,1,1,1,1,1,1,1,0,0,0,0,0,0,0,0,0,0,0,0,0,0,0,0,0,0,0,0,0,0,0,0,0,0,0,0,0,0,0,0,0,0,0,0,0,0,0,0,0,0,0,0,0,0,0,0,0,0,0,0
9;8722260422266777814;2932;117075.731667
0,5,1,20,48,44,99,90,148,119,136,120,134,123,137,139,127,145,116,114,132,121,147,103,118,113,18,83,78,107,110,9,16,4,11,7,77,95,55,62,52,76,15,86,10,94,37,97,26,23,88,71,109,40,92,24,38,25,28,21,22,8,60,49,98,36,75,2,6,27,13,41,32,51,39,91,58,66,63,69,35,126,100,106,68,131,129,144,140,105,146,124,135,101,111,79,85,31,47,46,80,74,138,59,112,81,108,57,43,70,84,56,61,3,17,14,50,19,67,29,30,143,115,142,133,149,117,130,125,141,72,96,89,53,73,104,102,122,87,128,64,82,65,93,33,54,34,42,12,45
2,2,2,2,2,2,2,2,2,2,2,2,2,2,2,2,2,2,2,2,2,2,2,2,2,2,2,2,2,2,2,2,2,2,2,2,2,2,2,2,2,2,2,2,2,0,0,0,0,0,0,0,0,0,0,0,0,0,0,0,0,0,0,0,0,0,0,0,0,0,0,0,0,0,0,0,0,0,0,0,0,0,0,0,0,0,0,0,0,0,0,0,0,0,0,1,1,1,1,1,1,1,1,1,1,1,1,1,1,1,1,1,1,1,1,1,1,1,1,1,1,1,1,1,1,1,1,1,1,1,1,1,1,1,1,1,1,1,1,1,1,1,1,1,1,1,1,1,1,1
10;18422523289718600251;2926;123876.260167
0,30,13,17,3,85,47,54,34,93,61,104,87,128,123,115,143,117,138,133,142,149,102,122,120,130,125,141,59,112,65,80,33,108,72,96,89,57,43,70,84,56,91,46,50,19,67,29,82,31,41,14,45,24,88,71,73,39,69,53,126,100,135,124,146,105,140,144,129,131,58,66,32,51,26,23,106,68,98,49,60,8,22,21,28,25,27,2,12,6,38,35,42,37,97,78,92,40,109,101,111,79,94,36,75,52,99,90,116,145,114,136,119,134,103,118,113,147,81,95,55,62,44,48,7,11,4,83,74,76,15,16,9,110,107,64,148,121,132,127,139,137,63,77,10,86,18,20,1,5
1,1,1,1,1,1,1,1,1,1,1,1,1,1,1,1,1,1,1,1,1,1,1,1,1,1,1,1,1,1,1,1,1,1,1,1,1,1,1,1,1,1,1,1,1,1,1,1,1,1,1,1,1,0,0,0,0,0,0,0,0,0,0,0,0,0,0,0,0,0,0,0,0,0,0,0,0,0,0,0,0,0,0,0,0,0,0,0,0,0,0,0,0,0,0,0,0,0,0,0,0,0,0,0,0,2,2,2,2,2,2,2,2,2,2,2,2,2,2,2,2,2,2,2,2,2,2,2,2,2,2,2,2,2,2,2,2,2,2,2,2,2,2,2,2,2,2,2,2,2
11;12120595211417451604;2935;121403.832042
0,5,1,86,15,48,44,62,55,147,124,145,116,114,136,120,134,119,148,121,132,127,139,137,58,76,59,95,77,99,90,110,74,83,7,11,4,16,9,20,18,113,118,103,107,10,94,53,92,40,75,36,104,68,106,105,146,140,144,129,131,63,66,8,22,21,51,39,98,35,69,64,109,126,100,135,101,111,78,97,26,23,27,2,6,12,3,25,38,28,41,32,88,49,60,52,91,79,96,56,61,67,19,50,37,93,14,17,13,42,34,54,47,46,70,65,130,125,141,123,128,87,122,102,149,117,115,143,142,133,138,72,89,29,30,24,85,43,57,108,71,84,33,80,73,82,81,112,31,45
2,2,2,2,2,2,2,2,2,2,2,2,2,2,2,2,2,2,2,2,2,2,2,2,2,2,2,2,2,2,2,2,2,2,2,2,2,2,2,2,2,2,2,2,2,2,2,0,0,0,0,0,0,0,0,0,0,0,0,0,0,0,0,0,0,0,0,0,0,0,0,0,0,0,0,0,0,0,0,0,0,0,0,0,0,0,0,0,0,0,0,0,0,0,0,0,0,1,1,1,1,1,1,1,1,1,1,1,1,1,1,1,1,1,1,1,1,1,1,1,1,1,1,1,1,1,1,1,1,1,1,1,1,1,1,1,1,1,1,1,1,1,1,1,1,1,1,1,1,1
12;11180516292616150398;2927;131843.5845
0,20,1,11,7,110,9,16,15,48,44,62,55,95,77,10,86,18,113,118,116,145,114,136,119,148,90,99,52,76,74,83,78,107,103,134,120,147,121,132,127,139,137,4,5,2,88,75,58,91,39,98,36,41,32,51,21,22,8,66,63,69,35,126,109,40,94,68,131,129,144,140,105,106,100,135,124,146,101,111,79,92,71,73,13,27,6,12,38,28,25,23,26,42,37,97,49,60,59,112,81,82,34,54,43,104,87,122,102,123,115,143,142,133,138,117,149,64,128,61,70,65,130,125,141,57,80,46,50,19,45,31,96,56,84,72,108,33,93,3,17,14,30,24,85,53,89,29,67,47
2,2,2,2,2,2,2,2,2,2,2,2,2,2,2,2,2,2,2,2,2,2,2,2,2,2,2,2,2,2,2,2,2,2,2,2,2,2,2,2,2,2,2,2,2,0,0,0,0,0,0,0,0,0,0,0,0,0,0,0,0,0,0,0,0,0,0,0,0,0,0,0,0,0,0,0,0,0,0,0,0,0,0,0,0,0,0,0,0,0,0,0,0,0,0,0,0,0,1,1,1,1,1,1,1,1,1,1,1,1,1,1,1,1,1,1,1,1,1,1,1,1,1,1,1,1,1,1,1,1,1,1,1,1,1,1,1,1,1,1,1,1,1,1,1,1,1,1,1,1
13;13235578871255005297;2930;119727.095625
0,5,20,1,110,74,76,58,107,78,83,7,77,95,56,62,55,116,145,114,136,120,134,103,118,44,48,10,86,15,16,9,147,121,132,127,139,119,148,90,99,4,113,18,94,40,41,36,75,26,23,25,51,49,88,3,11,8,60,6,27,21,22,2,38,28,97,92,68,98,79,126,124,135,146,105,144,129,140,137,101,111,39,106,100,131,52,91,32,35,42,37,66,63,69,64,109,71,73,34,54,13,17,12,45,31,67,24,47,43,57,80,33,93,61,70,65,96,19,50,46,141,125,130,117,138,133,142,149,102,122,115,143,123,128,87,104,89,29,82,59,85,53,84,72,108,81,112,14,30
2,2,2,2,2,2,2,2,2,2,2,2,2,2,2,2,2,2,2,2,2,2,2,2,2,2,2,2,2,2,2,2,2,2,2,2,2,2,2,2,2,2,2,2,0,0,0,0,0,0,0,0,0,0,0,0,0,0,0,0,0,0,0,0,0,0,0,0,0,0,0,0,0,0,0,0,0,0,0,0,0,0,0,0,0,0,0,0,0,0,0,0,0,0,0,0,0,0,0,1,1,1,1,1,1,1,1,1,1,1,1,1,1,1,1,1,1,1,1,1,1,1,1,1,1,1,1,1,1,1,1,1,1,1,1,1,1,1,1,1,1,1,1,1,1,1,1,1,1,1
14;17784125318686945540;2917;127229.567708
0,5,4,16,9,110,1,20,18,83,77,113,118,103,134,120,147,121,132,127,139,119,136,114,145,10,86,15,94,52,76,74,107,90,99,7,48,44,62,55,95,59,138,116,141,123,115,122,102,149,133,142,143,117,128,87,104,72,108,33,84,56,61,93,43,70,65,130,81,112,89,53,85,31,45,29,30,13,17,3,67,47,54,34,82,79,96,19,50,46,91,57,80,21,42,14,22,8,60,49,36,98,23,26,66,63,131,68,106,39,51,32,41,37,97,78,88,24,38,28,25,27,12,6,11,2,92,40,109,73,71,148,137,101,111,35,75,58,69,64,100,146,105,140,125,144,129,135,124,126
2,2,2,2,2,2,2,2,2,2,2,2,2,2,2,2,2,2,2,2,2,2,2,2,2,2,2,2,2,2,2,2,2,2,2,2,2,2,2,2,2,1,1,1,1,1,1,1,1,1,1,1,1,1,1,1,1,1,1,1,1,1,1,1,1,1,1,1,1,1,1,1,1,1,1,1,1,1,1,1,1,1,1,1,1,1,1,1,1,1,1,1,1,1,1,0,0,0,0,0,0,0,0,0,0,0,0,0,0,0,0,0,0,0,0,0,0,0,0,0,0,0,0,0,0,0,0,0,0,0,0,0,0,0,0,0,0,0,0,0,0,0,0,0,0,0,0,0,0,0
15;15956506419893335137;2945;131297.403375
0,5,20,1,86,15,16,4,11,7,77,95,56,62,55,94,10,48,44,99,9,110,100,132,121,134,103,118,113,18,83,74,76,64,107,105,145,147,127,139,119,136,114,116,90,126,49,60,52,106,68,131,129,144,125,140,137,148,71,146,124,135,101,111,73,53,69,35,38,24,28,21,51,39,66,58,75,36,97,78,92,40,109,23,26,27,6,2,88,32,42,37,98,25,8,22,13,149,102,122,115,143,142,133,138,117,130,120,141,123,128,87,104,61,84,72,108,63,93,33,41,14,50,46,47,34,54,43,70,65,96,89,79,82,81,112,59,85,31,91,57,80,19,67,3,17,12,45,29,30
2,2,2,2,2,2,2,2,2,2,2,2,2,2,2,2,2,2,2,2,2,2,2,2,2,2,2,2,2,2,2,2,2,2,2,2,2,2,2,2,2,2,2,2,0,0,0,0,0,0,0,0,0,0,0,0,0,0,0,0,0,0,0,0,0,0,0,0,0,0,0,0,0,0,0,0,0,0,0,0,0,0,0,0,0,0,0,0,0,0,0,0,0,0,0,0,1,1,1,1,1,1,1,1,1,1,1,1,1,1,1,1,1,1,1,1,1,1,1,1,1,1,1,1,1,1,1,1,1,1,1,1,1,1,1,1,1,1,1,1,1,1,1,1,1,1,1,1,1,1
16;2899130862535483918;2928;129535.083083
0,5,4,16,9,113,134,100,110,90,99,44,48,10,77,7,11,1,20,15,86,81,95,55,62,52,94,18,83,78,118,103,107,105,148,119,136,114,147,121,132,127,139,137,145,116,74,76,59,138,21,50,19,45,29,30,12,17,3,54,47,67,61,93,63,130,120,122,102,149,133,142,143,117,115,123,141,46,80,33,108,72,112,31,91,57,43,85,53,89,104,87,128,64,84,56,96,65,70,82,34,42,14,22,8,60,40,109,101,111,79,92,24,38,28,25,51,32,41,36,75,58,69,35,66,37,97,73,71,98,13,27,6,2,135,124,146,140,129,131,125,144,39,106,68,126,49,88,23,26
2,2,2,2,2,2,2,2,2,2,2,2,2,2,2,2,2,2,2,2,2,2,2,2,2,2,2,2,2,2,2,2,2,2,2,2,2,2,2,2,2,2,2,2,2,2,2,2,1,1,1,1,1,1,1,1,1,1,1,1,1,1,1,1,1,1,1,1,1,1,1,1,1,1,1,1,1,1,1,1,1,1,1,1,1,1,1,1,1,1,1,1,1,1,1,1,1,1,1,1,1,1,0,0,0,0,0,0,0,0,0,0,0,0,0,0,0,0,0,0,0,0,0,0,0,0,0,0,0,0,0,0,0,0,0,0,0,0,0,0,0,0,0,0,0,0,0,0,0,0
17;11850605890185619915;2944;121218.788209
0,5,4,16,15,86,10,107,58,76,74,83,18,113,100,110,9,20,1,77,7,48,44,118,115,132,121,148,119,139,137,145,114,136,120,134,103,147,116,90,99,55,62,53,69,63,66,39,91,79,126,49,60,52,106,68,94,37,92,71,73,75,111,101,109,40,131,129,144,140,105,146,124,135,2,6,38,35,32,51,28,25,8,11,3,88,78,98,36,41,13,22,21,27,23,26,97,54,34,82,29,67,61,56,84,64,95,33,93,43,70,65,112,81,108,72,96,89,104,87,128,123,142,133,149,102,122,57,80,46,141,125,130,127,143,117,138,59,85,31,47,24,45,19,50,14,42,12,17,30
2,2,2,2,2,2,2,2,2,2,2,2,2,2,2,2,2,2,2,2,2,2,2,2,2,2,2,2,2,2,2,2,2,2,2,2,2,2,2,2,2,2,2,0,0,0,0,0,0,0,0,0,0,0,0,0,0,0,0,0,0,0,0,0,0,0,0,0,0,0,0,0,0,0,0,0,0,0,0,0,0,0,0,0,0,0,0,0,0,0,0,0,0,0,0,0,0,1,1,1,1,1,1,1,1,1,1,1,1,1,1,1,1,1,1,1,1,1,1,1,1,1,1,1,1,1,1,1,1,1,1,1,1,1,1,1,1,1,1,1,1,1,1,1,1,1,1,1,1,1
18;13353388233111958045;2927;106870.624084
0,5,4,113,100,110,90,116,114,136,129,147,145,115,118,103,134,119,148,121,132,127,139,137,52,99,55,95,56,62,44,48,7,77,83,74,107,10,86,1,20,9,16,15,76,59,85,3,54,34,82,57,43,70,84,72,108,33,80,46,47,31,45,24,30,18,41,19,96,89,104,87,128,102,122,142,133,149,117,138,123,143,125,141,120,130,81,112,65,93,61,67,29,50,21,42,14,22,8,11,2,17,13,27,12,38,25,28,60,49,126,26,23,88,71,73,53,94,68,131,78,97,37,98,36,75,64,109,40,92,79,111,101,135,124,146,140,144,105,106,39,91,58,69,63,66,32,35,51,6
2,2,2,2,2,2,2,2,2,2,2,2,2,2,2,2,2,2,2,2,2,2,2,2,2,2,2,2,2,2,2,2,2,2,2,2,2,2,2,2,2,2,2,2,2,1,1,1,1,1,1,1,1,1,1,1,1,1,1,1,1,1,1,1,1,1,1,1,1,1,1,1,1,1,1,1,1,1,1,1,1,1,1,1,1,1,1,1,1,1,1,1,1,1,1,1,0,0,0,0,0,0,0,0,0,0,0,0,0,0,0,0,0,0,0,0,0,0,0,0,0,0,0,0,0,0,0,0,0,0,0,0,0,0,0,0,0,0,0,0,0,0,0,0,0,0,0,0,0,0
19;6644193456908987648;2935;132764.352416
0,5,4,76,58,62,52,77,95,55,99,44,48,10,86,15,16,9,20,1,11,7,110,107,74,83,18,113,118,115,132,103,134,120,147,127,139,145,123,137,121,148,119,136,114,116,90,111,79,91,73,75,36,94,26,23,27,6,12,38,28,25,98,37,97,78,88,32,51,39,106,68,131,129,144,125,140,105,109,71,92,40,60,49,126,2,22,8,66,63,69,35,146,124,135,100,59,141,101,112,65,70,93,61,67,19,143,56,84,64,128,87,104,72,96,89,53,85,31,45,24,30,29,82,81,130,117,138,133,142,149,102,122,3,17,13,108,33,80,46,50,21,57,43,47,54,34,42,14,41
2,2,2,2,2,2,2,2,2,2,2,2,2,2,2,2,2,2,2,2,2,2,2,2,2,2,2,2,2,2,2,2,2,2,2,2,2,2,2,2,2,2,2,2,2,2,0,0,0,0,0,0,0,0,0,0,0,0,0,0,0,0,0,0,0,0,0,0,0,0,0,0,0,0,0,0,0,0,0,0,0,0,0,0,0,0,0,0,0,0,0,0,0,0,0,0,1,1,1,1,1,1,1,1,1,1,1,1,1,1,1,1,1,1,1,1,1,1,1,1,1,1,1,1,1,1,1,1,1,1,1,1,1,1,1,1,1,1,1,1,1,1,1,1,1,1,1,1,1,1
20;9748498986499756733;2927;122050.4355
0,5,20,9,110,90,99,44,48,10,94,18,83,7,11,1,86,77,95,4,16,15,147,113,118,103,134,121,132,127,139,119,136,114,145,116,55,62,52,76,74,107,64,84,56,61,93,31,45,33,80,46,50,14,42,34,54,3,85,53,89,57,43,47,112,81,117,143,115,123,128,87,104,71,108,72,138,59,141,125,130,120,122,102,149,133,142,70,65,96,19,67,24,30,29,82,79,111,101,137,144,140,148,129,131,63,66,39,91,58,69,35,98,68,106,105,146,135,124,126,100,109,40,60,49,88,78,92,37,97,73,75,36,41,32,51,21,28,25,8,22,2,17,13,27,23,26,38,6,12
2,2,2,2,2,2,2,2,2,2,2,2,2,2,2,2,2,2,2,2,2,2,2,2,2,2,2,2,2,2,2,2,2,2,2,2,2,2,2,2,2,2,1,1,1,1,1,1,1,1,1,1,1,1,1,1,1,1,1,1,1,1,1,1,1,1,1,1,1,1,1,1,1,1,1,1,1,1,1,1,1,1,1,1,1,1,1,1,1,1,1,1,1,1,1,1,0,0,0,0,0,0,0,0,0,0,0,0,0,0,0,0,0,0,0,0,0,0,0,0,0,0,0,0,0,0,0,0,0,0,0,0,0,0,0,0,0,0,0,0,0,0,0,0,0,0,0,0,0,0
21;9610614758425770644;2935;127592.160792
0,5,4,76,74,116,139,137,121,132,114,136,120,134,119,148,113,118,103,147,145,105,110,107,90,99,52,86,15,16,9,20,1,11,7,83,77,95,55,62,44,48,10,94,53,73,97,78,98,37,41,32,88,71,140,146,101,111,79,126,124,135,100,64,109,40,92,24,38,25,28,21,22,2,6,12,27,23,26,51,35,75,36,49,60,8,106,39,144,129,131,58,69,63,66,54,34,42,14,45,31,82,81,117,138,133,142,149,127,130,125,141,123,143,115,122,102,128,87,104,61,93,43,70,65,67,29,89,72,108,33,80,46,47,50,19,96,68,84,56,91,57,18,30,13,17,3,85,59,112
2,2,2,2,2,2,2,2,2,2,2,2,2,2,2,2,2,2,2,2,2,2,2,2,2,2,2,2,2,2,2,2,2,2,2,2,2,2,2,2,2,2,2,2,0,0,0,0,0,0,0,0,0,0,0,0,0,0,0,0,0,0,0,0,0,0,0,0,0,0,0,0,0,0,0,0,0,0,0,0,0,0,0,0,0,0,0,0,0,0,0,0,0,0,0,1,1,1,1,1,1,1,1,1,1,1,1,1,1,1,1,1,1,1,1,1,1,1,1,1,1,1,1,1,1,1,1,1,1,1,1,1,1,1,1,1,1,1,1,1,1,1,1,1,1,1,1,1,1,1
22;16467222360164019310;2968;121602.309208
0,5,4,16,15,86,1,20,7,76,58,107,10,94,52,99,9,110,100,90,148,121,132,127,139,137,145,114,136,120,134,103,147,113,116,78,98,18,83,35,48,44,62,55,95,77,53,73,75,36,41,37,97,79,111,101,109,71,88,24,38,28,21,22,13,26,23,27,6,60,49,51,32,91,39,106,68,126,119,135,124,146,133,144,125,140,105,129,131,40,92,2,11,8,66,63,69,25,42,12,17,3,67,29,89,96,65,130,81,112,59,138,74,80,46,47,34,54,43,85,31,45,33,93,61,70,82,57,118,87,104,102,122,115,128,123,142,143,56,84,64,149,117,141,72,108,19,50,14,30
2,2,2,2,2,2,2,2,2,2,2,2,2,2,2,2,2,2,2,2,2,2,2,2,2,2,2,2,2,2,2,2,2,2,2,2,2,2,2,2,2,2,2,2,2,2,0,0,0,0,0,0,0,0,0,0,0,0,0,0,0,0,0,0,0,0,0,0,0,0,0,0,0,0,0,0,0,0,0,0,0,0,0,0,0,0,0,0,0,0,0,0,0,0,0,0,0,1,1,1,1,1,1,1,1,1,1,1,1,1,1,1,1,1,1,1,1,1,1,1,1,1,1,1,1,1,1,1,1,1,1,1,1,1,1,1,1,1,1,1,1,1,1,1,1,1,1,1,1,1
23;11726302834367551336;2925;126713.268291
0,20,1,5,4,95,55,83,77,7,48,44,62,52,76,58,107,64,148,119,134,120,136,114,116,145,124,147,121,137,139,127,132,103,118,113,18,94,10,86,15,16,9,110,74,99,90,126,37,41,32,51,25,98,36,75,73,97,78,88,71,92,40,131,68,106,100,146,105,140,125,144,129,135,49,60,8,11,2,12,27,6,38,26,23,109,101,111,35,69,63,66,39,91,28,21,22,13,17,3,54,47,85,79,96,72,108,33,80,46,50,19,67,61,104,43,57,122,102,128,87,123,141,59,112,81,130,65,70,82,34,42,14,93,31,45,24,30,29,89,53,138,133,142,149,117,115,143,56,84
2,2,2,2,2,2,2,2,2,2,2,2,2,2,2,2,2,2,2,2,2,2,2,2,2,2,2,2,2,2,2,2,2,2,2,2,2,2,2,2,2,2,2,2,2,2,0,0,0,0,0,0,0,0,0,0,0,0,0,0,0,0,0,0,0,0,0,0,0,0,0,0,0,0,0,0,0,0,0,0,0,0,0,0,0,0,0,0,0,0,0,0,0,0,0,0,0,1,1,1,1,1,1,1,1,1,1,1,1,1,1,1,1,1,1,1,1,1,1,1,1,1,1,1,1,1,1,1,1,1,1,1,1,1,1,1,1,1,1,1,1,1,1,1,1,1,1,1,1,1
24;8896860786397106362;2939;133664.855
0,20,1,11,7,48,44,62,55,95,77,83,18,86,10,147,116,145,114,136,119,148,90,99,52,76,58,107,64,139,127,132,121,134,103,118,113,100,110,9,16,4,5,2,22,21,51,6,12,27,13,111,101,126,49,60,36,75,73,71,109,23,26,94,40,92,79,91,32,41,37,97,78,131,129,144,125,140,137,105,146,124,135,39,106,68,98,25,8,66,63,69,24,88,28,38,15,47,31,45,19,50,46,65,82,81,130,120,141,59,112,74,80,33,93,61,70,43,57,85,53,108,72,84,56,96,89,104,87,128,123,115,122,102,149,117,143,142,133,138,14,17,3,54,34,42,35,67,29,30
2,2,2,2,2,2,2,2,2,2,2,2,2,2,2,2,2,2,2,2,2,2,2,2,2,2,2,2,2,2,2,2,2,2,2,2,2,2,2,2,2,2,2,0,0,0,0,0,0,0,0,0,0,0,0,0,0,0,0,0,0,0,0,0,0,0,0,0,0,0,0,0,0,0,0,0,0,0,0,0,0,0,0,0,0,0,0,0,0,0,0,0,0,0,0,0,1,1,1,1,1,1,1,1,1,1,1,1,1,1,1,1,1,1,1,1,1,1,1,1,1,1,1,1,1,1,1,1,1,1,1,1,1,1,1,1,1,1,1,1,1,1,1,1,1,1,1,1,1,1
25;6737285527070588895;2910;125216.707084
0,5,1,86,15,16,4,76,74,110,9,20,7,83,77,44,48,35,95,55,62,10,107,90,99,52,113,145,114,116,148,121,147,103,134,120,136,119,137,139,127,132,115,118,59,141,46,80,33,128,87,104,89,112,31,45,12,17,3,54,47,43,85,53,108,72,122,102,149,123,143,142,133,138,117,130,81,82,65,70,84,56,96,19,50,21,57,18,30,29,67,61,93,34,42,14,22,2,6,11,8,60,49,88,32,51,26,23,27,25,28,38,24,69,64,109,40,94,68,106,101,111,39,91,79,92,71,73,63,66,37,97,78,98,13,41,36,75,58,131,129,144,125,140,105,146,124,135,100,126
2,2,2,2,2,2,2,2,2,2,2,2,2,2,2,2,2,2,2,2,2,2,2,2,2,2,2,2,2,2,2,2,2,2,2,2,2,2,2,2,2,2,2,2,1,1,1,1,1,1,1,1,1,1,1,1,1,1,1,1,1,1,1,1,1,1,1,1,1,1,1,1,1,1,1,1,1,1,1,1,1,1,1,1,1,1,1,1,1,1,1,1,1,1,1,0,0,0,0,0,0,0,0,0,0,0,0,0,0,0,0,0,0,0,0,0,0,0,0,0,0,0,0,0,0,0,0,0,0,0,0,0,0,0,0,0,0,0,0,0,0,0,0,0,0,0,0,0,0,0
26;11634350522773239934;2920;125366.691666
0,5,1,20,9,110,100,134,119,139,127,132,121,147,124,136,114,116,145,77,95,55,62,44,48,10,86,15,16,4,11,7,99,90,107,103,118,113,18,83,74,76,52,94,53,69,63,66,32,38,35,51,39,73,71,88,13,41,36,75,64,109,40,92,78,97,37,98,68,106,105,144,129,131,120,137,148,140,125,146,135,101,111,79,91,58,60,49,126,23,26,27,25,8,22,2,6,12,3,17,14,42,21,50,19,67,29,30,24,80,46,141,59,85,31,112,72,104,87,128,123,115,122,102,149,133,142,143,56,84,33,108,57,43,93,61,70,65,96,89,138,117,130,81,82,34,54,47,28,45
2,2,2,2,2,2,2,2,2,2,2,2,2,2,2,2,2,2,2,2,2,2,2,2,2,2,2,2,2,2,2,2,2,2,2,2,2,2,2,2,2,2,2,2,0,0,0,0,0,0,0,0,0,0,0,0,0,0,0,0,0,0,0,0,0,0,0,0,0,0,0,0,0,0,0,0,0,0,0,0,0,0,0,0,0,0,0,0,0,0,0,0,0,0,0,0,0,1,1,1,1,1,1,1,1,1,1,1,1,1,1,1,1,1,1,1,1,1,1,1,1,1,1,1,1,1,1,1,1,1,1,1,1,1,1,1,1,1,1,1,1,1,1,1,1,1,1,1,1,1
27;7808547232002136844;2935;128541.203459
0,5,4,11,1,20,9,16,15,86,7,48,44,145,124,147,103,118,113,116,114,136,78,107,58,76,74,83,18,94,10,77,95,55,62,52,137,139,127,132,121,148,119,134,100,110,90,99,59,85,24,45,31,41,33,93,61,128,87,122,102,149,117,130,81,112,65,96,89,57,82,73,104,72,108,71,91,56,84,70,43,54,34,47,46,50,21,80,19,67,29,30,14,138,133,142,143,115,123,141,125,144,140,105,146,101,111,79,126,120,129,135,39,98,36,75,64,109,35,97,37,42,23,27,26,38,28,25,51,32,88,49,60,40,92,53,69,63,131,68,106,8,66,3,12,2,22,13,17,6
2,2,2,2,2,2,2,2,2,2,2,2,2,2,2,2,2,2,2,2,2,2,2,2,2,2,2,2,2,2,2,2,2,2,2,2,2,2,2,2,2,2,2,2,2,2,2,2,1,1,1,1,1,1,1,1,1,1,1,1,1,1,1,1,1,1,1,1,1,1,1,1,1,1,1,1,1,1,1,1,1,1,1,1,1,1,1,1,1,1,1,1,1,1,1,1,1,1,1,1,0,0,0,0,0,0,0,0,0,0,0,0,0,0,0,0,0,0,0,0,0,0,0,0,0,0,0,0,0,0,0,0,0,0,0,0,0,0,0,0,0,0,0,0,0,0,0,0,0,0
28;3287009989320200796;2921;114400.837208
0,5,20,1,11,7,77,95,55,62,52,94,18,83,74,145,116,114,136,120,134,103,147,121,148,119,137,139,127,132,115,118,113,100,110,90,107,58,76,15,86,10,48,44,99,9,16,4,27,6,2,22,12,38,28,25,51,32,88,49,36,98,23,26,75,64,69,63,131,68,106,39,91,79,111,78,97,37,92,71,73,109,40,60,8,66,35,126,124,135,101,146,105,140,129,144,125,141,122,102,108,72,104,87,128,123,138,59,112,81,130,117,149,133,142,143,56,84,61,67,19,96,65,70,82,29,89,53,85,14,42,34,93,33,80,46,50,21,57,43,47,54,3,17,13,30,24,45,31,41
2,2,2,2,2,2,2,2,2,2,2,2,2,2,2,2,2,2,2,2,2,2,2,2,2,2,2,2,2,2,2,2,2,2,2,2,2,2,2,2,2,2,2,2,2,2,2,0,0,0,0,0,0,0,0,0,0,0,0,0,0,0,0,0,0,0,0,0,0,0,0,0,0,0,0,0,0,0,0,0,0,0,0,0,0,0,0,0,0,0,0,0,0,0,0,0,1,1,1,1,1,1,1,1,1,1,1,1,1,1,1,1,1,1,1,1,1,1,1,1,1,1,1,1,1,1,1,1,1,1,1,1,1,1,1,1,1,1,1,1,1,1,1,1,1,1,1,1,1,1
29;8484872300069380217;2924;125876.358208
0,5,4,76,74,107,103,118,78,83,18,20,1,86,15,16,9,110,77,10,94,52,99,7,48,44,62,55,95,81,147,113,134,120,136,114,116,145,137,121,132,127,139,119,148,90,126,100,140,129,144,58,91,79,111,101,109,40,92,73,39,135,124,146,105,106,21,22,8,25,27,6,60,49,88,23,26,97,37,41,32,51,35,69,64,75,36,98,68,131,63,66,3,11,2,38,28,45,31,112,65,70,43,57,80,12,42,14,17,13,30,24,85,53,108,71,142,133,149,102,130,117,143,125,141,123,128,115,122,87,104,72,138,59,82,29,89,96,56,84,61,93,33,67,19,50,46,47,34,54
2,2,2,2,2,2,2,2,2,2,2,2,2,2,2,2,2,2,2,2,2,2,2,2,2,2,2,2,2,2,2,2,2,2,2,2,2,2,2,2,2,2,2,2,2,0,0,0,0,0,0,0,0,0,0,0,0,0,0,0,0,0,0,0,0,0,0,0,0,0,0,0,0,0,0,0,0,0,0,0,0,0,0,0,0,0,0,0,0,0,0,0,0,0,0,0,1,1,1,1,1,1,1,1,1,1,1,1,1,1,1,1,1,1,1,1,1,1,1,1,1,1,1,1,1,1,1,1,1,1,1,1,1,1,1,1,1,1,1,1,1,1,1,1,1,1,1,1,1,1
30;8138020970177873692;2934;114954.453584
0,20,1,11,7,83,74,76,15,16,9,147,5,4,95,77,86,18,113,118,103,134,120,136,119,148,121,132,127,139,137,145,114,116,100,110,90,107,10,48,44,62,55,99,25,42,34,89,29,67,61,93,33,108,72,112,59,141,133,142,143,115,123,128,87,122,102,149,81,130,117,138,57,80,46,91,56,84,70,14,30,13,17,12,50,19,96,65,82,31,45,24,85,3,54,47,43,104,101,111,79,126,49,51,39,73,53,69,58,131,129,144,125,140,135,124,146,105,109,64,75,35,32,66,63,98,36,41,37,97,78,88,71,92,40,94,68,106,52,60,8,22,21,28,38,2,6,27,23,26
2,2,2,2,2,2,2,2,2,2,2,2,2,2,2,2,2,2,2,2,2,2,2,2,2,2,2,2,2,2,2,2,2,2,2,2,2,2,2,2,2,2,2,2,1,1,1,1,1,1,1,1,1,1,1,1,1,1,1,1,1,1,1,1,1,1,1,1,1,1,1,1,1,1,1,1,1,1,1,1,1,1,1,1,1,1,1,1,1,1,1,1,1,1,1,1,1,0,0,0,0,0,0,0,0,0,0,0,0,0,0,0,0,0,0,0,0,0,0,0,0,0,0,0,0,0,0,0,0,0,0,0,0,0,0,0,0,0,0,0,0,0,0,0,0,0,0,0,0,0
31;16735953543485209995;2924;134792.596875
0,5,1,20,18,83,74,76,58,107,10,86,15,16,9,110,7,48,44,77,95,56,62,55,99,52,148,121,147,103,132,127,139,119,134,120,136,114,145,116,113,118,59,138,117,149,142,133,141,46,50,19,143,115,122,102,123,128,87,104,89,53,84,47,34,54,3,17,14,42,13,30,29,67,61,93,43,57,80,65,96,79,85,24,45,31,41,33,108,72,112,70,82,81,130,125,144,129,137,101,111,92,78,88,49,126,100,135,124,146,105,140,71,109,40,131,63,66,37,97,90,98,26,23,27,25,28,38,12,4,11,8,60,36,94,68,106,39,91,73,75,64,69,35,32,51,21,22,2,6
2,2,2,2,2,2,2,2,2,2,2,2,2,2,2,2,2,2,2,2,2,2,2,2,2,2,2,2,2,2,2,2,2,2,2,2,2,2,2,2,2,2,1,1,1,1,1,1,1,1,1,1,1,1,1,1,1,1,1,1,1,1,1,1,1,1,1,1,1,1,1,1,1,1,1,1,1,1,1,1,1,1,1,1,1,1,1,1,1,1,1,1,1,1,1,0,0,0,0,0,0,0,0,0,0,0,0,0,0,0,0,0,0,0,0,0,0,0,0,0,0,0,0,0,0,0,0,0,0,0,0,0,0,0,0,0,0,0,0,0,0,0,0,0,0,0,0,0,0,0
32;957827445528146549;2915;132445.014084
0,5,4,16,15,86,1,95,19,62,55,116,114,145,74,83,78,118,113,18,20,9,110,7,77,63,137,139,127,132,121,147,103,134,120,136,119,148,90,99,44,48,10,107,58,76,52,94,79,111,101,106,105,131,129,144,125,140,146,124,135,100,126,35,69,39,66,32,73,71,88,28,60,49,98,36,75,64,109,40,92,37,97,26,23,27,25,51,21,22,8,11,2,6,38,34,42,14,50,46,80,57,91,61,104,87,128,123,141,72,96,68,84,56,108,13,30,24,85,59,138,133,142,149,102,122,115,143,117,130,81,112,65,82,29,89,53,67,3,17,12,45,31,41,33,93,70,43,47,54
2,2,2,2,2,2,2,2,2,2,2,2,2,2,2,2,2,2,2,2,2,2,2,2,2,2,2,2,2,2,2,2,2,2,2,2,2,2,2,2,2,2,2,2,2,2,2,0,0,0,0,0,0,0,0,0,0,0,0,0,0,0,0,0,0,0,0,0,0,0,0,0,0,0,0,0,0,0,0,0,0,0,0,0,0,0,0,0,0,0,0,0,0,0,0,1,1,1,1,1,1,1,1,1,1,1,1,1,1,1,1,1,1,1,1,1,1,1,1,1,1,1,1,1,1,1,1,1,1,1,1,1,1,1,1,1,1,1,1,1,1,1,1,1,1,1,1,1,1,1
33;9178821638437730898;2905;128435.663167
0,5,1,86,15,16,4,76,52,62,55,95,77,10,48,44,99,90,107,74,83,7,110,100,137,145,116,114,136,120,134,103,118,115,132,127,139,119,148,121,147,113,9,20,18,94,40,131,28,38,26,23,126,49,60,36,98,68,106,39,51,21,22,8,66,63,69,58,75,2,11,3,12,6,27,25,91,79,111,35,32,88,78,97,37,92,73,71,109,64,140,101,135,124,146,105,129,144,125,130,117,143,142,149,133,138,59,85,53,89,13,17,14,50,46,80,33,93,61,67,19,41,31,42,34,54,47,43,70,84,56,96,65,112,81,108,72,141,123,128,87,104,102,122,57,82,29,45,24,30
2,2,2,2,2,2,2,2,2,2,2,2,2,2,2,2,2,2,2,2,2,2,2,2,2,2,2,2,2,2,2,2,2,2,2,2,2,2,2,2,2,2,2,2,2,0,0,0,0,0,0,0,0,0,0,0,0,0,0,0,0,0,0,0,0,0,0,0,0,0,0,0,0,0,0,0,0,0,0,0,0,0,0,0,0,0,0,0,0,0,0,0,0,0,0,0,0,0,1,1,1,1,1,1,1,1,1,1,1,1,1,1,1,1,1,1,1,1,1,1,1,1,1,1,1,1,1,1,1,1,1,1,1,1,1,1,1,1,1,1,1,1,1,1,1,1,1,1,1,1
34;2354512119315649564;2945;131458.606167
0,5,4,16,9,110,100,107,78,83,74,76,15,86,10,94,18,20,1,11,7,48,44,62,52,99,55,145,124,132,121,147,113,118,103,134,120,136,116,139,137,119,148,77,95,59,82,81,112,31,45,12,104,87,122,102,123,115,117,130,127,149,114,128,34,89,79,85,24,30,29,54,3,67,19,50,46,47,84,70,65,96,56,143,142,133,138,53,141,72,108,71,91,57,43,93,61,80,33,41,14,22,8,17,13,88,49,60,36,98,39,106,68,92,40,109,64,69,63,131,129,144,125,140,105,146,135,101,111,90,126,26,23,42,35,38,28,25,27,21,51,32,73,97,37,66,58,75,2,6
2,2,2,2,2,2,2,2,2,2,2,2,2,2,2,2,2,2,2,2,2,2,2,2,2,2,2,2,2,2,2,2,2,2,2,2,2,2,2,2,2,2,2,2,2,1,1,1,1,1,1,1,1,1,1,1,1,1,1,1,1,1,1,1,1,1,1,1,1,1,1,1,1,1,1,1,1,1,1,1,1,1,1,1,1,1,1,1,1,1,1,1,1,1,1,1,1,1,1,1,0,0,0,0,0,0,0,0,0,0,0,0,0,0,0,0,0,0,0,0,0,0,0,0,0,0,0,0,0,0,0,0,0,0,0,0,0,0,0,0,0,0,0,0,0,0,0,0,0,0
35;10160966691791677292;2912;125333.248875
0,5,4,16,9,110,100,107,58,76,74,83,77,7,48,44,62,56,95,55,99,90,116,145,114,136,120,147,103,118,52,94,10,86,1,20,18,113,134,123,137,139,119,148,121,132,127,130,122,102,149,142,133,141,59,112,81,82,57,43,93,61,84,70,65,96,89,53,108,72,138,117,143,115,128,87,104,15,30,29,67,3,17,14,42,34,54,47,24,45,19,50,46,80,33,41,31,85,79,91,39,51,32,35,66,63,69,64,75,2,11,8,60,49,36,98,37,97,78,88,13,22,21,109,101,111,73,71,92,40,131,129,135,124,146,140,125,144,105,106,68,126,26,23,27,25,28,38,6,12
2,2,2,2,2,2,2,2,2,2,2,2,2,2,2,2,2,2,2,2,2,2,2,2,2,2,2,2,2,2,2,2,2,2,2,2,2,2,2,2,2,2,2,2,2,2,1,1,1,1,1,1,1,1,1,1,1,1,1,1,1,1,1,1,1,1,1,1,1,1,1,1,1,1,1,1,1,1,1,1,1,1,1,1,1,1,1,1,1,1,1,1,1,1,1,1,1,1,0,0,0,0,0,0,0,0,0,0,0,0,0,0,0,0,0,0,0,0,0,0,0,0,0,0,0,0,0,0,0,0,0,0,0,0,0,0,0,0,0,0,0,0,0,0,0,0,0,0,0,0
36;27474500062045820;2914;129554.76375
0,5,4,16,15,86,10,94,18,113,116,114,136,102,145,147,121,132,127,139,119,134,103,118,44,48,35,95,77,110,9,20,1,11,7,83,74,76,52,62,55,99,90,107,64,128,87,104,43,57,19,30,29,67,61,93,33,108,72,112,81,82,73,80,65,70,84,56,96,89,34,54,3,17,12,45,31,42,14,50,46,47,85,59,138,133,149,142,143,117,130,120,122,115,123,141,125,144,129,140,148,137,101,111,100,135,124,146,105,106,68,98,71,92,2,6,38,24,69,53,126,79,97,78,88,32,75,36,49,60,58,91,39,51,21,28,25,8,22,13,27,26,23,109,40,131,63,66,37,41
2,2,2,2,2,2,2,2,2,2,2,2,2,2,2,2,2,2,2,2,2,2,2,2,2,2,2,2,2,2,2,2,2,2,2,2,2,2,2,2,2,2,2,2,1,1,1,1,1,1,1,1,1,1,1,1,1,1,1,1,1,1,1,1,1,1,1,1,1,1,1,1,1,1,1,1,1,1,1,1,1,1,1,1,1,1,1,1,1,1,1,1,1,1,1,1,0,0,0,0,0,0,0,0,0,0,0,0,0,0,0,0,0,0,0,0,0,0,0,0,0,0,0,0,0,0,0,0,0,0,0,0,0,0,0,0,0,0,0,0,0,0,0,0,0,0,0,0,0,0
37;7844575079918988844;2952;126085.751833
0,5,4,76,74,83,77,94,18,113,118,52,137,100,110,9,16,15,86,1,20,7,48,44,99,90,107,103,134,121,132,127,139,119,136,114,116,145,147,10,62,55,95,59,85,53,54,34,42,14,50,19,41,33,93,63,108,72,84,56,143,115,128,87,104,89,57,43,47,46,141,123,146,140,142,133,138,117,149,102,122,120,130,81,112,31,45,24,30,29,67,61,70,82,73,80,65,96,79,111,101,106,39,91,58,69,64,75,36,129,148,105,144,125,131,68,98,37,66,32,88,49,60,17,13,27,25,28,21,51,35,38,6,12,3,11,8,22,2,92,78,97,40,109,71,135,124,126,23,26
2,2,2,2,2,2,2,2,2,2,2,2,2,2,2,2,2,2,2,2,2,2,2,2,2,2,2,2,2,2,2,2,2,2,2,2,2,2,2,2,2,2,2,1,1,1,1,1,1,1,1,1,1,1,1,1,1,1,1,1,1,1,1,1,1,1,1,1,1,1,1,1,1,1,1,1,1,1,1,1,1,1,1,1,1,1,1,1,1,1,1,1,1,1,1,1,1,1,0,0,0,0,0,0,0,0,0,0,0,0,0,0,0,0,0,0,0,0,0,0,0,0,0,0,0,0,0,0,0,0,0,0,0,0,0,0,0,0,0,0,0,0,0,0,0,0,0,0,0,0
38;15524044195614787644;2932;128072.87325
0,62,44,48,10,86,1,20,5,4,11,7,110,107,90,99,55,95,77,83,74,113,118,103,134,121,132,127,139,137,148,119,136,114,116,145,147,9,16,15,76,59,138,117,115,123,128,87,104,102,149,133,142,143,125,141,101,112,81,130,120,122,3,17,13,84,56,96,72,108,33,80,46,50,19,67,61,24,47,54,34,93,65,82,79,85,53,89,29,30,18,70,43,57,31,45,14,41,32,91,39,51,25,28,88,23,111,52,69,64,109,71,73,37,97,78,92,40,94,68,106,100,126,2,6,12,38,35,66,63,131,129,135,124,146,105,140,144,58,75,36,98,49,60,8,22,21,27,26,42
2,2,2,2,2,2,2,2,2,2,2,2,2,2,2,2,2,2,2,2,2,2,2,2,2,2,2,2,2,2,2,2,2,2,2,2,2,2,2,2,2,1,1,1,1,1,1,1,1,1,1,1,1,1,1,1,1,1,1,1,1,1,1,1,1,1,1,1,1,1,1,1,1,1,1,1,1,1,1,1,1,1,1,1,1,1,1,1,1,1,1,1,1,1,1,1,0,0,0,0,0,0,0,0,0,0,0,0,0,0,0,0,0,0,0,0,0,0,0,0,0,0,0,0,0,0,0,0,0,0,0,0,0,0,0,0,0,0,0,0,0,0,0,0,0,0,0,0,0,0
39;4980590106503615414;2963;96735.871417
0,5,20,1,86,15,16,4,99,9,110,95,55,62,44,48,10,94,63,77,7,76,74,83,78,139,127,119,134,103,147,129,136,114,145,116,148,121,132,115,118,113,52,107,90,126,100,106,21,140,125,144,58,69,35,66,26,23,42,37,97,73,71,92,40,109,64,75,88,49,60,8,11,3,12,6,27,13,22,2,28,25,38,24,131,68,98,36,41,32,51,39,135,124,146,105,137,101,111,79,96,56,91,87,104,72,141,43,70,84,61,93,65,82,29,89,53,108,57,34,47,54,33,67,19,80,46,50,14,17,45,31,85,59,112,81,130,120,122,102,128,123,138,117,143,142,133,149,18,30
2,2,2,2,2,2,2,2,2,2,2,2,2,2,2,2,2,2,2,2,2,2,2,2,2,2,2,2,2,2,2,2,2,2,2,2,2,2,2,2,2,2,2,2,0,0,0,0,0,0,0,0,0,0,0,0,0,0,0,0,0,0,0,0,0,0,0,0,0,0,0,0,0,0,0,0,0,0,0,0,0,0,0,0,0,0,0,0,0,0,0,0,0,0,0,0,0,0,0,1,1,1,1,1,1,1,1,1,1,1,1,1,1,1,1,1,1,1,1,1,1,1,1,1,1,1,1,1,1,1,1,1,1,1,1,1,1,1,1,1,1,1,1,1,1,1,1,1,1,1
40;3943098024137922559;2943;100408.363875
0,5,4,76,7,77,63,118,113,18,83,35,48,44,99,9,16,15,86,10,107,110,100,137,139,127,132,103,147,121,148,119,134,120,136,114,145,116,55,62,56,95,1,20,30,24,85,31,41,45,17,13,108,33,84,70,93,61,67,19,50,14,42,34,54,29,89,72,141,57,43,47,46,80,74,112,65,96,87,128,123,149,133,142,143,125,130,81,82,59,138,117,115,122,102,104,68,106,39,91,52,60,49,88,2,6,27,25,28,38,12,3,11,8,22,21,51,32,66,37,73,71,140,105,144,58,75,36,94,40,131,129,135,124,146,101,111,79,92,78,98,90,97,26,23,109,64,69,53,126
2,2,2,2,2,2,2,2,2,2,2,2,2,2,2,2,2,2,2,2,2,2,2,2,2,2,2,2,2,2,2,2,2,2,2,2,2,2,2,2,2,2,2,1,1,1,1,1,1,1,1,1,1,1,1,1,1,1,1,1,1,1,1,1,1,1,1,1,1,1,1,1,1,1,1,1,1,1,1,1,1,1,1,1,1,1,1,1,1,1,1,1,1,1,1,0,0,0,0,0,0,0,0,0,0,0,0,0,0,0,0,0,0,0,0,0,0,0,0,0,0,0,0,0,0,0,0,0,0,0,0,0,0,0,0,0,0,0,0,0,0,0,0,0,0,0,0,0,0,0
41;141425323448007506;2903;121488.76675
0,20,1,5,4,16,9,110,100,113,118,103,134,120,136,114,145,116,148,119,139,127,132,121,147,15,86,10,94,18,83,74,107,90,99,7,48,44,62,55,95,77,52,76,59,67,19,50,14,45,31,41,33,80,61,84,56,96,89,57,91,87,104,71,108,72,141,143,142,133,149,102,122,115,128,123,138,117,130,65,112,81,82,34,54,47,46,70,43,93,3,17,12,30,29,85,79,68,126,124,146,135,129,131,78,88,49,60,36,97,37,98,39,106,105,144,125,140,137,101,111,35,66,63,73,53,69,58,75,64,109,40,92,24,38,28,21,51,32,42,23,26,13,22,2,6,11,8,25,27
2,2,2,2,2,2,2,2,2,2,2,2,2,2,2,2,2,2,2,2,2,2,2,2,2,2,2,2,2,2,2,2,2,2,2,2,2,2,2,2,2,2,2,2,1,1,1,1,1,1,1,1,1,1,1,1,1,1,1,1,1,1,1,1,1,1,1,1,1,1,1,1,1,1,1,1,1,1,1,1,1,1,1,1,1,1,1,1,1,1,1,1,1,1,1,1,0,0,0,0,0,0,0,0,0,0,0,0,0,0,0,0,0,0,0,0,0,0,0,0,0,0,0,0,0,0,0,0,0,0,0,0,0,0,0,0,0,0,0,0,0,0,0,0,0,0,0,0,0,0
42;16001952662412044218;2924;122744.210083
0,5,4,11,1,20,18,94,10,86,15,16,9,99,55,62,44,48,7,83,74,76,59,95,77,52,107,110,100,132,121,147,113,118,103,134,119,127,139,137,145,116,114,136,105,148,90,98,68,106,23,42,37,66,63,69,58,91,39,51,32,73,71,88,49,60,8,22,13,41,36,75,64,109,101,111,35,126,124,135,146,140,125,144,129,131,40,92,78,97,26,38,28,25,27,6,2,12,3,17,14,50,21,80,33,93,34,54,19,96,65,112,31,45,24,85,79,82,81,130,117,115,143,142,133,138,72,108,53,89,104,87,122,120,149,102,128,123,141,57,43,47,46,70,84,56,61,67,29,30
2,2,2,2,2,2,2,2,2,2,2,2,2,2,2,2,2,2,2,2,2,2,2,2,2,2,2,2,2,2,2,2,2,2,2,2,2,2,2,2,2,2,2,2,2,2,0,0,0,0,0,0,0,0,0,0,0,0,0,0,0,0,0,0,0,0,0,0,0,0,0,0,0,0,0,0,0,0,0,0,0,0,0,0,0,0,0,0,0,0,0,0,0,0,0,0,0,0,1,1,1,1,1,1,1,1,1,1,1,1,1,1,1,1,1,1,1,1,1,1,1,1,1,1,1,1,1,1,1,1,1,1,1,1,1,1,1,1,1,1,1,1,1,1,1,1,1,1,1,1
43;6069959457317431616;2931;50156.653834
0,5,4,16,15,86,1,20,9,138,121,148,119,139,127,132,115,118,103,134,120,136,114,145,116,147,113,18,94,10,48,44,99,52,62,55,95,77,83,7,110,90,107,74,76,59,141,123,128,87,104,71,108,72,122,102,149,133,142,143,117,81,112,31,45,12,17,14,42,21,80,33,84,56,91,46,50,19,96,89,53,85,24,30,29,67,61,93,34,54,47,43,57,82,70,65,130,125,144,129,131,68,106,63,66,39,51,32,35,73,111,79,92,40,109,58,69,64,100,137,101,140,105,146,135,124,126,23,88,78,97,37,98,49,60,8,11,3,22,13,41,36,75,2,6,27,25,28,38,26
2,2,2,2,2,2,2,2,2,2,2,2,2,2,2,2,2,2,2,2,2,2,2,2,2,2,2,2,2,2,2,2,2,2,2,2,2,2,2,2,2,2,2,2,2,1,1,1,1,1,1,1,1,1,1,1,1,1,1,1,1,1,1,1,1,1,1,1,1,1,1,1,1,1,1,1,1,1,1,1,1,1,1,1,1,1,1,1,1,1,1,1,1,1,1,1,1,0,0,0,0,0,0,0,0,0,0,0,0,0,0,0,0,0,0,0,0,0,0,0,0,0,0,0,0,0,0,0,0,0,0,0,0,0,0,0,0,0,0,0,0,0,0,0,0,0,0,0,0,0
44;2033442876187297925;2939;96650.207666
0,5,11,7,48,44,62,55,95,81,86,10,94,18,83,77,1,20,9,16,4,76,52,99,90,107,110,100,132,127,139,116,145,114,136,120,134,113,148,121,147,103,118,59,141,72,108,33,93,74,80,46,50,19,67,61,70,43,57,91,71,104,87,128,123,115,143,117,122,102,149,142,133,138,53,85,3,54,47,112,65,96,56,84,13,30,17,12,45,31,82,29,89,34,42,14,26,23,137,101,111,79,92,78,97,49,60,40,109,64,69,35,126,119,135,124,146,105,130,125,140,144,129,131,63,106,68,98,39,73,37,41,36,75,58,66,8,22,21,28,25,51,32,88,24,38,15,27,2,6
2,2,2,2,2,2,2,2,2,2,2,2,2,2,2,2,2,2,2,2,2,2,2,2,2,2,2,2,2,2,2,2,2,2,2,2,2,2,2,2,2,2,2,1,1,1,1,1,1,1,1,1,1,1,1,1,1,1,1,1,1,1,1,1,1,1,1,1,1,1,1,1,1,1,1,1,1,1,1,1,1,1,1,1,1,1,1,1,1,1,1,1,1,1,1,0,0,0,0,0,0,0,0,0,0,0,0,0,0,0,0,0,0,0,0,0,0,0,0,0,0,0,0,0,0,0,0,0,0,0,0,0,0,0,0,0,0,0,0,0,0,0,0,0,0,0,0,0,0,0
45;7223543130371895193;2947;108595.2335
0,30,13,17,3,54,34,128,87,122,102,123,115,117,143,142,133,149,127,130,81,108,72,96,79,85,31,41,33,80,57,82,29,112,65,93,61,67,19,50,46,47,43,104,89,24,45,12,42,14,84,70,59,141,125,144,129,131,63,66,37,97,36,75,58,91,39,73,71,88,23,26,27,6,38,25,28,21,22,2,11,8,60,49,51,32,35,69,53,126,68,106,101,111,78,92,40,109,100,135,146,105,140,90,110,9,16,4,76,74,98,44,62,56,99,55,145,116,139,137,148,119,134,120,136,114,132,121,138,124,147,103,118,113,52,94,18,86,15,48,10,107,64,95,77,83,7,20,1,5
1,1,1,1,1,1,1,1,1,1,1,1,1,1,1,1,1,1,1,1,1,1,1,1,1,1,1,1,1,1,1,1,1,1,1,1,1,1,1,1,1,1,1,1,1,1,1,1,1,1,1,1,1,1,0,0,0,0,0,0,0,0,0,0,0,0,0,0,0,0,0,0,0,0,0,0,0,0,0,0,0,0,0,0,0,0,0,0,0,0,0,0,0,0,0,0,0,0,0,0,0,0,0,2,2,2,2,2,2,2,2,2,2,2,2,2,2,2,2,2,2,2,2,2,2,2,2,2,2,2,2,2,2,2,2,2,2,2,2,2,2,2,2,2,2,2,2,2,2,2
46;4350234967155519396;2933;119078.572125
0,45,29,54,34,82,59,112,72,108,53,85,43,99,87,104,89,57,130,117,143,142,133,141,123,149,102,122,115,128,61,93,70,84,56,96,65,80,46,47,67,19,50,31,41,33,42,14,17,13,30,24,38,6,12,3,66,63,69,64,75,71,73,37,92,40,109,101,111,79,126,35,91,39,106,105,146,135,129,144,140,125,131,68,98,36,60,8,11,2,22,21,27,26,23,25,28,51,32,88,49,97,90,132,121,138,124,147,127,139,119,148,137,116,114,145,10,86,15,16,9,110,100,81,95,55,62,44,48,7,77,74,76,58,107,78,83,18,94,52,113,118,103,134,120,136,4,5,1,20
1,1,1,1,1,1,1,1,1,1,1,1,1,1,1,1,1,1,1,1,1,1,1,1,1,1,1,1,1,1,1,1,1,1,1,1,1,1,1,1,1,1,1,1,1,1,1,1,1,1,1,0,0,0,0,0,0,0,0,0,0,0,0,0,0,0,0,0,0,0,0,0,0,0,0,0,0,0,0,0,0,0,0,0,0,0,0,0,0,0,0,0,0,0,0,0,0,0,0,0,0,0,2,2,2,2,2,2,2,2,2,2,2,2,2,2,2,2,2,2,2,2,2,2,2,2,2,2,2,2,2,2,2,2,2,2,2,2,2,2,2,2,2,2,2,2,2,2,2,2
47;10524526614539617298;2909;121965.828583
0,5,4,11,7,48,44,62,55,95,77,52,99,90,110,100,134,119,148,137,139,127,132,121,147,120,136,114,145,116,103,118,58,107,78,83,74,113,18,94,10,86,1,20,9,16,15,76,59,85,31,112,81,108,57,80,73,82,65,130,125,141,123,128,87,122,102,149,133,142,143,115,117,138,72,104,89,29,67,33,93,61,84,56,96,19,70,43,54,34,47,46,50,12,45,24,30,13,17,14,22,21,27,6,2,88,3,91,39,106,68,131,129,144,105,140,71,109,40,75,64,126,23,26,51,35,32,41,36,98,49,60,8,66,63,69,53,92,79,111,101,146,124,135,25,38,28,97,37,42
2,2,2,2,2,2,2,2,2,2,2,2,2,2,2,2,2,2,2,2,2,2,2,2,2,2,2,2,2,2,2,2,2,2,2,2,2,2,2,2,2,2,2,2,2,2,2,2,1,1,1,1,1,1,1,1,1,1,1,1,1,1,1,1,1,1,1,1,1,1,1,1,1,1,1,1,1,1,1,1,1,1,1,1,1,1,1,1,1,1,1,1,1,1,1,1,1,1,1,0,0,0,0,0,0,0,0,0,0,0,0,0,0,0,0,0,0,0,0,0,0,0,0,0,0,0,0,0,0,0,0,0,0,0,0,0,0,0,0,0,0,0,0,0,0,0,0,0,0,0
48;3004527168784687515;2907;118615.72775
0,14,45,31,41,19,50,46,70,65,130,117,143,142,149,133,138,72,84,56,61,93,43,57,67,29,82,59,141,123,128,115,122,102,104,87,96,89,53,85,3,17,12,80,33,108,81,112,47,54,34,42,13,30,24,38,28,25,51,21,22,6,27,26,23,135,124,126,49,60,8,11,2,88,32,35,111,101,146,105,140,125,144,129,131,79,91,39,106,68,94,37,97,73,71,92,40,109,64,69,63,66,58,75,36,98,90,99,52,113,118,103,147,121,148,116,114,145,119,134,120,136,78,139,127,132,100,137,4,16,9,110,107,74,76,15,86,10,48,44,62,55,95,77,7,83,18,20,1,5
1,1,1,1,1,1,1,1,1,1,1,1,1,1,1,1,1,1,1,1,1,1,1,1,1,1,1,1,1,1,1,1,1,1,1,1,1,1,1,1,1,1,1,1,1,1,1,1,1,1,1,1,1,1,0,0,0,0,0,0,0,0,0,0,0,0,0,0,0,0,0,0,0,0,0,0,0,0,0,0,0,0,0,0,0,0,0,0,0,0,0,0,0,0,0,0,0,0,0,0,0,0,0,0,0,0,2,2,2,2,2,2,2,2,2,2,2,2,2,2,2,2,2,2,2,2,2,2,2,2,2,2,2,2,2,2,2,2,2,2,2,2,2,2,2,2,2,2,2,2
49;3975454624479931874;2922;78577.493833
0,5,20,1,110,100,137,139,119,148,121,147,124,132,115,118,103,134,120,136,114,145,116,90,99,9,16,15,86,10,48,44,62,55,95,59,76,58,107,74,83,7,77,52,113,18,94,53,73,97,37,41,36,75,64,69,63,66,32,51,39,106,105,140,125,144,129,131,68,98,78,88,23,26,4,11,2,22,21,27,6,38,35,126,92,40,109,28,25,8,60,49,135,146,101,111,79,85,43,70,65,91,12,45,24,67,31,112,81,130,127,142,143,123,128,87,104,71,108,13,17,3,54,47,46,50,19,122,102,149,117,138,133,141,72,96,56,84,61,93,33,80,57,89,29,82,34,42,14,30
2,2,2,2,2,2,2,2,2,2,2,2,2,2,2,2,2,2,2,2,2,2,2,2,2,2,2,2,2,2,2,2,2,2,2,2,2,2,2,2,2,2,2,2,2,2,2,0,0,0,0,0,0,0,0,0,0,0,0,0,0,0,0,0,0,0,0,0,0,0,0,0,0,0,0,0,0,0,0,0,0,0,0,0,0,0,0,0,0,0,0,0,0,0,0,0,1,1,1,1,1,1,1,1,1,1,1,1,1,1,1,1,1,1,1,1,1,1,1,1,1,1,1,1,1,1,1,1,1,1,1,1,1,1,1,1,1,1,1,1,1,1,1,1,1,1,1,1,1,1
50;1666912681748276242;2951;69621.345375
0,5,1,20,9,16,4,76,52,62,44,48,7,83,78,107,113,116,145,114,136,124,147,120,134,119,139,127,148,121,132,115,118,103,110,90,99,55,95,77,10,86,18,94,36,98,68,131,58,75,64,69,24,88,23,26,27,13,22,21,109,40,92,2,6,11,8,60,49,126,35,42,32,51,39,66,37,97,73,15,38,28,25,137,140,105,144,129,135,146,101,111,72,100,106,59,85,79,84,53,67,19,50,46,91,56,96,65,80,74,112,81,82,70,43,57,89,104,71,108,33,128,87,122,102,149,142,133,138,117,143,123,141,125,130,63,93,61,3,17,12,45,29,54,34,47,31,41,14,30
2,2,2,2,2,2,2,2,2,2,2,2,2,2,2,2,2,2,2,2,2,2,2,2,2,2,2,2,2,2,2,2,2,2,2,2,2,2,2,2,2,2,2,0,0,0,0,0,0,0,0,0,0,0,0,0,0,0,0,0,0,0,0,0,0,0,0,0,0,0,0,0,0,0,0,0,0,0,0,0,0,0,0,0,0,0,0,0,0,0,0,0,0,0,0,1,1,1,1,1,1,1,1,1,1,1,1,1,1,1,1,1,1,1,1,1,1,1,1,1,1,1,1,1,1,1,1,1,1,1,1,1,1,1,1,1,1,1,1,1,1,1,1,1,1,1,1,1,1,1
best;141425323448007506;2903;121488.76675
0,20,1,5,4,16,9,110,100,113,118,103,134,120,136,114,145,116,148,119,139,127,132,121,147,15,86,10,94,18,83,74,107,90,99,7,48,44,62,55,95,77,52,76,59,67,19,50,14,45,31,41,33,80,61,84,56,96,89,57,91,87,104,71,108,72,141,143,142,133,149,102,122,115,128,123,138,117,130,65,112,81,82,34,54,47,46,70,43,93,3,17,12,30,29,85,79,68,126,124,146,135,129,131,78,88,49,60,36,97,37,98,39,106,105,144,125,140,137,101,111,35,66,63,73,53,69,58,75,64,109,40,92,24,38,28,21,51,32,42,23,26,13,22,2,6,11,8,25,27
2,2,2,2,2,2,2,2,2,2,2,2,2,2,2,2,2,2,2,2,2,2,2,2,2,2,2,2,2,2,2,2,2,2,2,2,2,2,2,2,2,2,2,2,1,1,1,1,1,1,1,1,1,1,1,1,1,1,1,1,1,1,1,1,1,1,1,1,1,1,1,1,1,1,1,1,1,1,1,1,1,1,1,1,1,1,1,1,1,1,1,1,1,1,1,1,0,0,0,0,0,0,0,0,0,0,0,0,0,0,0,0,0,0,0,0,0,0,0,0,0,0,0,0,0,0,0,0,0,0,0,0,0,0,0,0,0,0,0,0,0,0,0,0,0,0,0,0,0,0
